Ranking,Artist,Song,Genres,Year
1,Bob Dylan,Like a Rolling Stone,"Folk Rock, Singer/Songwriter",1965
2,Nirvana,Smells Like Teen Spirit,Grunge,1991
3,The Beatles,A Day in the Life,"Art Rock, Progressive Pop, Psychedelic Pop",1967
4,The Beach Boys,Good Vibrations,"Baroque Pop, Progressive Pop, Psychedelic Pop, Sunshine Pop",1966
5,Chuck Berry,Johnny B. Goode,Rock & Roll,1958
6,Aretha Franklin,Respect,Southern Soul,1967
7,The Ronettes,Be My Baby,"Brill Building, Girl Group",1963
8,Marvin Gaye,What's Going On,Soul,1971
9,Marvin Gaye,I Heard It Through the Grapevine,Motown Sound,1968
10,The Rolling Stones,(I Can't Get No) Satisfaction,"Garage Rock, Mod",1965
11,Michael Jackson,Billie Jean,"Contemporary R&B, Pop",1982
12,Elvis Presley,Heartbreak Hotel,Rockabilly,1956
13,Bruce Springsteen,Born to Run,"Heartland Rock, Pop Rock",1975
14,The Who,My Generation,"Mod, Proto-Punk",1965
15,Joy Division,Love Will Tear Us Apart,Post-Punk,1980
16,The Beach Boys,God Only Knows,"Art Pop, Baroque Pop, Progressive Pop, Sunshine Pop",1966
17,Otis Redding,(Sittin' On) The Dock of the Bay,Southern Soul,1968
18,OutKast,Hey Ya!,Pop Soul,2003
19,Sex Pistols,Anarchy in the U.K.,Punk Rock,1976
20,M.I.A.,Paper Planes,"Political Hip Hop, Pop Rap, UK Hip Hop",2007
21,The Clash,London Calling,Punk Rock,1979
22,The Rolling Stones,Sympathy for the Devil,Blues Rock,1968
23,The Beatles,Strawberry Fields Forever,"Progressive Pop, Psychedelic Pop",1967
24,Little Richard,Tutti Frutti,Rock & Roll,1955
25,Led Zeppelin,Stairway to Heaven,"Folk Rock, Hard Rock, Progressive Rock",1971
26,Grandmaster Flash and The Furious Five,The Message,"Conscious Hip Hop, East Coast Hip Hop",1982
27,Ray Charles,What'd I Say,Rhythm & Blues,1959
28,John Lennon,Imagine,"Pop, Singer/Songwriter",1971
29,Sam Cooke,A Change Is Gonna Come,Deep Soul,1964
30,David Bowie,"""Heroes""",Art Rock,1977
31,Prince and The Revolution,When Doves Cry,"Film Soundtrack, Pop Rock, Synthpop",1984
32,Stevie Wonder,Superstition,"Funk, Soul",1972
33,Pulp,Common People,Britpop,1995
34,The Rolling Stones,Gimme Shelter,Blues Rock,1969
35,Billie Holiday,Strange Fruit,Vocal Jazz,1939
36,The Kinks,You Really Got Me,"Garage Rock, Mod, Proto-Punk",1964
37,Beyoncï¿½ feat. Jay-Z,Crazy in Love,"Contemporary R&B, Dance-Pop",2003
38,The White Stripes,Seven Nation Army,"Alternative Rock, Blues Rock, Garage Rock Revival",2003
39,R.E.M.,Losing My Religion,Jangle Pop,1991
40,Sex Pistols,God Save the Queen,Punk Rock,1977
41,Queen,Bohemian Rhapsody,"Art Rock, Rock Opera",1975
42,New Order,Blue Monday,"Alternative Dance, Synthpop",1983
43,The Jimi Hendrix Experience,Purple Haze,"Acid Rock, Hard Rock",1967
44,The Kingsmen,Louie Louie,"Garage Rock, Proto-Punk, Rhythm & Blues",1963
45,The Jackson 5,I Want You Back,"Bubblegum, Motown Sound",1969
46,Gnarls Barkley,Crazy,Neo-Soul,2006
47,The Righteous Brothers,You've Lost That Lovin' Feelin',"Blue Eyed Soul, Brill Building",1964
48,The Beatles,Hey Jude,Piano Rock,1968
49,The Kinks,Waterloo Sunset,Pop Rock,1967
50,Franz Ferdinand,Take Me Out,Post-Punk Revival,2004
51,Missy Elliott,Get Ur Freak On,Pop Rap,2001
52,The Crickets,That'll Be the Day,Rockabilly,1957
53,The Doors,Light My Fire,Psychedelic Rock,1967
54,Donna Summer,I Feel Love,Hi-NRG,1977
55,The Smiths,There Is a Light That Never Goes Out,"Indie Pop, Jangle Pop",1986
56,David Bowie,Space Oddity,"Art Pop, Progressive Pop, Psychedelic Pop",1969
57,Ben E. King,Stand by Me,Pop Soul,1961
58,The Byrds,Mr. Tambourine Man,"Folk Rock, Pop Rock",1965
59,The Verve,Bitter Sweet Symphony,"Britpop, Chamber Pop",1997
60,Bill Haley and His Comets,(We're Gonna) Rock Around the Clock,Rock & Roll,1954
61,Derek and The Dominos,Layla,Blues Rock,1970
62,Ike and Tina Turner,River Deep - Mountain High,"Brill Building, Pop Soul",1966
63,Massive Attack,Unfinished Sympathy,Trip Hop,1991
64,Beck,Loser,"Abstract Hip Hop, Alternative Rock",1993
65,Public Enemy,Fight the Power,"East Coast Hip Hop, Hardcore Hip Hop, Political Hip Hop",1989
66,Talking Heads,Once in a Lifetime,"New Wave, Post-Punk",1980
67,Radiohead,Paranoid Android,"Alternative Rock, Art Rock",1997
68,Led Zeppelin,Whole Lotta Love,"Blues Rock, Hard Rock",1969
69,Kendrick Lamar,Alrightï¿½,"Conscious Hip Hop, West Coast Hip Hop",2015
70,The Animals,The House of the Rising Sun,British Rhythm & Blues,1964
71,Lou Reed,Walk on the Wild Side,"Art Rock, Glam Rock, Jazz Pop",1972
72,Eagles,Hotel California,"Country Rock, Pop Rock",1976
73,Jay-Z,99 Problems,"East Coast Hip Hop, Rap Rock",2003
74,Robyn,Dancing on My Own,"Dance-Pop, Electropop, Synthpop",2010
75,Beyoncï¿½,Formation,Pop Rap,2016
76,Al Green,Let's Stay Together,Southern Soul,1971
77,The Rolling Stones,Jumpin' Jack Flash,Rock,1968
78,LCD Soundsystem,All My Friends,Alternative Dance,2007
79,The Mamas and the Papas,California Dreamin',Sunshine Pop,1965
80,Ramones,Blitzkrieg Bop,Punk Rock,1976
81,Martha and The Vandellas,Dancing in the Street,"Girl Group, Motown Sound",1964
82,Elvis Presley,Hound Dog,Rockabilly,1956
83,Grimes,Oblivion,Synthpop,2012
84,The Beatles,I Want to Hold Your Hand,Merseybeat,1963
85,The Jimi Hendrix Experience,All Along the Watchtower,"Acid Rock, Blues Rock",1968
86,Sinéad O'Connor,Nothing Compares 2 U,Adult Contemporary,1990
87,The Smiths,How Soon Is Now?,"Indie Rock, Post-Punk",1984
88,Guns N' Roses,Sweet Child O' Mine,Hard Rock,1987
89,Buffalo Springfield,For What It's Worth,Folk Rock,1966
90,The Band,The Weight,"Country Rock, Roots Rock",1968
91,Kanye West feat. Pusha T,Runaway,"Art Pop, Pop Rap",2010
92,The Specials,Ghost Town,2 Tone,1981
93,Lorde,Royals,Electropop,2013
94,Daft Punk feat. Pharrell Williams,Get Lucky,Nu-Disco,2013
95,Elvis Presley,Suspicious Minds,"Blue Eyed Soul, Pop Rock",1969
96,David Bowie,Life on Mars?,"Art Rock, Glam Rock, Piano Rock",1971
97,Four Tops,Reach Out I'll Be There,Motown Sound,1966
98,Elvis Presley,That's All Right,Rockabilly,1954
99,James Brown,Get Up (I Feel Like Being a) Sex Machine,Funk,1970
100,Oasis,Wonderwall,Britpop,1995
101,The Velvet Underground,Heroin,"Art Rock, Experimental Rock",1967
102,Jerry Lee Lewis,Whole Lotta Shakin' Goin' On,Rock & Roll,1957
103,Bruce Springsteen,Thunder Road,"Heartland Rock, Piano Rock, Singer/Songwriter",1975
104,U2,One,Pop Rock,1991
105,The Velvet Underground,I'm Waiting for the Man,"Garage Rock, Proto-Punk",1967
106,Smokey Robinson and The Miracles,The Tracks of My Tears,Motown Sound,1965
107,The Beatles,Yesterday,"Baroque Pop, Folk Pop",1965
108,ABBA,Dancing Queen,"Euro-Disco, Europop",1976
109,Eddie Cochran,Summertime Blues,Rockabilly,1958
110,The Smiths,This Charming Man,"Indie Pop, Jangle Pop",1983
111,Carl Perkins,Blue Suede Shoes,Rockabilly,1956
112,Chic,Good Times,Disco,1979
113,Frank Ocean,Pyramids,"Alternative R&B, Electropop",2012
114,The Temptations,My Girl,Motown Sound,1964
115,The Rolling Stones,"Paint It, Black","Mod, Psychedelic Rock",1966
116,Lana Del Rey,Video Games,Chamber Pop,2011
117,Amy Winehouse,Rehab,"Neo-Soul, Pop Soul",2006
118,The Sugarhill Gang,Rapper's Delight,"Disco Rap, East Coast Hip Hop",1979
119,Simon and Garfunkel,The Sound of Silence,"Folk Pop, Folk Rock, Singer/Songwriter",1965
120,Creedence Clearwater Revival,Fortunate Son,Swamp Rock,1969
121,James Brown,Papa's Got a Brand New Bag,"Funk, Soul",1965
122,Simon and Garfunkel,Bridge Over Troubled Water,"Pop, Singer/Songwriter",1970
123,Bob Marley and The Wailers,No Woman No Cry,Reggae,1975
124,Creedence Clearwater Revival,Proud Mary,"Country Rock, Swamp Rock",1969
125,The Police,Every Breath You Take,"New Wave, Pop Rock",1983
126,Chuck Berry,Maybellene,Rock & Roll,1955
127,Procol Harum,A Whiter Shade of Pale,"Baroque Pop, Blue Eyed Soul, Psychedelic Pop",1967
128,M83,Midnight City,"Synthpop, Synthwave",2011
129,LCD Soundsystem,Losing My Edge,"Dance-Punk, Indietronica",2002
130,Hank Williams,I'm So Lonesome I Could Cry,Traditional Country,1949
131,The Byrds,Eight Miles High,Psychedelic Rock,1966
132,Underworld,Born Slippy .NUXX,"Hard Trance, Tech Trance",1995
133,Jerry Lee Lewis,Great Balls of Fire,Rockabilly,1957
134,Booker T. & The MG's,Green Onions,Rhythm & Blues,1962
135,Yeah Yeah Yeahs,Maps,Indie Rock,2003
136,Rihanna feat. Jay-Z,Umbrella,"Contemporary R&B, Pop",2007
137,The Beatles,She Loves You,Merseybeat,1963
138,Bee Gees,Stayin' Alive,"Disco, Film Soundtrack",1977
139,Bob Dylan,Tangled Up in Blue,"Folk Rock, Singer/Songwriter",1975
140,Rod Stewart,Maggie May,"Folk Rock, Pop Rock",1971
141,The Shirelles,Will You Love Me Tomorrow,"Brill Building, Girl Group, Pop Soul",1960
142,Future Islands,Seasons (Waiting on You),"Indietronica, Synthpop",2014
143,Radiohead,Creep,Alternative Rock,1992
144,Gene Vincent and His Blue Caps,Be-Bop-a-Lula,Rockabilly,1956
145,Black Sabbath,Paranoid,"Hard Rock, Heavy Metal",1970
146,Blondie,Heart of Glass,"Disco, New Wave",1978
147,Led Zeppelin,Kashmir,"Hard Rock, Symphonic Rock",1975
148,Run-D.M.C.,Walk This Way,"East Coast Hip Hop, Rap Rock",1986
149,Madonna,Like a Prayer,Art Pop,1989
150,Television,Marquee Moon,"Art Punk, Art Rock, Post-Punk",1977
151,Drake,Hotline Blingï¿½,Contemporary R&B,2015
152,Oasis,Live Forever,Britpop,1994
153,MGMT,Time to Pretend,"Indietronica, Neo-Psychedelia, Synthpop",2007
154,Percy Sledge,When a Man Loves a Woman,Deep Soul,1966
155,The Rolling Stones,Brown Sugar,Blues Rock,1971
156,Judy Garland,Over the Rainbow,"Film Soundtrack, Traditional Pop",1939
157,The Beatles,Tomorrow Never Knows,"Art Rock, Experimental Rock, Psychedelic Rock",1966
158,Woody Guthrie,"This Land Is Your Land [first released as ""This Land Is My Land""]",Contemporary Folk,1951
159,Roy Orbison,"Oh, Pretty Woman","Pop Rock, Rock & Roll",1964
160,Elvis Presley,Jailhouse Rock,Rock & Roll,1957
161,Jay-Z feat. Alicia Keys,Empire State of Mind,"East Coast Hip Hop, Pop Rap",2009
162,Arctic Monkeys,I Bet You Look Good on the Dancefloor,"Garage Rock Revival, Indie Rock",2005
163,Madonna,Like a Virgin,Synthpop,1984
164,Madonna,Into the Groove,"Freestyle, Synthpop",1985
165,Tame Impala,Let It Happen,"Indietronica, Psychedelic Pop, Synthpop",2015
166,Solange,Cranes in the Sky,Neo-Soul,2016
167,Blur,Song 2,Alternative Rock,1997
168,Prince and The Revolution,Purple Rain,"Pop Rock, Psychedelic Soul",1984
169,Kate Bush,Wuthering Heights,Art Pop,1978
170,Bruce Springsteen,Born in the U.S.A.,"Heartland Rock, Pop Rock",1984
171,MGMT,Kids,"Electropop, Indietronica, Synthpop",2007
172,Dr. Dre feat. Snoop Doggy Dogg,Nuthin' But a 'G' Thang,"G-Funk, Gangsta Rap, West Coast Hip Hop",1992
173,Buddy Holly,Peggy Sue,Rockabilly,1957
174,Jefferson Airplane,White Rabbit,Psychedelic Rock,1967
175,Prince and The Revolution,Kiss,"Contemporary R&B, Film Soundtrack, Synth Funk",1986
176,U2,Sunday Bloody Sunday,"Alternative Rock, Post-Punk",1983
177,Talking Heads,Psycho Killer,"New Wave, Post-Punk",1977
178,Soft Cell,Tainted Love,"New Wave, Synthpop",1981
179,Prince and The Revolution,Little Red Corvette,"Contemporary R&B, Pop Rock",1982
180,Sly and the Family Stone,Family Affair,"Funk, Psychedelic Soul",1971
181,Kylie Minogue,Can't Get You Out of My Head,"Dance-Pop, Electropop",2001
182,The Rolling Stones,Honky Tonk Women,Blues Rock,1969
183,Mitski,Your Best American Girl,"Indie Rock, Noise Pop",2016
184,Kraftwerk,Autobahn,Progressive Electronic,1974
185,Animal Collective,My Girls,"Neo-Psychedelia, Psychedelic Pop",2009
186,The Beatles,Eleanor Rigby,Baroque Pop,1966
187,T. Rex,Get It On [Bang a Gong (Get It On)],Glam Rock,1971
188,The La's,There She Goes,Jangle Pop,1990
189,The Beatles,Help!,Pop Rock,1965
190,The Rapture,House of Jealous Lovers,"Dance-Punk, Post-Punk Revival",2002
191,The Strokes,Last Nite,"Garage Rock Revival, Indie Rock",2001
192,Chic,Le Freak,Disco,1978
193,The Who,Won't Get Fooled Again,Hard Rock,1971
194,The Beatles,In My Life,Pop Rock,1965
195,Johnny Cash,Hurt,"Americana, Contemporary Folk",2002
196,OutKast,Ms. Jackson,Southern Hip Hop,2000
197,Dionne Warwick,Walk On By,Pop Soul,1964
198,Johnny Cash,Folsom Prison Blues,Country,1955
199,Prince,Sign 'O' the Times,"Contemporary R&B, Funk",1987
200,Billie Eilish,Bad Guy,"Dance-Pop, Electropop",2019
201,The Undertones,Teenage Kicks,Pop Punk,1978
202,Childish Gambino,This Is America,"Political Hip Hop, Trap, West Coast Hip Hop",2018
203,Bob Dylan,Blowin' in the Wind,"Contemporary Folk, Singer/Songwriter",1963
204,Johnny Cash,I Walk the Line,"Country, Rockabilly",1956
205,Van Morrison,Brown Eyed Girl,"Blue Eyed Soul, Pop Rock",1967
206,Fats Domino,Blueberry Hill,New Orleans R&B,1956
207,Afrika Bambaataa & The Soulsonic Force,Planet Rock,"East Coast Hip Hop, Electro",1982
208,Patsy Cline,Crazy,Nashville Sound,1961
209,Bo Diddley,Bo Diddley,"Rhythm & Blues, Rock & Roll",1955
210,Bob Dylan,Subterranean Homesick Blues,"Folk Rock, Singer/Songwriter",1965
211,The Killers,Mr. Brightside,"Pop Rock, Post-Punk Revival",2003
212,The Impressions,People Get Ready,Chicago Soul,1965
213,Roxy Music,Virginia Plain,"Art Rock, Glam Rock",1972
214,Del Shannon,Runaway,"Pop Rock, Rock & Roll",1961
215,The Who,Baba O'Riley,Hard Rock,1971
216,Fleetwood Mac,Go Your Own Way,Pop Rock,1976
217,FKA twigs,Two Weeks,"Alternative R&B, Art Pop, Electronic",2014
218,The Clash,(White Man) In Hammersmith Palais,Punk Rock,1978
219,Blue Öyster Cult,(Don't Fear) The Reaper,Hard Rock,1976
220,The Beatles,Penny Lane,Baroque Pop,1967
221,Deep Purple,Smoke on the Water,"Blues Rock, Hard Rock",1972
222,Britney Spears,Toxic,Dance-Pop,2003
223,Jonathan Richman & The Modern Lovers,Roadrunner,"Garage Rock, Proto-Punk",1975
224,The Human League,Don't You Want Me,Synthpop,1981
225,M.I.A.,Bad Girls,"Pop Rap, UK Hip Hop",2012
226,David Bowie,Changes,"Glam Rock, Pop Rock",1971
227,Michael Jackson,Don't Stop 'Til You Get Enough,Disco,1979
228,The Beatles,Let It Be,Piano Rock,1970
229,Elvis Presley,Don't Be Cruel,Rockabilly,1956
230,The Temptations,Papa Was a Rollin' Stone,Psychedelic Soul,1972
231,Adele,Rolling in the Deep,"Blue Eyed Soul, Pop Soul",2010
232,Stevie Wonder,Living for the City,"Funk, Soul",1973
233,Them,Gloria,"British Rhythm & Blues, Garage Rock",1964
234,Otis Redding,Try a Little Tenderness,Deep Soul,1966
235,The Stooges,I Wanna Be Your Dog,"Garage Rock, Hard Rock, Proto-Punk",1969
236,The Smashing Pumpkins,1979,Alternative Rock,1995
237,"Stan Getz, João Gilberto and Astrud Gilberto",The Girl from Ipanema,Samba-Jazz,1964
238,Sam Cooke,You Send Me,Soul,1957
239,The Troggs,Wild Thing,Garage Rock,1966
240,David Bowie,Ziggy Stardust,Glam Rock,1972
241,Wilson Pickett,In the Midnight Hour,Southern Soul,1965
242,Glen Campbell,Wichita Lineman,Nashville Sound,1968
243,James Brown,I Got You (I Feel Good),"Rhythm & Blues, Soul",1965
244,Radiohead,Idioteque,IDM,2000
245,Cream,Sunshine of Your Love,"Blues Rock, Hard Rock, Psychedelic Rock",1967
246,Iggy and The Stooges,Search and Destroy,"Garage Rock, Hard Rock, Proto-Punk",1973
247,The Beatles,While My Guitar Gently Weeps,Blues Rock,1968
248,Buzzcocks,Ever Fallen in Love (With Someone You Shouldn't've?),Pop Punk,1978
249,Bob Dylan,The Times They Are A-Changin',"Contemporary Folk, Singer/Songwriter",1964
250,U2,With or Without You,Pop Rock,1987
251,Elvis Presley,Mystery Train,Rockabilly,1955
252,The Shangri-Las,Leader of the Pack,"Brill Building, Girl Group",1964
253,Marvin Gaye,Let's Get It On,Smooth Soul,1973
254,Ritchie Valens,La Bamba,"Rock & Roll, Tex-Mex",1958
255,LCD Soundsystem,Dance Yrself Clean,"Alternative Dance, Indietronica",2010
256,Frankie Goes to Hollywood,Relax,"Dance-Pop, Synthpop",1983
257,Kraftwerk,Das Modell/The Model,Synthpop,1978
258,Arcade Fire,Rebellion (Lies),"Chamber Pop, Indie Rock",2004
259,The Beach Boys,Don't Worry Baby,"Doo-Wop, Vocal Surf",1964
260,Pixies,Debaser,Indie Rock,1989
261,The Velvet Underground,Sweet Jane,Pop Rock,1970
262,The Teenagers feat. Frankie Lymon,Why Do Fools Fall in Love,Doo-Wop,1955
263,Kate Bush,Running Up That Hill,Art Pop,1985
264,Michael Jackson,Beat It,Pop Rock,1982
265,Pink Floyd,Wish You Were Here,Art Rock,1975
266,Beastie Boys,Sabotage,"East Coast Hip Hop, Rap Rock",1994
267,Love,Alone Again Or,"Baroque Pop, Folk Rock, Psychedelic Folk",1967
268,Daft Punk,One More Time,French House,2000
269,Lorde,Green Light,"Dance-Pop, Synthpop",2017
270,Hot Chip,Over and Over,"Alternative Dance, Indietronica",2006
271,Mott the Hoople,All the Young Dudes,Glam Rock,1972
272,Thin Lizzy,The Boys Are Back in Town,Hard Rock,1976
273,Eminem,Lose Yourself,"Film Soundtrack, Hardcore Hip Hop",2002
274,Azealia Banks feat. Lazy Jay,212,"Dutch House, Hip House",2011
275,The Prodigy,Firestarter,Big Beat,1996
276,MC5,Kick Out the Jams,"Garage Rock, Hard Rock, Proto-Punk",1969
277,Pink Floyd,See Emily Play,"Psychedelic Pop, Psychedelic Rock",1967
278,Grizzly Bear,Two Weeks,Indie Pop,2009
279,Blur,Girls & Boys,"Alternative Dance, Britpop",1994
280,Dusty Springfield,Son-of-a Preacher Man,"Blue Eyed Soul, Pop Soul",1968
281,The Breeders,Cannonball,Indie Rock,1993
282,OutKast,B.O.B (Bombs Over Baghdad),Southern Hip Hop,2000
283,Frank Ocean,Thinkin Bout You,Alternative R&B,2012
284,Jimmy Cliff,Many Rivers to Cross,Pop Reggae,1969
285,Kanye West feat. Jamie Foxx,Gold Digger,Pop Rap,2005
286,Desmond Dekker & The Aces,Israelites,Rocksteady,1968
287,The Beatles,Something,Soft Rock,1969
288,Johnny Cash,Ring of Fire,Country,1963
289,Marvin Gaye,Sexual Healing,"Contemporary R&B, Smooth Soul",1982
290,Robert Johnson,Cross Road Blues,Delta Blues,1936
291,AC/DC,Highway to Hell,Hard Rock,1979
292,Steppenwolf,Born to Be Wild,Hard Rock,1968
293,Daft Punk,Da Funk,"Acid House, French House",1995
294,Isaac Hayes,Theme from Shaft,"Film Soundtrack, Funk, Soul",1971
295,Pretenders,Brass in Pocket,New Wave,1979
296,Big Joe Turner,"Shake, Rattle and Roll","Jump-Blues, Rhythm & Blues, Rock & Roll",1954
297,Muddy Waters,Hoochie Coochie Man,Chicago Blues,1954
298,Kanye West,Jesus Walks,Christian Hip Hop,2004
299,Leonard Cohen,Suzanne,"Contemporary Folk, Singer/Songwriter",1967
300,The Everly Brothers,Bye Bye Love,"Pop, Rockabilly",1957
301,Aphex Twin,Windowlicker,IDM,1999
302,The Knife,Heartbeats,"Electropop, Synthpop",2002
303,Alice Cooper,School's Out,"Glam Rock, Hard Rock",1972
304,The Supremes,Stop! In the Name of Love,"Girl Group, Motown Sound",1965
305,Édith Piaf,La Vie en rose,Chanson,1945
306,The White Stripes,Fell in Love with a Girl,"Alternative Rock, Blues Rock, Garage Rock Revival",2001
307,Metallica,Enter Sandman,Heavy Metal,1991
308,Serge Gainsbourg & Jane Birkin,Je t'aime moi non plus,French Pop,1969
309,Pixies,Where Is My Mind?,Indie Rock,1988
310,? and the Mysterians,96 Tears,Garage Rock,1966
311,Eminem feat. Dido,Stan,Hip Hop,2000
312,R.E.M.,Radio Free Europe,"Jangle Pop, Post-Punk",1983
313,Public Enemy,Bring the Noise,"East Coast Hip Hop, Hardcore Hip Hop, Political Hip Hop",1987
314,Motï¿½rhead,Ace of Spades,"Hard Rock, Heavy Metal, Speed Metal",1980
315,The Supremes,Where Did Our Love Go,"Girl Group, Motown Sound",1964
316,Sonic Youth,Teen Age Riot,"Alternative Rock, Noise Rock",1988
317,Jackie Wilson,(Your Love Keeps Lifting Me) Higher and Higher,"Chicago Soul, Northern Soul, Pop Soul",1967
318,Arcade Fire,Wake Up,"Chamber Pop, Indie Rock",2004
319,Link Wray & His Ray Men,Rumble,"Rock & Roll, Surf Rock",1958
320,The Spencer Davis Group,Gimme Some Lovin',British Rhythm & Blues,1966
321,Patti Smith,Gloria,"Garage Rock, Proto-Punk",1975
322,AC/DC,Back in Black,Hard Rock,1980
323,The Rolling Stones,Tumbling Dice,Blues Rock,1972
324,The Lovin' Spoonful,Summer in the City,"Pop Rock, Psychedelic Pop, Sunshine Pop",1966
325,Hercules and Love Affair feat. Antony Hegarty,Blind,Nu-Disco,2008
326,Rage Against the Machine,Killing in the Name,Rap Metal,1992
327,Roy Orbison,Only the Lonely (Know the Way I Feel),Pop,1960
328,The Cure,Just Like Heaven,"Jangle Pop, New Wave",1987
329,Eurythmics,Sweet Dreams (Are Made of This),Synthpop,1983
330,Peter Bjorn and John feat. Victoria Bergsman,Young Folks,Indie Pop,2006
331,Sharon Van Etten,Seventeen,"Indie Pop, Synthpop",2019
332,Lynyrd Skynyrd,Sweet Home Alabama,Southern Rock,1974
333,The Who,I Can't Explain,"British Rhythm & Blues, Garage Rock, Mod",1964
334,Deee-Lite,Groove Is in the Heart,"Dance-Pop, Funky House",1990
335,Modest Mouse,Float On,Indie Rock,2004
336,Bing Crosby,White Christmas,"Christmas Music, Traditional Pop",1942
337,The Rolling Stones,You Can't Always Get What You Want,"Folk Rock, Roots Rock",1969
338,Curtis Mayfield,Move On Up,"Chicago Soul, Funk",1970
339,FKA twigs,Cellophane,"Ambient Pop, Art Pop",2019
340,Ann Peebles,I Can't Stand the Rain,Southern Soul,1973
341,Lynyrd Skynyrd,Free Bird,"Hard Rock, Southern Rock",1973
342,Cardi B,Bodak Yellow,"East Coast Hip Hop, Trap",2017
343,Iggy Pop,Lust for Life,Garage Rock,1977
344,Neil Young,Heart of Gold,"Country Rock, Folk Rock, Singer/Songwriter",1972
345,Kendrick Lamar,HUMBLE.,"Pop Rap, Trap, West Coast Hip Hop",2017
346,David Bowie,Ashes to Ashes,"Art Pop, New Wave",1980
347,Kendrick Lamar,King Kuntaï¿½,West Coast Hip Hop,2015
348,Aretha Franklin,I Say a Little Prayer,Southern Soul,1968
349,Louis Armstrong,West End Blues,Dixieland,1928
350,The Who,I Can See for Miles,"Freakbeat, Psychedelic Rock",1967
351,The Beach Boys,I Get Around,"Sunshine Pop, Vocal Surf",1964
352,Boston,More Than a Feeling,AOR,1976
353,The Beatles,I Am the Walrus,"Art Rock, Psychedelic Pop, Psychedelic Rock",1967
354,Red Hot Chili Peppers,Under the Bridge,Alternative Rock,1991
355,Daft Punk,Around the World,French House,1997
356,The Kinks,Lola,Pop Rock,1970
357,Ray Charles,Georgia on My Mind,Country Soul,1960
358,The Flaming Lips,Do You Realize??,"Neo-Psychedelia, Psychedelic Pop",2002
359,The Jimi Hendrix Experience,Hey Joe,"Blues Rock, Psychedelic Rock",1966
360,R.E.M.,It's the End of the World as We Know It (And I Feel Fine),"Jangle Pop, Power Pop",1987
361,Coleman Hawkins,Body and Soul,Swing,1939
362,Led Zeppelin,Dazed and Confused,"Blues Rock, Hard Rock",1969
363,Phoenix,1901,"Indie Pop, Synthpop",2009
364,Beastie Boys,(You Gotta) Fight for Your Right (To Party!),"East Coast Hip Hop, Rap Rock",1986
365,Burial,Archangel,"Dubstep, Future Garage",2007
366,The Beatles,Ticket to Ride,"Folk Rock, Pop Rock",1965
367,Dire Straits,Sultans of Swing,"Pub Rock, Roots Rock",1978
368,The Stone Roses,Fools Gold,"Alternative Dance, Baggy / Madchester",1989
369,Roy Orbison,Crying,Traditional Pop,1961
370,Pet Shop Boys,West End Girls,Synthpop,1985
371,Jackie Brenston and His Delta Cats,Rocket 88,"Jump-Blues, Rhythm & Blues, Rock & Roll",1951
372,Sufjan Stevens,Chicago,Chamber Pop,2005
373,Muddy Waters,Manish Boy,Chicago Blues,1955
374,Chuck Berry,Roll Over Beethoven,Rock & Roll,1956
375,John Lennon,Instant Karma! (We All Shine On),Pop Rock,1970
376,Cab Calloway & His Orchestra,Minnie the Moocher,Swing,1931
377,Rihanna feat. Drake,Work,Contemporary R&B,2016
378,Alanis Morissette,You Oughta Know,"Pop Rock, Post-Grunge, Singer/Songwriter",1995
379,Nick Drake,Pink Moon,"Contemporary Folk, Singer/Songwriter",1972
380,Don McLean,American Pie,"Folk Rock, Piano Rock, Singer/Songwriter",1971
381,Radiohead,Fake Plastic Trees,Alternative Rock,1995
382,Otis Redding,I've Been Loving You Too Long (To Stop Now),Deep Soul,1965
383,Queens of the Stone Age,No One Knows,"Alternative Rock, Stoner Rock",2002
384,Pixies,Monkey Gone to Heaven,Indie Rock,1989
385,Jefferson Airplane,Somebody to Love,"Pop Rock, Psychedelic Pop, Psychedelic Rock",1967
386,Guns N' Roses,Welcome to the Jungle,Glam Metal,1987
387,Primal Scream,Loaded,"Alternative Dance, Baggy / Madchester, Neo-Psychedelia",1990
388,The Jam,Going Underground,"Mod Revival, New Wave",1980
389,Thelonious Monk,Round Midnight,Bebop,1948
390,Little Richard,Long Tall Sally,"Rhythm & Blues, Rock & Roll",1956
391,Screamin' Jay Hawkins,I Put a Spell on You,Rhythm & Blues,1956
392,John Lee Hooker,Boogie Chillen',Electric Blues,1948
393,The Beatles,Come Together,"Blues Rock, Pop Rock",1969
394,M|A|R|R|S,Pump Up the Volume,House,1987
395,"Crosby, Stills, Nash & Young",Ohio,"Country Rock, Folk Rock",1970
396,Prince and The Revolution,1999,"Synth Funk, Synthpop",1982
397,Portishead,Glory Box,Trip Hop,1994
398,Bobby Darin,Mack the Knife,Standards,1959
399,Funkadelic,One Nation Under a Groove,P-Funk,1978
400,Kelly Clarkson,Since U Been Gone,Pop Rock,2004
401,Dolly Parton,Jolene,"Nashville Sound, Singer/Songwriter",1973
402,Violent Femmes,Blister in the Sun,"Alternative Rock, Folk Punk",1983
403,Van Morrison,Moondance,Jazz Pop,1970
404,Van Halen,Jump,"Hard Rock, Pop Rock",1983
405,Richard Hell & The Voidoids,Blank Generation,Art Punk,1977
406,The Rolling Stones,Wild Horses,Country Rock,1971
407,The Beatles,Norwegian Wood (This Bird Has Flown),"Folk Pop, Psychedelic Folk",1965
408,Cyndi Lauper,Girls Just Want to Have Fun,Dance-Pop,1983
409,The Monkees,I'm a Believer,"Pop Rock, Sunshine Pop",1966
410,Gloria Gaynor,I Will Survive,"Disco, Pop Soul",1978
411,Pink Floyd,"Another Brick in the Wall, Part 2",Art Rock,1979
412,The Police,Roxanne,"New Wave, Pop Rock",1978
413,John Coltrane,"A Love Supreme, Part 1: Acknowledgement",Spiritual Jazz,1965
414,Echo and the Bunnymen,The Killing Moon,Post-Punk,1984
415,Queen & David Bowie,Under Pressure,Pop Rock,1981
416,The Five Satins,In the Still of the Nite,Doo-Wop,1956
417,U2,Pride (In the Name of Love),Pop Rock,1984
418,The Crystals,Da Doo Ron Ron (When He Walked Me Home),"Brill Building, Girl Group",1963
419,Eminem,My Name Is,Hip Hop,1999
420,The Drifters,There Goes My Baby,"Doo-Wop, Soul",1959
421,TV on the Radio,Wolf Like Me,"Art Rock, Post-Punk Revival",2006
422,The Jesus and Mary Chain,Just Like Honey,"Noise Pop, Post-Punk",1985
423,New Order,Bizarre Love Triangle,"Alternative Dance, Synthpop",1986
424,Creedence Clearwater Revival,Bad Moon Rising,"Country Rock, Swamp Rock",1969
425,The Miracles,You've Really Got a Hold on Me,Motown Sound,1962
426,Courtney Barnett,Pedestrian at Best,"Garage Rock, Indie Rock",2015
427,N.W.A,Straight Outta Compton,"Gangsta Rap, West Coast Hip Hop",1988
428,Sly and the Family Stone,Dance to the Music,Psychedelic Soul,1967
429,The Doors,The End,"Art Rock, Psychedelic Rock",1967
430,Bessie Smith,St. Louis Blues,Vaudeville Blues,1925
431,Little Eva,The Loco-Motion,"Brill Building, Girl Group",1962
432,Vampire Weekend,Hannah Hunt,Indie Pop,2013
433,Eric B. & Rakim,Paid in Full,"Boom Bap, East Coast Hip Hop",1987
434,The Postal Service,Such Great Heights,"Indie Pop, Indietronica",2003
435,Ray Charles,I've Got a Woman,Rhythm & Blues,1954
436,Laurie Anderson,O Superman,"Art Pop, Experimental, Post-Minimalism, Progressive Electronic",1981
437,The Only Ones,"Another Girl, Another Planet","New Wave, Power Pop",1978
438,Ramones,Sheena Is a Punk Rocker,Punk Rock,1977
439,The Jimi Hendrix Experience,Voodoo Child (Slight Return),"Acid Rock, Blues Rock",1968
440,Gladys Knight and The Pips,Midnight Train to Georgia,Soul,1973
441,Jamie xx feat. Young Thug & Popcaan,I Know There's Gonna Be (Good Times)ï¿½,"Pop Rap, UK Bass",2015
442,Patti Smith Group,Because the Night,Piano Rock,1978
443,TLC,No Scrubs,"Contemporary R&B, Pop",1999
444,The 13th Floor Elevators,You're Gonna Miss Me,"Garage Rock, Psychedelic Rock",1966
445,The Everly Brothers,All I Have to Do Is Dream,"Close Harmony, Pop",1958
446,Dexys Midnight Runners,Come On Eileen,"New Wave, Pop Rock",1982
447,George Harrison,My Sweet Lord,"Folk Pop, Pop Rock, Singer/Songwriter",1970
448,The Clash,Should I Stay or Should I Go,New Wave,1982
449,"Tyler, the Creator",Yonkers,"Hardcore Hip Hop, West Coast Hip Hop",2011
450,Arcade Fire,Reflektor,Alternative Dance,2013
451,Depeche Mode,Enjoy the Silence,Synthpop,1990
452,The Shins,New Slang,"Folk Pop, Indie Pop",2001
453,Kanye West,Ultralight Beam,"Contemporary R&B, Gospel",2016
454,Antony and The Johnsons,Hope There's Someone,"Chamber Pop, Singer/Songwriter",2005
455,The Damned,New Rose,Punk Rock,1976
456,R. Kelly,Ignition (Remix),Contemporary R&B,2003
457,The Cure,Boys Don't Cry,"New Wave, Post-Punk",1979
458,The Rolling Stones,Street Fighting Man,Rock,1968
459,The Flamingos,I Only Have Eyes for You,Doo-Wop,1959
460,Carly Rae Jepsen,Run Away With Meï¿½,"Electropop, Synthpop",2015
461,Joy Division,Transmission,Post-Punk,1979
462,Nirvana,All Apologies,Grunge,1993
463,The Beatles,A Hard Day's Night,Merseybeat,1964
464,Bon Iver,Skinny Love,"Indie Folk, Singer/Songwriter",2007
465,Janis Joplin,Me and Bobby McGee,"Blues Rock, Country Rock",1971
466,Stardust,Music Sounds Better with You,French House,1998
467,Dinosaur Jr.,Freak Scene,Indie Rock,1988
468,James Brown and The Famous Flames,Please Please Please,"Rhythm & Blues, Soul",1956
469,Perfume Genius,Queen,Art Pop,2014
470,Elton John,Your Song,"Pop, Singer/Songwriter",1970
471,David Bowie,Starman,"Glam Rock, Pop Rock",1972
472,Janelle Monáe,Make Me Feel,"Art Pop, Synth Funk",2018
473,The xx,Crystalised,Indie Pop,2009
474,The Box Tops,The Letter,"Mod, Pop",1967
475,Kelis,Milkshake,Contemporary R&B,2003
476,Fela and Africa 70,Zombie,Afrobeat,1976
477,Beck,Where It's At,"Alternative Dance, Funk Rock",1996
478,Nirvana,Come As You Are,Grunge,1991
479,R.E.M.,Everybody Hurts,"Alternative Rock, Pop Rock",1992
480,Justice Vs. Simian,Never Be Alone/We Are Your Friends,Electro House,2003
481,The Walkmen,The Rat,Post-Punk Revival,2004
482,James Taylor,Fire and Rain,"Folk Rock, Singer/Songwriter, Soft Rock",1970
483,James Brown,It's a Man's Man's Man's World,Deep Soul,1966
484,N.W.A,Fuck tha Police,"Gangsta Rap, Political Hip Hop, West Coast Hip Hop",1988
485,David Bowie,Young Americans,"Blue Eyed Soul, Pop Rock, Pop Soul",1975
486,The Roots feat. Cody Chesnutt,The Seed 2.0,"East Coast Hip Hop, Neo-Soul",2002
487,Big Star,September Gurls,Power Pop,1974
488,The Everly Brothers,Cathy's Clown,"Brill Building, Close Harmony",1960
489,Coldplay,Viva La Vida,"Art Pop, Chamber Pop",2008
490,Howlin' Wolf,Smokestack Lightnin',Chicago Blues,1956
491,Frank Ocean,Nights,"Alternative R&B, Art Pop, Downtempo",2016
492,The Jam,That's Entertainment,"Mod Revival, New Wave",1980
493,Joan Jett and The Blackhearts,I Love Rock 'n Roll,Hard Rock,1981
494,Al Green,Tired of Being Alone,Southern Soul,1971
495,Elvis Costello,Alison,"Blue Eyed Soul, New Wave, Pop Rock",1977
496,Justin Timberlake,Cry Me a River,"Contemporary R&B, Pop",2002
497,The Velvet Underground,Rock and Roll,Pop Rock,1970
498,PJ Harvey,Rid of Me,Alternative Rock,1993
499,Nancy Sinatra,These Boots Are Made for Walkin',Pop,1965
500,Sly and the Family Stone,Thank You (Falettinme Be Mice Elf Agin),"Funk, Psychedelic Soul",1969
501,Soundgarden,Black Hole Sun,Grunge,1994
502,The Supremes,You Can't Hurry Love,"Girl Group, Motown Sound",1966
503,Ariel Pink's Haunted Graffiti,Round and Round,"Hypnagogic Pop, Psychedelic Pop",2010
504,Bob Dylan,Visions of Johanna,"Folk Rock, Singer/Songwriter",1966
505,The Velvet Underground,Venus in Furs,"Art Rock, Experimental Rock",1967
506,The Isley Brothers,Shout (Parts 1 and 2),"Rhythm & Blues, Rock & Roll",1959
507,Kraftwerk,Trans Europa Express / Trans-Europe Express,Electronic,1977
508,The Clash,Rock the Casbah,"Dance-Punk, New Wave",1982
509,"Willie Mae ""Big Mama"" Thornton",Hound Dog,Rhythm & Blues,1953
510,Gorillaz feat. Del tha Funky Homosapien,Clint Eastwood,Abstract Hip Hop,2001
511,Nine Inch Nails,Closer,"EBM, Industrial Rock",1994
512,Bill Withers,Ain't No Sunshine,"Deep Soul, Smooth Soul",1971
513,Lizzo,Juice,"Contemporary R&B, Dance-Pop, Disco Rap, Pop Rap",2019
514,David Bowie,Lazarus,Art Rock,2015
515,Miles Davis,So What,"Cool Jazz, Modal Jazz",1959
516,Big Thief,Not,Indie Rock,2019
517,Cyndi Lauper,Time After Time,Synthpop,1983
518,Rihanna feat. Calvin Harris,We Found Love,"Dance-Pop, Electro House, Electropop",2011
519,Kendrick Lamar,DNA.,"Conscious Hip Hop, Trap, West Coast Hip Hop",2017
520,Led Zeppelin,Immigrant Song,Hard Rock,1970
521,Frank Sinatra,I've Got You Under My Skin,Vocal Jazz,1956
522,Radiohead,Karma Police,Alternative Rock,1997
523,Foo Fighters,Everlong,Post-Grunge,1997
524,Chubby Checker,The Twist,"Rhythm & Blues, Rock & Roll",1960
525,Arctic Monkeys,Do I Wanna Know?,Indie Rock,2013
526,Justice,D.A.N.C.E.,French House,2007
527,The Beatles,Revolution / Revolution 1,"Blues Rock, Hard Rock",1968
528,Missy Elliott,Work It,Pop Rap,2002
529,Little Richard,"Good Golly, Miss Molly",Rock & Roll,1958
530,Bo Diddley,Who Do You Love?,"Rhythm & Blues, Rock & Roll",1956
531,Edwin Starr,War,"Funk, Soul",1970
532,The National,Bloodbuzz Ohio,Post-Punk Revival,2010
533,Pink Floyd,Comfortably Numb,"Art Rock, Progressive Rock",1979
534,Lou Reed,Perfect Day,"Baroque Pop, Piano Rock",1972
535,Portishead,Sour Times,Trip Hop,1994
536,Coldplay,Yellow,"Alternative Rock, Pop Rock",2000
537,The Beatles,Helter Skelter,"Hard Rock, Proto-Punk",1968
538,Neil Young & Crazy Horse,Cortez the Killer,"Art Rock, Singer/Songwriter",1975
539,Leonard Cohen,Famous Blue Raincoat,"Contemporary Folk, Singer/Songwriter",1971
540,Bob Marley and The Wailers,Redemption Song,"Roots Reggae, Singer/Songwriter",1980
541,Fugazi,Waiting Room,Post-Hardcore,1988
542,The Notorious B.I.G.,Juicy,"Boom Bap, East Coast Hip Hop",1994
543,The Wailers,"Get Up, Stand Up",Roots Reggae,1973
544,Jacques Brel,Ne me quitte pas,Chanson ï¿½ texte,1959
545,Carole King,It's Too Late,"Singer/Songwriter, Soft Rock",1971
546,Fatboy Slim,The Rockafeller Skank,Big Beat,1998
547,Bob Dylan,Desolation Row,"Contemporary Folk, Singer/Songwriter",1965
548,The Avalanches,Since I Left You,Plunderphonics,2000
549,Phil Collins,In the Air Tonight,"Ambient Pop, Art Pop, Pop Rock",1981
550,Angel Olsen,Shut Up Kiss Me,Indie Rock,2016
551,The Hives,Hate to Say I Told You So,Garage Rock Revival,2000
552,Aretha Franklin,I Never Loved a Man (The Way I Love You),Deep Soul,1967
553,The Doors,Riders on the Storm,"Blues Rock, Psychedelic Rock",1971
554,10cc,I'm Not in Love,"Ambient Pop, Art Pop",1975
555,Tammy Wynette,Stand by Your Man,Nashville Sound,1968
556,The Everly Brothers,Wake Up Little Susie,"Pop, Rockabilly",1957
557,The Righteous Brothers,Unchained Melody,"Blue Eyed Soul, Brill Building",1965
558,David Bowie,Blackstar,"Art Rock, Experimental Rock",2015
559,R.E.M.,The One I Love,Jangle Pop,1987
560,Madonna,Ray of Light,"Art Pop, Dance-Pop",1998
561,Fats Domino,Ain't That a Shame,"New Orleans R&B, Rhythm & Blues",1955
562,Ariana Grande,"thank u, next","Contemporary R&B, Electropop",2018
563,John Lennon/Plastic Ono Band,Working Class Hero,"Contemporary Folk, Singer/Songwriter",1970
564,Aretha Franklin,Chain of Fools,Southern Soul,1967
565,The Band,The Night They Drove Old Dixie Down,"Country Rock, Folk Rock, Roots Rock",1969
566,Bon Iver,Holocene,Indie Folk,2011
567,Pavement,Cut Your Hair,Indie Rock,1994
568,Jimmie Rodgers,Blue Yodel (T for Texas),Country Yodeling,1928
569,Britney Spears,...Baby One More Time,"Dance-Pop, Teen Pop",1998
570,Pearl Jam,Jeremy,Grunge,1991
571,Madonna,Vogue,"Dance-Pop, House",1990
572,U2,I Still Haven't Found What I'm Looking For,Pop Rock,1987
573,Fleetwood Mac,Dreams,Soft Rock,1977
574,Lil Nas X feat. Billy Ray Cyrus,Old Town Road (Remix),"Country Rap, Pop Rap, Trap",2019
575,Stevie Wonder,Higher Ground,"Funk, Soul",1973
576,Creedence Clearwater Revival,Who'll Stop the Rain,"Folk Rock, Swamp Rock",1970
577,The Crystals,He's a Rebel,"Brill Building, Girl Group",1962
578,Aerosmith,Walk This Way,Hard Rock,1975
579,The Easybeats,Friday on My Mind,"Beat Music, Mod",1966
580,2Pac feat. Dr. Dre & Roger Troutman,California Love,"G-Funk, Pop Rap, West Coast Hip Hop",1995
581,Bruce Springsteen,The River,"Heartland Rock, Singer/Songwriter",1980
582,Jimmy Cliff,The Harder They Come,Pop Reggae,1972
583,Rosalï¿½a,Malamente (Cap.1: Augurio),"Alternative R&B, Flamenco Pop",2018
584,Sly and the Family Stone,Everyday People,"Pop Soul, Psychedelic Soul",1968
585,Sam & Dave,Soul Man,Southern Soul,1967
586,B.B. King,The Thrill Is Gone,"Blues Rock, Electric Blues, Soul Blues",1969
587,TLC,Waterfalls,"Contemporary R&B, Pop",1994
588,A-ha,Take On Me,"New Wave, Synthpop",1985
589,Fleet Foxes,White Winter Hymnal,"Chamber Folk, Indie Folk",2008
590,Iggy Pop,The Passenger,"Art Rock, Garage Rock",1977
591,Caribou,Odessa,Indietronica,2010
592,Sky Ferreira,Everything Is Embarrassing,"Alternative R&B, Synthpop",2012
593,Clairo,Bags,Indie Pop,2019
594,Glenn Miller,In the Mood,"Big Band, Swing",1939
595,The Lovin' Spoonful,Do You Believe in Magic,"Pop Rock, Sunshine Pop",1965
596,The Penguins,Earth Angel (Will You Be Mine),Doo-Wop,1954
597,Caribou,Can't Do Without You,Deep House,2014
598,The Pogues and Kirsty MacColl,Fairytale of New York,"Celtic Rock, Christmas Music, Folk Pop",1987
599,Arcade Fire,Sprawl II (Mountains Beyond Mountains),"Indie Pop, Synthpop",2010
600,Phoenix,Lisztomania,Indie Pop,2009
601,Roberta Flack,Killing Me Softly with His Song,Smooth Soul,1973
602,Chet Baker,My Funny Valentine,Vocal Jazz,1954
603,The Police,Message in a Bottle,"New Wave, Pop Rock",1979
604,Charlie Parker,Koko,Bebop,1945
605,LCD Soundsystem,Someone Great,"Indietronica, Synthpop",2007
606,Simon and Garfunkel,The Boxer,"Folk Pop, Folk Rock, Singer/Songwriter",1969
607,Massive Attack,Teardrop,Trip Hop,1998
608,Mazzy Star,Fade into You,Dream Pop,1993
609,Depeche Mode,Personal Jesus,"Alternative Dance, Synthpop",1989
610,Big Star,Thirteen,"Folk Pop, Pop Rock",1972
611,U2,Where the Streets Have No Name,"Alternative Rock, Pop Rock",1987
612,Soul II Soul feat. Caron Wheeler,Back to Life (However Do You Want Me),"Contemporary R&B, Dance-Pop",1989
613,The Beatles,All You Need Is Love,"Baroque Pop, Pop Rock",1967
614,The Coasters,Yakety Yak,"Rhythm & Blues, Rock & Roll",1958
615,Janelle Monáe feat. Big Boi,Tightrope,"Contemporary R&B, Pop Rap",2010
616,Bobby Fuller Four,I Fought the Law,Rock & Roll,1965
617,Salt 'n' Pepa,Push It,"East Coast Hip Hop, Pop Rap",1987
618,Roxy Music,Love Is the Drug,"Art Rock, Funk Rock, Glam Rock",1975
619,Mahalia Jackson,Move On Up a Little Higher,Gospel,1947
620,Japandroids,The House That Heaven Built,Indie Rock,2012
621,Louis Armstrong,What a Wonderful World,"Traditional Pop, Vocal Jazz",1967
622,Wilco,"Jesus, Etc.","Alt-Country, Chamber Pop",2002
623,Julie London,Cry Me a River,"Standards, Vocal Jazz",1955
624,Cornershop,Brimful of Asha (Norman Cook Remix),"Indie Pop, Indie Rock",1998
625,Free,All Right Now,Hard Rock,1970
626,Bat for Lashes,Daniel,Art Pop,2009
627,Robert Wyatt,Shipbuilding,"Art Pop, Jazz Pop",1982
628,Sia,Chandelier,Electropop,2014
629,James Blake,Retrograde,"Alternative R&B, Electronic",2013
630,The Beatles,Paperback Writer,Power Pop,1966
631,Gossip,Standing in the Way of Control,"Dance-Punk, Garage Rock Revival, Indie Rock",2005
632,Neil Young,Rockin' in the Free World,Hard Rock,1989
633,David Bowie,Let's Dance,"Dance-Pop, New Wave, Pop Rock",1983
634,Elbow,One Day Like This,Chamber Pop,2008
635,AC/DC,You Shook Me All Night Long,Hard Rock,1980
636,The Shadows,Apache,Surf Rock,1960
637,The Beatles,Happiness Is a Warm Gun,Art Rock,1968
638,The Tornados,Telstar,Space Age Pop,1962
639,Etta James,At Last,"Rhythm & Blues, Soul",1960
640,The Strokes,Hard to Explain,"Garage Rock Revival, Indie Rock",2001
641,David Bowie,Rebel Rebel,Glam Rock,1974
642,Tracy Chapman,Fast Car,"Folk Pop, Singer/Songwriter",1988
643,Pink Floyd,Shine On You Crazy Diamond,"Art Rock, Progressive Rock",1975
644,Roxy Music,More Than This,"New Romantic, Sophisti-Pop",1982
645,Elmore James,Dust My Broom,Electric Blues,1951
646,Solange,Losing You,"Alternative R&B, Synthpop",2012
647,Jeff Buckley,Hallelujah,"Indie Rock, Singer/Songwriter",1994
648,Bill Monroe,Blue Moon of Kentucky,Bluegrass,1947
649,Leonard Cohen,Hallelujah,"Adult Contemporary, Singer/Songwriter, Sophisti-Pop",1984
650,Big Brother and The Holding Company,Piece of My Heart,"Acid Rock, Blues Rock",1968
651,Junior Murvin,Police & Thieves,Roots Reggae,1976
652,Drake feat. Majid Jordan,"Hold On, We're Going Home",Alternative R&B,2013
653,Paul McCartney,Maybe I'm Amazed,"Pop Rock, Singer/Songwriter",1970
654,New Order,True Faith,"Alternative Dance, Synthpop",1987
655,Vampire Weekend,A-Punk,"Indie Pop, Indie Rock",2007
656,Melle Mel,White Lines (Don't Don't Do It),"Conscious Hip Hop, Disco Rap, East Coast Hip Hop",1983
657,The Chemical Brothers,Block Rockin' Beats,Big Beat,1997
658,Donna Summer,Love to Love You Baby,"Disco, Smooth Soul",1975
659,Daft Punk,Digital Love,"French House, Nu-Disco",2001
660,The Buggles,Video Killed the Radio Star,"New Wave, Synthpop",1979
661,Lauryn Hill,Doo Wop (That Thing),"Conscious Hip Hop, Neo-Soul",1998
662,Aerosmith,Dream On,Hard Rock,1973
663,King Crimson,21st Century Schizoid Man,"Jazz-Rock, Progressive Rock",1969
664,The Rolling Stones,Miss You,Pop Rock,1978
665,Bob Dylan,Positively 4th Street,"Folk Rock, Singer/Songwriter",1965
666,The Beatles,Here Comes the Sun,"Pop Rock, Sunshine Pop",1969
667,Jeff Buckley,Last Goodbye,"Alternative Rock, Singer/Songwriter",1994
668,Charli XCX feat. Christine and the Queens,Gone,"Dance-Pop, Electropop, Synthpop",2019
669,Lady Gaga,Bad Romance,"Dance-Pop, Electropop",2009
670,De La Soul,Me Myself and I,"Conscious Hip Hop, Disco Rap, East Coast Hip Hop",1989
671,Sex Pistols,Pretty Vacant,Punk Rock,1977
672,Magazine,Shot by Both Sides,Post-Punk,1978
673,John Lee Hooker,Boom Boom,"Chicago Blues, Rhythm & Blues",1962
674,Bob Dylan,Knockin' on Heaven's Door,"Folk Rock, Singer/Songwriter",1973
675,Cliff Richard and The Drifters,Move It,Rock & Roll,1958
676,The Marvelettes,Please Mr. Postman,"Girl Group, Pop Soul",1961
677,Beyoncï¿½,Single Ladies (Put a Ring on It),Dance-Pop,2008
678,Bob Dylan,Just Like a Woman,"Folk Rock, Singer/Songwriter",1966
679,Don Henley,The Boys of Summer,Pop Rock,1984
680,Sparks,This Town Ain't Big Enough for Both of Us,"Art Rock, Glam Rock",1974
681,James Carr,The Dark End of the Street,Deep Soul,1967
682,Pearl Jam,Alive,Grunge,1991
683,New York Dolls,Personality Crisis,"Glam Punk, Glam Rock, Proto-Punk",1973
684,Ramones,I Wanna Be Sedated,Punk Rock,1978
685,U2,New Year's Day,Post-Punk,1983
686,Alvvays,"Archie, Marry Me",Twee Pop,2014
687,Nirvana,Heart-Shaped Box,Grunge,1993
688,The 1975,Love It If We Made It,"Pop Rock, Synthpop",2018
689,The Byrds,Turn! Turn! Turn! (To Everything There Is a Season),"Folk Rock, Pop Rock",1965
690,Public Image Ltd.,Public Image,Post-Punk,1978
691,The B-52's,Rock Lobster,"New Wave, Surf Punk",1978
692,Les Paul & Mary Ford,How High the Moon,"Rhythm & Blues, Standards",1951
693,Marvin Gaye,Inner City Blues (Make Me Wanna Holler),Smooth Soul,1971
694,Cheap Trick,Surrender,Power Pop,1978
695,Dave Brubeck Quartet,Take Five,Cool Jazz,1959
696,Carly Rae Jepsen,Call Me Maybe,"Dance-Pop, Teen Pop",2011
697,Tame Impala,Feels Like We Only Go Backwards,"Neo-Psychedelia, Psychedelic Pop",2012
698,Justin Timberlake feat. T.I.,My Love,"Contemporary R&B, Dance-Pop",2006
699,Dion,Runaround Sue,Rock & Roll,1961
700,The Rolling Stones,Let's Spend the Night Together,"British Rhythm & Blues, Pop Rock",1967
701,Freda Payne,Band of Gold,Pop Soul,1970
702,Bo Diddley,I'm a Man,"Rhythm & Blues, Rock & Roll",1955
703,Morrissey,Everyday Is Like Sunday,Indie Pop,1988
704,Amerie,1 Thing,Contemporary R&B,2005
705,Bon Jovi,Livin' on a Prayer,"Hard Rock, Pop Rock",1986
706,Gang of Four,Damaged Goods,"Art Punk, Dance-Punk",1978
707,Nirvana,Lithium,Grunge,1991
708,Weezer,Buddy Holly,"Alternative Rock, Power Pop",1994
709,Jay Z & Kanye West,Niggas in Paris,Hardcore Hip Hop,2011
710,Rob Base & DJ E-Z Rock,It Takes Two,"East Coast Hip Hop, Pop Rap",1988
711,Neil Young & Crazy Horse,"Hey Hey, My My (Into the Black)","Hard Rock, Singer/Songwriter",1979
712,Bob Dylan,Hurricane,"Folk Rock, Singer/Songwriter",1975
713,Oasis,Don't Look Back in Anger,Britpop,1995
714,Whitney Houston,I Wanna Dance with Somebody (Who Loves Me),Dance-Pop,1987
715,James Brown,Say It Loud - I'm Black and I'm Proud,Funk,1968
716,Snoop Dogg feat. Pharrell,Drop It Like It's Hot,"Pop Rap, West Coast Hip Hop",2004
717,Santogold,L.E.S. Artistes,"Indie Pop, Indietronica",2008
718,The Libertines,Can't Stand Me Now,"Garage Rock Revival, Indie Rock",2004
719,Battles,Atlas,"Experimental Rock, Math Rock",2007
720,"Crosby, Stills & Nash",Suite: Judy Blue Eyes,Folk Rock,1969
721,The Who,Substitute,"Beat Music, British Rhythm & Blues, Mod",1966
722,The Sugarcubes,Birthday,"Art Pop, Dream Pop, Indie Pop",1987
723,Count Basie,One O'Clock Jump,"Big Band, Swing",1937
724,Bloc Party,Banquet,Post-Punk Revival,2004
725,Martha and The Vandellas,Heat Wave,"Girl Group, Motown Sound",1963
726,Gary Numan,Cars,"New Wave, Synthpop",1979
727,Patsy Cline,I Fall to Pieces,Nashville Sound,1961
728,Aaliyah,Try Again,Contemporary R&B,2000
729,Public Enemy,Rebel Without a Pause,"East Coast Hip Hop, Hardcore Hip Hop, Political Hip Hop",1987
730,The Clash,Complete Control,Punk Rock,1977
731,Public Enemy,Don't Believe the Hype,"East Coast Hip Hop, Hardcore Hip Hop, Political Hip Hop",1988
732,John Lennon,Jealous Guy,"Piano Rock, Singer/Songwriter",1971
733,The Flaming Lips,Race for the Prize,"Neo-Psychedelia, Psychedelic Pop",1999
734,The Beatles,Lucy in the Sky with Diamonds,"Pop Rock, Psychedelic Pop",1967
735,Dizzee Rascal,"Fix Up, Look Sharp",UK Hip Hop,2003
736,Coldplay,Clocks,"Alternative Rock, Pop Rock",2002
737,The Rolling Stones,Angie,Blues Rock,1973
738,The Temptations,Just My Imagination (Running Away with Me),"Pop Soul, Smooth Soul",1971
739,Bob Seger & The Silver Bullet Band,Night Moves,"Heartland Rock, Soft Rock",1976
740,Ian Dury,Sex & Drugs & Rock & Roll,New Wave,1977
741,Black Sabbath,Iron Man,Heavy Metal,1970
742,Sam the Sham and The Pharaohs,Wooly Bully,"Garage Rock, Rock & Roll",1965
743,Usher,Climax,Alternative R&B,2012
744,Tom Petty and The Heartbreakers,American Girl,"Heartland Rock, Power Pop",1976
745,Pink Floyd,Money,"Art Rock, Progressive Rock",1973
746,The Jimi Hendrix Experience,Little Wing,"Blues Rock, Psychedelic Rock",1967
747,Nick Drake,River Man,"Chamber Folk, Singer/Songwriter",1969
748,Radiohead,Everything in Its Right Place,"Ambient Pop, Art Pop, Electronic",2000
749,Bobbie Gentry,Ode to Billie Joe,"Blue Eyed Soul, Contemporary Folk, Singer/Songwriter",1967
750,Pavement,Summer Babe,Lo-Fi / Slacker Rock,1991
751,XTC,Making Plans for Nigel,"New Wave, Post-Punk",1979
752,George Michael,Faith,Pop,1987
753,The Beach Boys,Surfin' U.S.A.,"Surf Rock, Vocal Surf",1963
754,Simon and Garfunkel,America,"Folk Pop, Folk Rock",1968
755,The Beach Boys,Surf's Up,"Art Pop, Baroque Pop, Progressive Pop, Psychedelic Pop",1971
756,Althea and Donna,Uptown Top Ranking,Reggae,1977
757,Gil Scott-Heron,The Revolution Will Not Be Televised,"Funk, Jazz Poetry",1971
758,Michael Jackson,Thriller,Dance-Pop,1982
759,Robert Johnson,Hellhound on My Trail,Delta Blues,1937
760,Duke Ellington,"Take the ""A"" Train","Big Band, Swing",1941
761,The Knack,My Sharona,"New Wave, Power Pop",1979
762,Nancy Sinatra & Lee Hazlewood,Some Velvet Morning,"Baroque Pop, Psychedelic Pop",1967
763,Elvis Costello,Watching the Detectives,New Wave,1977
764,Everything But the Girl,Missing (Todd Terry Remix),"Dance-Pop, Deep House, Garage House",1995
765,Smokey Robinson and The Miracles,The Tears of a Clown,Motown Sound,1967
766,Bruce Springsteen,Atlantic City,"Contemporary Folk, Singer/Songwriter",1982
767,Tom Petty,Free Fallin',"Heartland Rock, Pop Rock",1989
768,Joni Mitchell,A Case of You,"Contemporary Folk, Singer/Songwriter",1971
769,Sonny and Cher,I Got You Babe,"Baroque Pop, Sunshine Pop",1965
770,"Tyler, the Creator",Earfquake,"Alternative R&B, Neo-Soul",2019
771,Billie Holiday,God Bless the Child,Vocal Jazz,1941
772,The Left Banke,Walk Away Renée,Baroque Pop,1966
773,Nick Cave & The Bad Seeds,The Mercy Seat,"Gothic Rock, Post-Punk",1988
774,Radiohead,Pyramid Song,Art Rock,2001
775,The Weeknd,Can't Feel My Face,"Alternative R&B, Dance-Pop",2015
776,Dead Kennedys,Holiday in Cambodia,Hardcore Punk,1980
777,Peter Gabriel,Solsbury Hill,"Folk Pop, Pop Rock, Progressive Pop",1977
778,Madonna,Borderline,Dance-Pop,1983
779,Elton John,Goodbye Yellow Brick Road,"Piano Rock, Progressive Pop",1973
780,Tom Tom Club,Genius of Love,"New Wave, Synth Funk",1981
781,Lil Wayne,A Milli,"Hardcore Hip Hop, Southern Hip Hop",2008
782,Bob Dylan,Ballad of a Thin Man,"Blues Rock, Piano Blues, Singer/Songwriter",1965
783,Blackstreet feat. Dr. Dre,No Diggity,"East Coast Hip Hop, New Jack Swing",1996
784,!!!,Me and Giuliani Down by the Schoolyard (A True Story),Dance-Punk,2003
785,Elvis Costello and The Attractions,Oliver's Army,"New Wave, Piano Rock",1979
786,Simon and Garfunkel,Mrs. Robinson,"Folk Pop, Folk Rock",1968
787,Metallica,Master of Puppets,Thrash Metal,1986
788,"Kanye West feat. Jay-Z, Rick Ross, Nicki Minaj & Bon Iver",Monster,Hardcore Hip Hop,2010
789,SOPHIE,Bipp,Bubblegum Bass,2013
790,The Count Five,Psychotic Reaction,"Acid Rock, Garage Rock, Proto-Punk",1966
791,50 Cent,In Da Club,"East Coast Hip Hop, Pop Rap",2003
792,Rick James,Super Freak,Synth Funk,1981
793,Red Hot Chili Peppers,Give It Away,"Funk Rock, Rap Rock",1991
794,Elton John,Tiny Dancer,"Piano Rock, Singer/Songwriter",1971
795,Bob Dylan,A Hard Rain's A-Gonna Fall,"Contemporary Folk, Singer/Songwriter",1963
796,Elvis Presley,In the Ghetto,"Blue Eyed Soul, Country Soul",1969
797,David Bowie,Sound and Vision,Art Rock,1977
798,Mark Ronson feat. Bruno Mars,Uptown Funk,Synth Funk,2014
799,U2,Beautiful Day,Pop Rock,2000
800,Michael Jackson,Rock with You,"Contemporary R&B, Disco, Pop",1979
801,ZZ Top,La Grange,"Blues Rock, Hard Rock, Southern Rock",1973
802,The Cure,A Forest,"Gothic Rock, Post-Punk",1980
803,Future,Mask Off / Mask Off (Remix feat. Kendrick Lamar),"Southern Hip Hop, Trap",2017
804,Ben E. King,Spanish Harlem,"Brill Building, Pop Soul",1960
805,The Cure,Close to Me,New Wave,1985
806,M.I.A.,Galang,"Dancehall, Electropop, UK Hip Hop",2004
807,My Bloody Valentine,Soon,"Dream Pop, Noise Pop, Shoegaze",1990
808,Björk,Hyper-ballad,"Art Pop, Electronic",1995
809,Neil Young,The Needle and the Damage Done,"Contemporary Folk, Singer/Songwriter",1972
810,The Zombies,She's Not There,"Beat Music, Mod",1964
811,Dirty Projectors,Stillness Is the Move,"Art Pop, Indie Pop",2009
812,Toots and The Maytals,Pressure Drop,Reggae,1969
813,Bruce Springsteen,Dancing in the Dark,"Heartland Rock, Pop Rock",1984
814,Eminem,The Real Slim Shady,Pop Rap,2000
815,The Beach Boys,California Girls,"Pop Rock, Sunshine Pop",1965
816,Tommy James and The Shondells,Crimson and Clover,"Psychedelic Pop, Sunshine Pop",1968
817,The Beatles,Across the Universe,"Psychedelic Folk, Psychedelic Pop",1969
818,Bob Dylan,Masters of War,"Contemporary Folk, Singer/Songwriter",1963
819,Weezer,Say It Ain't So,"Alternative Rock, Power Pop",1994
820,The Walker Brothers,The Sun Ain't Gonna Shine Anymore,"Baroque Pop, Brill Building",1966
821,Green Day,American Idiot,Pop Punk,2004
822,Neil Young,After the Gold Rush,"Piano Rock, Singer/Songwriter",1970
823,Nilsson,Everybody's Talkin',"Baroque Pop, Film Soundtrack",1968
824,Blondie,Call Me,"Film Soundtrack, New Wave, Pop Rock",1980
825,Carly Simon,You're So Vain,"Singer/Songwriter, Soft Rock",1972
826,Gorillaz feat. De La Soul,Feel Good Inc.,"Alternative Rock, Hip Hop",2005
827,Bauhaus,Bela Lugosi's Dead,"Gothic Rock, Post-Punk",1979
828,Oasis,Champagne Supernova,"Britpop, Neo-Psychedelia",1995
829,Wu-Tang Clan,C.R.E.A.M. (Cash Rules Everything Around Me),"Boom Bap, Conscious Hip Hop, East Coast Hip Hop",1993
830,John Coltrane,My Favorite Things,"Modal Jazz, Post-Bop",1961
831,Nirvana,About a Girl,Grunge,1989
832,Labelle,Lady Marmalade,"Disco, Funk, Soul",1974
833,Kelis,Caught Out There,Contemporary R&B,1999
834,Kings of Leon,Sex on Fire,"Alternative Rock, Pop Rock",2008
835,Geto Boys,Mind Playing Tricks on Me,"Hardcore Hip Hop, Southern Hip Hop",1991
836,Roy Orbison,In Dreams,Baroque Pop,1963
837,T-Bone Walker,Call It Stormy Monday (But Tuesday's Just As Bad),Electric Texas Blues,1947
838,Green Day,Basket Case,Pop Punk,1994
839,The Clash,Train in Vain (Stand by Me),"New Wave, Pop Rock",1979
840,Pavement,Gold Soundz,Indie Rock,1994
841,The O'Jays,Back Stabbers,Philly Soul,1972
842,Mitski,Nobody,"Alternative Dance, Indie Pop, New Wave",2018
843,Peter Gabriel,Sledgehammer,"New Wave, Pop Rock",1986
844,Crowded House,Don't Dream It's Over,Pop Rock,1986
845,Feist,1234,Indie Pop,2007
846,Nicki Minaj,Super Bass,"Dance-Pop, Pop Rap",2011
847,Queen,We Will Rock You,"Glam Rock, Hard Rock, Pop Rock",1977
848,Taylor Swift,Blank Space,Electropop,2014
849,Barrett Strong,Money (That's What I Want),"Rhythm & Blues, Soul",1959
850,Billy Joel,Piano Man,"Piano Rock, Singer/Songwriter",1973
851,Run-D.M.C.,It's Like That,"East Coast Hip Hop, Hardcore Hip Hop",1983
852,The Ventures,Walk - Don't Run,Surf Rock,1960
853,George Clinton,Atomic Dog,"P-Funk, Synth Funk",1982
854,New Radicals,You Get What You Give,Pop Rock,1998
855,T.I.,What You Know,"Southern Hip Hop, Trap",2006
856,My Bloody Valentine,Only Shallow,"Dream Pop, Noise Pop, Shoegaze",1991
857,My Bloody Valentine,You Made Me Realise,"Noise Pop, Noise Rock, Shoegaze",1988
858,Tears for Fears,Everybody Wants to Rule the World,"New Wave, Pop Rock",1985
859,Mudhoney,Touch Me I'm Sick,"Garage Punk, Grunge",1988
860,George Jones,He Stopped Loving Her Today,Nashville Sound,1980
861,The Beatles,I Saw Her Standing There,"Merseybeat, Rock & Roll",1963
862,Fairport Convention,Who Knows Where the Time Goes,British Folk Rock,1969
863,Duke Ellington,Mood Indigo,Dixieland,1930
864,The Supremes,You Keep Me Hangin' On,"Girl Group, Motown Sound",1966
865,The Platters,Only You (And You Alone),Doo-Wop,1955
866,Lonnie Donegan,Rock Island Line,Skiffle,1955
867,Marvin Gaye,Mercy Mercy Me (The Ecology),Smooth Soul,1971
868,Joy Division,Atmosphere,Post-Punk,1980
869,Bob Dylan,"It's Alright, Ma (I'm Only Bleeding)","Contemporary Folk, Singer/Songwriter",1965
870,Led Zeppelin,Rock and Roll,Hard Rock,1971
871,Bob Dylan,"Don't Think Twice, It's All Right","Contemporary Folk, Singer/Songwriter",1963
872,The Wailers,I Shot the Sheriff,Roots Reggae,1973
873,Portishead,Machine Gun,Electro-Industrial,2008
874,Muddy Waters,Got My Mojo Working,Chicago Blues,1957
875,UGK feat. OutKast,Int'l Player's Anthem (I Choose You),"Dirty South, Southern Hip Hop",2007
876,Jamie xx feat. Romy,Loud Places,UK Bass,2015
877,Randy Newman,Sail Away,"Baroque Pop, Singer/Songwriter",1972
878,The Doors,L.A. Woman,Blues Rock,1971
879,David Bowie,Fame,"Funk, Funk Rock",1975
880,The War on Drugs,Red Eyes,"Heartland Rock, Indie Rock",2013
881,Frank Sinatra,My Way,Traditional Pop,1969
882,The Black Keys,Lonely Boy,"Blues Rock, Garage Rock",2011
883,Fats Waller,Ain't Misbehavin',Stride,1929
884,Oasis,Supersonic,Britpop,1994
885,Mary Wells,My Guy,Motown Sound,1964
886,Hot Chip,And I Was a Boy from School,"Electropop, Indietronica",2006
887,Paul McCartney and Wings,Band on the Run,"Art Rock, Pop Rock, Progressive Pop",1973
888,Coldplay,The Scientist,Piano Rock,2002
889,Fatboy Slim,Praise You,Big Beat,1998
890,Neneh Cherry,Buffalo Stance,"Dance-Pop, Pop Rap",1988
891,Loretta Lynn,Coal Miner's Daughter,Nashville Sound,1970
892,Marvin Gaye & Tammi Terrell,Ain't No Mountain High Enough,Motown Sound,1967
893,Louis Jordan and His Tympany Five,Caldonia (Boogie) (What Makes Your Big Head So Hard?),Jump-Blues,1945
894,The Velvet Underground,Sunday Morning,Art Pop,1966
895,Little Richard,Lucille,"Rhythm & Blues, Rock & Roll",1957
896,Ray Charles,Hit the Road Jack,"Rhythm & Blues, Soul",1961
897,Joni Mitchell,Big Yellow Taxi,"Folk Pop, Singer/Songwriter",1970
898,Bruce Springsteen,Jungleland,"Heartland Rock, Piano Rock",1975
899,Leonard Cohen,You Want It Darker,"Ambient Pop, Art Pop, Singer/Songwriter",2016
900,Grateful Dead,Dark Star,Psychedelic Rock,1968
901,The Clash,White Riot,Punk Rock,1977
902,Travis Scott feat. Drake,Sicko Mode,"Southern Hip Hop, Trap",2018
903,Tubeway Army,Are 'Friends' Electric?,"New Wave, Synthpop",1979
904,Jay-Z,IZZO (H.O.V.A.),East Coast Hip Hop,2001
905,Queen,We Are the Champions,Pop Rock,1977
906,Sam & Dave,"Hold On, I'm Comin'",Southern Soul,1966
907,Snoop Doggy Dogg,Gin and Juice,"G-Funk, Gangsta Rap, West Coast Hip Hop",1993
908,Devo,Whip It,"New Wave, Synthpop",1980
909,Robert Johnson,Love in Vain,Delta Blues,1937
910,Guns N' Roses,Paradise City,Glam Metal,1987
911,Pink Floyd,Astronomy Domine,"Experimental Rock, Space Rock",1967
912,The Rolling Stones,Ruby Tuesday,"Baroque Pop, Pop Rock",1967
913,Cardi B feat. Bad Bunny and J Balvin,I Like It,"Latin Rap, Pop Rap",2018
914,Panda Bear,Bro's,"Neo-Psychedelia, Progressive Pop, Psychedelic Pop",2006
915,Elis Regina & Tom Jobim,ï¿½guas de Março,Bossa Nova,1974
916,Benny Goodman,"Sing, Sing, Sing","Big Band, Swing",1937
917,James Blake,The Wilhelm Scream,"Alternative R&B, Art Pop, Downtempo",2011
918,Rhythim Is Rhythim,Strings of Life,"Detroit Techno, House",1987
919,The Rolling Stones,Start Me Up,Hard Rock,1981
920,Blur,Out of Time,"Alternative Rock, Art Rock",2003
921,PJ Harvey,Down by the Water,"Alternative Rock, Singer/Songwriter",1995
922,Suede,Animal Nitrate,Britpop,1993
923,Culture Club,Do You Really Want to Hurt Me,"New Wave, Pop",1982
924,Ice Cube,It Was a Good Day,"Gangsta Rap, West Coast Hip Hop",1992
925,The Beatles,You've Got to Hide Your Love Away,"Folk Pop, Singer/Songwriter",1965
926,Jethro Tull,Aqualung,Progressive Rock,1971
927,Led Zeppelin,When the Levee Breaks,"Blues Rock, Hard Rock",1971
928,Childish Gambino,Redbone,"Neo-Soul, Psychedelic Soul, Synth Funk",2016
929,Disclosure feat. Sam Smith,Latch,"Dance-Pop, UK Bass",2012
930,Happy Mondays,Step On,"Alternative Dance, Baggy / Madchester",1990
931,Air,Sexy Boy,"Downtempo, Electropop",1998
932,The Zombies,Time of the Season,"Pop Rock, Psychedelic Pop, Psychedelic Rock",1968
933,Harold Melvin & The Blue Notes,If You Don't Know Me by Now,"Philly Soul, Smooth Soul",1972
934,Nine Inch Nails,Hurt,"Acoustic Rock, Alternative Rock, Singer/Songwriter",1994
935,The Carter Family,Wildwood Flower,"Appalachian Folk Music, Traditional Country",1929
936,Elvis Presley,Love Me Tender,Pop,1956
937,Dion and The Belmonts,A Teenager in Love,"Brill Building, Doo-Wop",1959
938,Carpenters,Superstar,Baroque Pop,1971
939,Elliott Smith,Waltz #2 (XO),"Indie Pop, Singer/Songwriter",1998
940,Muddy Waters,Rollin' Stone,Electric Blues,1950
941,Sam Cooke,Wonderful World,Pop Soul,1960
942,Wu-Tang Clan,Protect Ya Neck,"Boom Bap, East Coast Hip Hop, Hardcore Hip Hop",1992
943,Madonna,Hung Up,"Dance-Pop, Nu-Disco",2005
944,Creedence Clearwater Revival,Have You Ever Seen the Rain,"Folk Rock, Swamp Rock",1970
945,The Stone Roses,I Wanna Be Adored,"Baggy / Madchester, Indie Rock",1989
946,Billy Bragg,A New England,"Folk Punk, Folk Rock",1983
947,David Bowie,The Man Who Sold the World,"Glam Rock, Psychedelic Rock",1970
948,Johnnie Ray,Cry,Traditional Pop,1951
949,The Jam,Down in the Tube Station at Midnight,"Mod Revival, New Wave",1978
950,Black Sabbath,War Pigs,"Hard Rock, Heavy Metal",1970
951,Journey,Don't Stop Believin',"AOR, Pop Rock",1981
952,Aretha Franklin,(You Make Me Feel Like) A Natural Woman,"Pop Soul, Southern Soul",1967
953,Lionel Hampton,Flying Home,Big Band,1942
954,Elton John,"Rocket Man (I Think It's Going to Be a Long, Long Time)",Piano Rock,1972
955,Grandmaster Flash and The Furious Five,The Adventures of Grandmaster Flash on the Wheels of Steel,"Disco Rap, East Coast Hip Hop, Instrumental Hip Hop, Turntablism",1981
956,Bruce Springsteen,Rosalita (Come Out Tonight),"Heartland Rock, Singer/Songwriter",1973
957,TV on the Radio,Staring at the Sun,"Art Rock, Indie Rock, Indietronica",2003
958,Naughty by Nature,O.P.P.,East Coast Hip Hop,1991
959,Eddie Cochran,C'mon Everybody,Rock & Roll,1958
960,Yeah Yeah Yeahs,Zero,"Alternative Dance, Electropop",2009
961,Little Willie John,Fever,Rhythm & Blues,1956
962,Nick Cave & The Bad Seeds,Into My Arms,Singer/Songwriter,1997
963,Bob Dylan,Blind Willie McTell,Singer/Songwriter,1991
964,Klaxons,Golden Skans,"Indie Pop, Post-Punk Revival",2007
965,The Beach Boys,Wouldn't It Be Nice,"Baroque Pop, Sunshine Pop",1966
966,The Contours,Do You Love Me,"Pop Soul, Rhythm & Blues",1962
967,Sister Sledge,We Are Family,"Disco, Pop Soul",1979
968,Spice Girls,Wannabe,Pop,1996
969,Stevie Wonder,Uptight (Everything's Alright),Motown Sound,1965
970,The Rolling Stones,Under My Thumb,"British Rhythm & Blues, Mod",1966
971,Blondie,Atomic,New Wave,1979
972,Kurtis Blow,The Breaks,"Disco Rap, East Coast Hip Hop",1980
973,Vampire Weekend,Harmony Hall,Indie Pop,2019
974,The Beatles,Golden Slumbers/Carry That Weight/The End,"Baroque Pop, Piano Rock, Symphonic Rock",1969
975,Sylvester,You Make me Feel (Mighty Real),Hi-NRG,1978
976,Green Day,Good Riddance (Time of Your Life),"Acoustic Rock, Pop Rock",1997
977,Suzanne Vega,Luka,"Dream Pop, Indie Pop, Singer/Songwriter",1987
978,Robert Wyatt,Sea Song,"Art Rock, Canterbury Scene, Singer/Songwriter",1974
979,The Crystals,Then He Kissed Me,"Brill Building, Girl Group",1963
980,Joni Mitchell,Help Me,"Folk Pop, Singer/Songwriter",1974
981,Cream,White Room,Acid Rock,1968
982,Tina Turner,What's Love Got to Do with It,"Adult Contemporary, Pop Soul",1984
983,ABBA,The Winner Takes It All,Europop,1980
984,The Supremes,Baby Love,"Girl Group, Motown Sound",1964
985,Yardbirds,For Your Love,"Beat Music, British Rhythm & Blues, Mod",1965
986,Faces,Stay with Me,Blues Rock,1971
987,Al Green,Take Me to the River,Southern Soul,1974
988,The Beatles,Please Please Me,Merseybeat,1963
989,Blind Willie Johnson,"Dark Was the Night, Cold Was the Ground",Acoustic Texas Blues,1927
990,Daryl Hall & John Oates,She's Gone,"Blue Eyed Soul, Pop Rock, Smooth Soul",1973
991,The Beatles,Rain,"Freakbeat, Psychedelic Rock",1966
992,The Platters,The Great Pretender,"Doo-Wop, Rhythm & Blues",1955
993,Kiss,Rock and Roll All Nite,"Glam Rock, Hard Rock",1975
994,Quintette du Hot Club de France avec Alix Combelle,Nuages,Jazz manouche,1940
995,Herbie Hancock,Rockit,"Electro, Turntablism",1983
996,Car Seat Headrest,Drunk Drivers/Killer Whales,Indie Rock,2016
997,The Who,Pinball Wizard,"Hard Rock, Rock Opera",1969
998,The Drifters,Up on the Roof,"Doo-Wop, Pop Soul",1962
999,Talking Heads,Burning Down the House,"New Wave, Pop Rock",1983
1000,The Young Rascals,Good Lovin',"Blue Eyed Soul, Pop Rock",1966
1001,James Brown,Cold Sweat,Funk,1967
1002,Stevie Wonder,Sir Duke,Pop Soul,1976
1003,Siouxsie and The Banshees,Hong Kong Garden,Post-Punk,1978
1004,T. Rex,20th Century Boy,Glam Rock,1973
1005,Destiny's Child,Say My Name,"Contemporary R&B, Pop",1999
1006,Radiohead,No Surprises,"Alternative Rock, Art Rock",1997
1007,Lead Belly,The Midnight Special,Delta Blues,1934
1008,Goldie,Inner City Life/Timeless (Part 1: Inner City Life),Atmospheric Drum and Bass,1994
1009,Neil Young with Crazy Horse,Like a Hurricane,"Hard Rock, Singer/Songwriter",1977
1010,Fugees,Ready or Not,"Boom Bap, East Coast Hip Hop",1996
1011,The Allman Brothers Band,Ramblin' Man,Southern Rock,1973
1012,Lloyd Price,Lawdy Miss Clawdy,"New Orleans R&B, Rhythm & Blues, Rock & Roll",1952
1013,Jackie Wilson,Lonely Teardrops,Pop Soul,1958
1014,Cameo,Word Up!,Synth Funk,1986
1015,Pixies,Gigantic,Indie Rock,1988
1016,House of Pain,Jump Around,West Coast Hip Hop,1992
1017,The Drifters,Save the Last Dance for Me,Pop Soul,1960
1018,Small Faces,Itchycoo Park,"Mod, Pop Rock, Psychedelic Pop",1967
1019,New Order,Temptation,"Alternative Dance, New Wave, Post-Punk",1982
1020,Kleerup feat. Robyn,With Every Heartbeat,"Electropop, Synthpop",2007
1021,The Chords,Sh-Boom,Doo-Wop,1954
1022,Wings,Live and Let Die,"Pop Rock, Progressive Pop",1973
1023,Ray Charles,I Can't Stop Loving You,"Country Soul, Traditional Pop",1962
1024,Bob Dylan,All Along the Watchtower,"Contemporary Folk, Folk Rock, Singer/Songwriter",1967
1025,Madonna,Music,"Dance-Pop, Electropop",2000
1026,The Turtles,Happy Together,"Psychedelic Pop, Sunshine Pop",1967
1027,Robyn,Honey,"Dance-Pop, Electropop, Progressive House",2018
1028,The Crickets,Not Fade Away,Rockabilly,1957
1029,Katy Perry,Teenage Dream,"Dance-Pop, Electropop",2010
1030,Danny and The Juniors,At the Hop,"Doo-Wop, Rock & Roll, Teen Pop",1957
1031,Hank Williams,Your Cheatin' Heart,Honky Tonk,1953
1032,Kanye West,Black Skinhead,"Hardcore Hip Hop, Industrial Hip Hop",2013
1033,Sam Cooke,Bring It On Home to Me,Soul,1962
1034,Chaka Khan,I Feel for You,"Contemporary R&B, Freestyle",1984
1035,The Allman Brothers Band,Whipping Post,"Blues Rock, Southern Rock",1969
1036,The Cars,Just What I Needed,"New Wave, Power Pop",1978
1037,The Rolling Stones,Get Off of My Cloud,British Rhythm & Blues,1965
1038,A Tribe Called Quest,We the People...,"Conscious Hip Hop, East Coast Hip Hop, Political Hip Hop",2016
1039,Parliament,Flash Light,"P-Funk, Synth Funk",1977
1040,Vince Staples,Norf Norf,"Hardcore Hip Hop, West Coast Hip Hop",2015
1041,Queen,Killer Queen,"Glam Rock, Pop Rock",1974
1042,Joy Division,She's Lost Control,Post-Punk,1979
1043,Steely Dan,Reelin' in the Years,Pop Rock,1972
1044,Fleet Foxes,Helplessness Blues,"Chamber Folk, Indie Folk",2011
1045,Beck,Devils Haircut,"Alternative Rock, Funk Rock",1996
1046,Santana,Black Magic Woman,"Blues Rock, Latin Rock",1970
1047,Edwyn Collins,A Girl Like You,Pop Rock,1994
1048,Curtis Mayfield,Superfly,"Chicago Soul, Film Soundtrack, Funk",1972
1049,Chuck Berry,Sweet Little Sixteen,Rock & Roll,1958
1050,Chris Isaak,Wicked Game,Pop Rock,1989
1051,The Specials,Gangsters,2 Tone,1979
1052,The Streets,Dry Your Eyes,"Pop Rap, UK Hip Hop",2004
1053,MGMT,Electric Feel,"Indietronica, Synth Funk",2007
1054,Van Halen,Runnin' with the Devil,Hard Rock,1978
1055,Madonna,Holiday,Freestyle,1983
1056,Clipse,Grindin',"Gangsta Rap, Southern Hip Hop",2002
1057,The Velvet Underground,Sister Ray,"Art Rock, Experimental Rock, Noise Rock, Proto-Punk",1968
1058,The Replacements,I Will Dare,Alternative Rock,1984
1059,Al Jolson,Swanee,Vaudeville,1920
1060,Simple Minds,Don't You (Forget About Me),"Film Soundtrack, New Wave, Pop Rock, Synthpop",1985
1061,The Beatles,Blackbird,"Chamber Folk, Folk Pop, Singer/Songwriter",1968
1062,Kitty Wells,It Wasn't God Who Made Honky Tonk Angels,Country,1952
1063,Dizzee Rascal,I Luv U,Grime,2003
1064,Manu Dibango,Soul Makossa,"Jazz-Funk, Makossa",1972
1065,New Order,Regret,"Alternative Dance, Pop Rock",1993
1066,Duke Ellington,"Black, Brown and Beige/Come Sunday",Big Band,1943
1067,The Carter Family,Can the Circle Be Unbroken (Bye and Bye),"Appalachian Folk Music, Country Gospel",1935
1068,The Orb,Little Fluffy Clouds,"Ambient House, Breakbeat",1990
1069,Wilbert Harrison,Kansas City,"Rhythm & Blues, Rock & Roll",1959
1070,Kanye West,Power,Hip Hop,2010
1071,The Kinks,Sunny Afternoon,Pop Rock,1966
1072,The Jimi Hendrix Experience,Crosstown Traffic,Psychedelic Rock,1968
1073,Charley Patton,Pony Blues,Delta Blues,1929
1074,Pet Shop Boys,It's a Sin,Synthpop,1987
1075,Frank Sinatra,One for My Baby,Vocal Jazz,1958
1076,Portishead,The Rip,Folktronica,2008
1077,Rae Sremmurd feat. Gucci Mane,Black Beatles,"Pop Rap, Southern Hip Hop",2016
1078,Dizzy Gillespie,Manteca,"Afro-Cuban Jazz, Big Band",1947
1079,Gene Chandler,Duke of Earl,"Doo-Wop, Rhythm & Blues",1961
1080,Four Tops,I Can't Help Myself,Motown Sound,1965
1081,The Beach Boys,In My Room,"Traditional Pop, Vocal Group",1963
1082,Bikini Kill,Rebel Girl,Riot Grrrl,1993
1083,Merle Haggard,Mama Tried,Bakersfield Sound,1968
1084,Snail Mail,Pristine,"Indie Pop, Indie Rock",2018
1085,The Temptations,Ain't Too Proud to Beg,Motown Sound,1966
1086,Paul Whiteman & His Concert Orchestra with George Gershwin,Rhapsody in Blue,"Big Band, Modern Classical",1924
1087,"""Tennessee"" Ernie Ford",Sixteen Tons,"Country Boogie, Rhythm & Blues, Vocal Jazz",1955
1088,The Drifters,On Broadway,"Brill Building, Pop Soul",1963
1089,The Surfaris,Wipe Out,"Rock & Roll, Surf Rock",1963
1090,Elastica,Connection,Britpop,1994
1091,The Trammps,Disco Inferno,Disco,1976
1092,Mamie Smith,Crazy Blues,Vaudeville Blues,1920
1093,Cee Lo Green,Fuck You!,"Contemporary R&B, Neo-Soul",2010
1094,The Chemical Brothers,Hey Boy Hey Girl,"Big Beat, Tech House",1999
1095,Foreigner,I Want to Know What Love Is,"AOR, Soft Rock",1984
1096,Bob Dylan,I Want You,"Folk Pop, Singer/Songwriter",1966
1097,Arcade Fire,The Suburbs,"Art Rock, Indie Rock",2010
1098,King Krule,Dum Surfer,"Art Rock, Indie Rock, Post-Punk",2017
1099,Duke Ellington,Black and Tan Fantasy,Big Band,1927
1100,Madness,Our House,"New Wave, Pop Rock",1982
1101,The Doobie Brothers,What a Fool Believes,"Blue Eyed Soul, Yacht Rock",1978
1102,Warren G feat. Nate Dogg,Regulate,"G-Funk, West Coast Hip Hop",1994
1103,Eels,Novocaine for the Soul,"Alternative Rock, Indie Pop",1996
1104,Al Green,Love and Happiness,Southern Soul,1972
1105,Beach House,Myth,"Dream Pop, Indie Pop",2012
1106,ABBA,Waterloo,Europop,1974
1107,Daft Punk,"Harder, Better, Faster, Stronger","French House, Funky House",2001
1108,The Streets,Weak Become Heroes,"UK Garage, UK Hip Hop",2002
1109,The Edwin Hawkins Singers,Oh Happy Day,Gospel,1968
1110,Neil Young with Crazy Horse,Down by the River,Country Rock,1969
1111,Suicide,Frankie Teardrop,"Industrial, Minimal Synth, No Wave",1977
1112,Frankie Goes to Hollywood,Two Tribes,Synthpop,1984
1113,Guns N' Roses,November Rain,Hard Rock,1991
1114,Leonard Cohen,"So Long, Marianne","Contemporary Folk, Singer/Songwriter",1967
1115,Led Zeppelin,Black Dog,Hard Rock,1971
1116,Elvis Presley,All Shook Up,Rock & Roll,1957
1117,Vampire Weekend,Step,"Baroque Pop, Indie Pop",2013
1118,Iron Butterfly,In-A-Gadda-Da-Vida,Acid Rock,1968
1119,Adele,Someone Like You,Pop Soul,2011
1120,Chance the Rapper feat. Lil Wayne & 2 Chainz,No Problem,Pop Rap,2016
1121,The Beta Band,Dry the Rain,"Indie Rock, Neo-Psychedelia",1997
1122,Van Morrison,Madame George,"Chamber Folk, Singer/Songwriter",1968
1123,Serge Gainsbourg & Brigitte Bardot,Bonnie and Clyde,"Baroque Pop, French Pop, Psychedelic Pop",1968
1124,Frankie Trumbauer & His Orchestra with Bix Beiderbecke,Singin' the Blues,Dixieland,1927
1125,The Moody Blues,Nights in White Satin,"Art Rock, Baroque Pop, Symphonic Rock",1967
1126,The Chemical Brothers,Setting Sun,"Big Beat, Neo-Psychedelia",1996
1127,Millie,My Boy Lollipop,"Bubblegum, Jamaican Ska",1964
1128,Nilsson,Without You,Baroque Pop,1971
1129,Ornette Coleman,Lonely Woman,Avant-Garde Jazz,1959
1130,Justin Bieber,Sorry,"Contemporary R&B, Dance-Pop, Tropical House",2015
1131,Black Flag,Rise Above,Hardcore Punk,1981
1132,Bruce Springsteen,I'm On Fire,"Heartland Rock, Pop Rock",1984
1133,Amy Winehouse,Back to Black,Pop Soul,2006
1134,Jeff Buckley,Grace,"Alternative Rock, Singer/Songwriter",1994
1135,Manu Chao,Clandestino,Latin Alternative,1998
1136,Eric B. & Rakim,I Know You Got Soul,"Boom Bap, East Coast Hip Hop",1987
1137,Bronski Beat,Smalltown Boy,Synthpop,1984
1138,Glenn Miller,Moonlight Serenade,"Big Band, Swing",1939
1139,The Jam,The Eton Rifles,"Mod Revival, New Wave, Power Pop",1979
1140,Flamin' Groovies,Shake Some Action,Power Pop,1976
1141,Lily Allen,Smile,"Pop, Pop Reggae",2006
1142,The Trashmen,Surfin' Bird,"Garage Rock, Surf Rock",1963
1143,Go-Go's,Our Lips Are Sealed,"New Wave, Pop Rock",1981
1144,The Smashing Pumpkins,"Tonight, Tonight","Alternative Rock, Symphonic Rock",1995
1145,Warren Zevon,Werewolves of London,"Halloween Music, Piano Rock, Singer/Songwriter",1978
1146,Mitch Ryder and The Detroit Wheels,Devil with a Blue Dress On & Good Golly Miss Molly,"Blue Eyed Soul, Rhythm & Blues, Rock & Roll",1966
1147,The Jimi Hendrix Experience,The Wind Cries Mary,"Blues Rock, Psychedelic Rock",1967
1148,Arcade Fire,Neighborhood #1 (Tunnels),"Chamber Pop, Indie Rock",2004
1149,Sonic Youth,Kool Thing,"Alternative Rock, Noise Rock",1990
1150,Manic Street Preachers,Motorcycle Emptiness,Alternative Rock,1992
1151,The Beatles,We Can Work It Out,"Folk Rock, Pop Rock",1965
1152,Lou Reed,Satellite of Love,Glam Rock,1972
1153,Depeche Mode,Just Can't Get Enough,Synthpop,1981
1154,Eagles,Desperado,Country Rock,1973
1155,The Beatles,Day Tripper,"Pop Rock, Rock & Roll",1965
1156,Lana Del Rey,The Greatest,"Singer/Songwriter, Soft Rock",2019
1157,Aretha Franklin,Think,Southern Soul,1968
1158,808 State,Pacific State,Acid House,1989
1159,Bachman-Turner Overdrive,You Ain't Seen Nothing Yet,Power Pop,1974
1160,Neutral Milk Hotel,"Holland, 1945","Folk Punk, Folk Rock, Lo-Fi / Slacker Rock",1998
1161,The Knife,Full of Fire,Industrial Techno,2013
1162,Manic Street Preachers,A Design for Life,"Britpop, Power Pop",1996
1163,Aaron Neville,Tell It Like It Is,Deep Soul,1966
1164,The Beatles with Billy Preston,Get Back,Blues Rock,1969
1165,Massive Attack with Tracey Thorn,Protection,Trip Hop,1994
1166,Lloyd Price,Stagger Lee,"New Orleans R&B, Rhythm & Blues",1958
1167,Rosalï¿½a and J Balvin feat. El Guincho,Con altura,Reggaeton,2019
1168,Elvis Costello and The Attractions,"Radio, Radio","New Wave, Power Pop",1978
1169,Ma Rainey,See See Rider Blues,Vaudeville Blues,1925
1170,St. Vincent,Digital Witness,Art Pop,2014
1171,The Killers,All These Things That I've Done,"Pop Rock, Post-Punk Revival",2004
1172,George McCrae,Rock Your Baby,"Disco, Pop Soul",1974
1173,Les Brown & His Orchestra,Sentimental Journey,"Big Band, Traditional Pop, Vocal Jazz",1944
1174,Lena Horne,Stormy Weather,Vocal Jazz,1942
1175,David Bowie,Station to Station,"Art Rock, Funk Rock",1976
1176,Bill Doggett,Honky Tonk,Rhythm & Blues,1956
1177,Dion,The Wanderer,Rock & Roll,1961
1178,Roger Miller,King of the Road,Country Pop,1965
1179,David Bowie,Modern Love,"New Wave, Pop Rock",1983
1180,The Meters,Cissy Strut,Funk,1969
1181,Bob Dylan,Mr. Tambourine Man,"Contemporary Folk, Singer/Songwriter",1965
1182,A Guy Called Gerald,Voodoo Ray,Acid House,1988
1183,Sly and the Family Stone,I Want to Take You Higher,"Pop Soul, Psychedelic Soul",1969
1184,Elton John,Bennie and the Jets,Piano Rock,1973
1185,Electric Light Orchestra,Mr. Blue Sky,"Pop Rock, Symphonic Rock",1977
1186,The B-52's,Love Shack,"New Wave, Pop Rock",1989
1187,Kanye West feat. Rihanna,All of the Lights,Pop Rap,2010
1188,Queens of the Stone Age,Feel Good Hit of the Summer,Stoner Rock,2000
1189,Band of Horses,The Funeral,Indie Rock,2006
1190,Haim,The Wire,Pop Rock,2013
1191,Mobb Deep,Shook Ones (Part II),"Boom Bap, East Coast Hip Hop, Gangsta Rap",1995
1192,Arrested Development,Tennessee,"Boom Bap, Conscious Hip Hop, Southern Hip Hop",1992
1193,Lil Uzi Vert,XO Tour Llif3,"Emo Rap, Pop Rap, Trap",2017
1194,Clyde McPhatter & The Drifters,Money Honey,"Doo-Wop, Rhythm & Blues",1953
1195,The Jam,Town Called Malice,"Mod Revival, New Wave, Pop Rock",1982
1196,The Cure,Friday I'm in Love,Jangle Pop,1992
1197,The Animals,We Gotta Get Out of This Place,"British Rhythm & Blues, Mod",1965
1198,Wire,Outdoor Miner,"Art Punk, Post-Punk",1978
1199,INXS,Need You Tonight,"New Wave, Pop Rock",1987
1200,Parliament,Tear the Roof Off the Sucker (Give Up the Funk),P-Funk,1975
1201,Taylor Swift,All Too Well,"Pop Rock, Singer/Songwriter",2012
1202,The Notorious B.I.G.,Hypnotize,"East Coast Hip Hop, Gangsta Rap, Pop Rap",1997
1203,Autre Ne Veut,Play by Play,"Alternative R&B, Art Pop, Synthpop",2013
1204,Coolio feat. L.V.,Gangsta's Paradise,"Conscious Hip Hop, Gangsta Rap, West Coast Hip Hop",1995
1205,Patsy Cline,Walkin' After Midnight,Nashville Sound,1957
1206,The Velvet Underground,Pale Blue Eyes,Pop Rock,1969
1207,Pet Shop Boys,Being Boring,"Sophisti-Pop, Synthpop",1990
1208,Mr. Fingers,Can You Feel It,"Chicago House, Deep House",1986
1209,Liz Phair,Fuck and Run,Lo-Fi / Slacker Rock,1993
1210,The Staple Singers,Respect Yourself,Southern Soul,1971
1211,Carole King,You've Got a Friend,"Piano Rock, Singer/Songwriter",1971
1212,The Band,Up on Cripple Creek,"Country Rock, Roots Rock",1969
1213,Madonna,Material Girl,"Dance-Pop, Synthpop",1984
1214,Jerry Butler with The Impressions,For Your Precious Love,Soul,1958
1215,The Beatles,Can't Buy Me Love,Merseybeat,1964
1216,Chuck Berry,Rock and Roll Music,Rock & Roll,1957
1217,Aldous Harding,The Barrel,"Contemporary Folk, Singer/Songwriter",2019
1218,Donovan,Season of the Witch,"Folk Rock, Psychedelic Rock",1966
1219,The Special A.K.A.,Free Nelson Mandela,2 Tone,1984
1220,Johnny Burnette,The Train Kept A-Rollin',Rockabilly,1956
1221,The Psychedelic Furs,Pretty in Pink,"New Wave, Post-Punk",1981
1222,The Specials,A Message to You Rudy,"2 Tone, Rocksteady",1979
1223,Todd Terje,Inspector Norse,"Nu-Disco, Space Disco",2012
1224,Desmond Dekker & The Aces,007 (Shanty Town),"Jamaican Ska, Rocksteady",1967
1225,Nat King Cole,(Get Your Kicks On) Route 66,Vocal Jazz,1946
1226,ANOHNI,Drone Bomb Me,"Art Pop, Electropop",2016
1227,Gotye feat. Kimbra,Somebody That I Used to Know,"Art Pop, Indie Pop",2011
1228,U2,I Will Follow,Post-Punk,1980
1229,The Chiffons,He's So Fine,"Brill Building, Girl Group",1963
1230,Weather Report,Birdland,Jazz Fusion,1977
1231,At the Drive-In,One Armed Scissor,Post-Hardcore,2000
1232,Fine Young Cannibals,She Drives Me Crazy,"New Wave, Pop Rock",1988
1233,Gene Kelly,Singin' in the Rain,"Film Soundtrack, Show Tunes, Traditional Pop, Vocal Jazz",1952
1234,Sly and the Family Stone,Hot Fun in the Summertime,Pop Soul,1969
1235,Paul Simon,Graceland,"Pop Rock, Singer/Songwriter",1986
1236,Kate Bush,Hounds of Love,Art Pop,1985
1237,Leonard Cohen,Chelsea Hotel #2,"Contemporary Folk, Singer/Songwriter",1974
1238,Fleetwood Mac,The Chain,Pop Rock,1977
1239,The Smiths,Bigmouth Strikes Again,"Indie Pop, Jangle Pop",1986
1240,Bryan Adams,Summer of '69,"Heartland Rock, Pop Rock",1984
1241,Joni Mitchell,Free Man in Paris,"Folk Pop, Singer/Songwriter",1974
1242,The War on Drugs,Under the Pressure,Indie Rock,2014
1243,Archie Bell & The Drells,Tighten Up,"Funk, Pop Soul",1968
1244,Blind Willie McTell,Statesboro Blues,Piedmont Blues,1928
1245,Fiona Apple,Criminal,"Piano Rock, Singer/Songwriter",1996
1246,Jay-Z feat. UGK,Big Pimpin',East Coast Hip Hop,1999
1247,The Jam,In the City,"Mod Revival, New Wave, Punk Rock",1977
1248,Sex Pistols,Holidays in the Sun,Punk Rock,1977
1249,Annie,Heartbeat,Dance-Pop,2004
1250,Aerosmith,Sweet Emotion,Hard Rock,1975
1251,Henry Mancini,Moon River,"Film Score, Lounge, Traditional Pop",1961
1252,David Bowie,Golden Years,"Art Rock, Funk Rock",1975
1253,Cloud Nothings,I'm Not Part of Me,Indie Rock,2014
1254,Missy Misdemeanor Elliott,The Rain (Supa Dupa Fly),Hip Hop,1997
1255,Grace Jones,Pull Up to the Bumper,"Dance-Pop, Synth Funk",1981
1256,Dexys Midnight Runners,Geno,"Blue Eyed Soul, New Wave, Ska",1980
1257,Bill Withers,Lean on Me,Pop Soul,1972
1258,Aaliyah,Are You That Somebody?,Contemporary R&B,1998
1259,Prince and The Revolution,Raspberry Beret,"Pop Rock, Psychedelic Pop",1985
1260,Neil Young,Cinnamon Girl,Hard Rock,1969
1261,The Melodians,Rivers of Babylon,"Rocksteady, Roots Reggae",1970
1262,Little Feat,Willin',Country Rock,1972
1263,The Modern Jazz Quartet,Django,Cool Jazz,1955
1264,The Rolling Stones,Beast of Burden,Blues Rock,1978
1265,Radiohead,There There,"Alternative Rock, Art Rock",2003
1266,St. Vincent,New York,"Art Pop, Singer/Songwriter",2017
1267,Joe Cocker,With a Little Help from My Friends,"Blue Eyed Soul, Blues Rock",1968
1268,The Smiths,Heaven Knows I'm Miserable Now,"Indie Pop, Jangle Pop",1984
1269,Suicide,Ghost Rider,"Minimal Synth, Synth Punk",1977
1270,David Bowie,Where Are We Now?,"Art Pop, Singer/Songwriter",2013
1271,The Smashing Pumpkins,Bullet with Butterfly Wings,Alternative Rock,1995
1272,Skepta,Shutdownï¿½,Grime,2015
1273,Dizzee Rascal feat. Armand Van Helden,Bonkers,"Fidget House, Hip House, UK Hip Hop",2009
1274,The Guess Who,American Woman,Blues Rock,1970
1275,Pulp,This Is Hardcore,"Art Rock, Chamber Pop",1998
1276,Jay-Z,Hard Knock Life (Ghetto Anthem),"East Coast Hip Hop, Pop Rap",1998
1277,Donna Summer,Hot Stuff,Disco,1979
1278,Green Day,Longview,Pop Punk,1994
1279,Elvis Presley,Can't Help Falling in Love,"Blue Eyed Soul, Film Soundtrack",1961
1280,Fleetwood Mac,Oh Well,"Blues Rock, Psychedelic Rock",1969
1281,X-Ray Spex,Oh Bondage Up Yours!,Punk Rock,1977
1282,Queen,Another One Bites the Dust,"Disco, Pop Rock",1980
1283,Domenico Modugno,"Nel blu, dipinto di blu (""Volare"")","Italo Pop, Traditional Pop",1958
1284,Beastie Boys,Intergalactic,"East Coast Hip Hop, Electro",1998
1285,The Rolling Stones,19th Nervous Breakdown,"British Rhythm & Blues, Mod",1966
1286,Morrissey,First of the Gang to Die,Britpop,2004
1287,Hank Williams,"Cold, Cold Heart",Honky Tonk,1951
1288,R.E.M.,Fall on Me,Jangle Pop,1986
1289,R.E.M.,Man on the Moon,"Alternative Rock, Pop Rock",1992
1290,The Young Rascals,Groovin',"Blue Eyed Soul, Pop Rock, Sunshine Pop",1967
1291,The Horrors,Sea Within a Sea,"Neo-Psychedelia, Post-Punk",2009
1292,Cat Power,The Greatest,"Chamber Pop, Singer/Songwriter",2006
1293,Pink Floyd,Arnold Layne,"Psychedelic Pop, Psychedelic Rock",1967
1294,Lydia Mendoza,Mal Hombre,Tejano,1934
1295,The Cure,Pictures of You,"Dream Pop, Post-Punk",1989
1296,The Who,The Kids Are Alright,"Beat Music, Mod",1965
1297,The Avalanches,Frontier Psychiatrist,"Instrumental Hip Hop, Plunderphonics",2000
1298,The Beatles,With a Little Help from My Friends,Pop Rock,1967
1299,The Searchers,Needles and Pins,Merseybeat,1964
1300,The Libertines,Time for Heroes,"Garage Rock Revival, Indie Rock",2002
1301,Amadou & Mariam,Sabali,Electropop,2008
1302,Bob Dylan,Mississippi,"Folk Rock, Singer/Songwriter",2001
1303,Slayer,Angel of Death,Thrash Metal,1986
1304,DJ Shadow,Midnight in a Perfect World,"Instrumental Hip Hop, Plunderphonics, Trip Hop",1996
1305,Nick Cave and The Bad Seeds + Kylie Minogue,Where the Wild Roses Grow,"Chamber Pop, Singer/Songwriter",1995
1306,The Strokes,Someday,"Garage Rock Revival, Indie Rock",2001
1307,Talking Heads,Life During Wartime,"New Wave, Post-Punk",1979
1308,Johnny Kidd and The Pirates,Shakin' All Over,Rock & Roll,1960
1309,Smashing Pumpkins,Today,Alternative Rock,1993
1310,New Order,Ceremony,Post-Punk,1981
1311,Thunderclap Newman,Something in the Air,"Pop Rock, Psychedelic Pop",1969
1312,Van Morrison,Into the Mystic,"Folk Rock, Rhythm & Blues, Singer/Songwriter",1970
1313,OutKast,Rosa Parks,"Conscious Hip Hop, Southern Hip Hop",1998
1314,The Smiths,Panic,"Indie Pop, Jangle Pop",1986
1315,Interpol,Obstacle 1,Post-Punk Revival,2002
1316,Bruce Springsteen,Streets of Philadelphia,"Pop Rock, Singer/Songwriter",1993
1317,The Shangri-Las,Remember (Walkin' in the Sand),"Brill Building, Girl Group",1964
1318,David Bowie,Suffragette City,Glam Rock,1972
1319,The Saints,(I'm) Stranded,Punk Rock,1976
1320,Metallica,One,Thrash Metal,1988
1321,Roberta Flack,The First Time Ever I Saw Your Face,Smooth Soul,1969
1322,Disclosure feat. AlunaGeorge,White Noise,"House, UK Funky",2013
1323,Charli XCX,Boys,Electropop,2017
1324,Bob Dylan,Sad Eyed Lady of the Lowlands,"Contemporary Folk, Folk Rock, Singer/Songwriter",1966
1325,Midnight Oil,Beds Are Burning,Pop Rock,1987
1326,The Electric Prunes,I Had Too Much to Dream (Last Night),"Garage Rock, Psychedelic Rock",1966
1327,Elliott Smith,Between the Bars,"Indie Folk, Singer/Songwriter",1997
1328,Hot Chip,Ready for the Floor,"Alternative Dance, Indietronica",2008
1329,Buddy Holly,Rave On,Rockabilly,1958
1330,Radiohead,Burn the Witch,"Art Pop, Chamber Pop",2016
1331,Duane Eddy,Rebel Rouser,Rock & Roll,1958
1332,The Notorious B.I.G. feat. Ma$e & Puff Daddy,Mo Money Mo Problems,East Coast Hip Hop,1997
1333,Miguel,Adorn,Alternative R&B,2012
1334,LL Cool J,I Can't Live Without My Radio,East Coast Hip Hop,1985
1335,The Stone Roses,I Am the Resurrection,"Baggy / Madchester, Neo-Psychedelia",1989
1336,Roxy Music,Do the Strand,"Art Rock, Glam Rock",1973
1337,The Rolling Stones,Happy,Blues Rock,1972
1338,The Slits,Typical Girls,"Art Punk, Post-Punk",1979
1339,The Byrds,I'll Feel a Whole Lot Better,Folk Rock,1965
1340,The Doors,Break On Through (To the Other Side),"Blues Rock, Psychedelic Rock",1967
1341,Fleetwood Mac,Rhiannon (Will You Ever Win),Pop Rock,1975
1342,Björk,Army of Me,"Art Pop, Electronic, Industrial Rock",1995
1343,The O'Jays,Love Train,"Philly Soul, Pop Soul",1972
1344,Bob Dylan,Not Dark Yet,"Americana, Singer/Songwriter",1997
1345,Diana Ross,Love Hangover,"Disco, Soul",1976
1346,The Jackson 5,ABC,"Bubblegum, Motown Sound",1970
1347,Mission of Burma,That's When I Reach for My Revolver,Post-Punk,1981
1348,Jane's Addiction,Been Caught Stealing,"Alternative Rock, Funk Rock",1990
1349,Tim Buckley,Song to the Siren,"Avant-Folk, Experimental Rock, Singer/Songwriter",1970
1350,Franz Ferdinand,Do You Want To,Post-Punk Revival,2005
1351,No Doubt,Don't Speak,"Alternative Rock, Pop Rock",1995
1352,Grimes,REALiTi,Synthpop,2015
1353,Lipps Inc.,Funkytown,Electro-Disco,1979
1354,Bat for Lashes,Laura,"Art Pop, Singer/Songwriter",2012
1355,Artie Shaw,Begin the Beguine,Swing,1938
1356,Doug E. Fresh,The Show,East Coast Hip Hop,1985
1357,The Jimi Hendrix Experience,Fire,"Acid Rock, Hard Rock",1967
1358,Moloko,Sing It Back (Boris Musical Mix),Funky House,1999
1359,The Chi-Lites,Have You Seen Her,"Chicago Soul, Smooth Soul",1971
1360,Radiohead,Let Down,"Alternative Rock, Art Rock",1997
1361,IDLES,Danny Nedelko,"Art Punk, Post-Hardcore, Post-Punk",2018
1362,Toots and The Maytals,54 46 (Was My Number),Reggae,1968
1363,Lorraine Ellison,Stay with Me,Deep Soul,1966
1364,The Charlatans,The Only One I Know,"Baggy / Madchester, Neo-Psychedelia",1990
1365,A Tribe Called Quest,Scenario,"East Coast Hip Hop, Hardcore Hip Hop",1991
1366,Stevie Wonder,You Are the Sunshine of My Life,Pop Soul,1972
1367,Yo La Tengo,Autumn Sweater,"Dream Pop, Indie Pop",1997
1368,The Stone Roses,She Bangs the Drums,"Baggy / Madchester, Indie Pop, Jangle Pop",1989
1369,Hole,Celebrity Skin,"Alternative Rock, Power Pop",1998
1370,Norman Greenbaum,Spirit in the Sky,"Christian Rock, Psychedelic Rock",1969
1371,Jimmy Ruffin,What Becomes of the Brokenhearted,Motown Sound,1966
1372,Cheap Trick,I Want You to Want Me,"Hard Rock, Power Pop",1978
1373,The Jimi Hendrix Experience,Manic Depression,"Acid Rock, Blues Rock",1967
1374,Peter Gabriel,In Your Eyes,"Art Pop, Pop Rock",1986
1375,The Offspring,Come Out and Play,"Grunge, Pop Punk, Skate Punk",1994
1376,Charles Trenet,La Mer,Chanson,1946
1377,The Orioles,Crying in the Chapel,Doo-Wop,1953
1378,Peggy Lee,Fever,Vocal Jazz,1958
1379,The Beatles,She's Leaving Home,Baroque Pop,1967
1380,Prince and The Revolution,Let's Go Crazy,"Funk Rock, Pop Rock",1984
1381,Michael Jackson,Wanna Be Startin' Somethin',"Dance-Pop, Disco, Synth Funk",1982
1382,DJ Koze,Pick Up,"Deep House, French House, Nu-Disco",2018
1383,The Rolling Stones,Rocks Off,Blues Rock,1972
1384,Petula Clark,Downtown,Pop,1964
1385,Fiona Apple,Every Single Night,"Art Pop, Chamber Pop, Singer/Songwriter",2012
1386,Slade,Cum On Feel the Noize,"Glam Rock, Hard Rock",1973
1387,America,A Horse with No Name,"Folk Pop, Folk Rock",1971
1388,Jackie Wilson,Reet Petite (The Finest Girl You Ever Want to Meet),"Rhythm & Blues, Rock & Roll",1957
1389,Kraftwerk,Die Roboter/The Robots,Synthpop,1978
1390,Ruth Brown,"Mama, He Treats Your Daughter Mean",Rhythm & Blues,1953
1391,Natalie Imbruglia,Torn,Pop Rock,1997
1392,Talking Heads,This Must Be the Place (Naive Melody),New Wave,1983
1393,Depeche Mode,Never Let Me Down Again,Synthpop,1987
1394,Alabama Shakes,Hold On,"Blues Rock, Southern Rock",2011
1395,The Flying Burrito Bros,Sin City,Country Rock,1969
1396,The KLF,What Time Is Love? (Live at Transcentral),Acid House,1990
1397,The National,Fake Empire,"Chamber Pop, Indie Rock",2007
1398,Nina Simone,My Baby Just Cares for Me,Vocal Jazz,1958
1399,Fleet Foxes,Mykonos,"Chamber Folk, Indie Folk, Indie Pop",2008
1400,Def Leppard,Photograph,Glam Metal,1983
1401,The Seeds,Pushin' Too Hard,Garage Rock,1965
1402,Whitney Houston,I Will Always Love You,"Adult Contemporary, Pop Soul",1992
1403,The Drifters,Under the Boardwalk,Pop Soul,1964
1404,Prince,When You Were Mine,Pop Rock,1980
1405,The Raconteurs,"Steady, As She Goes","Garage Rock Revival, Indie Rock",2006
1406,Michael Jackson,Man in the Mirror,"Adult Contemporary, Pop Soul",1987
1407,Elvis Costello,Pump It Up,New Wave,1978
1408,Bruce Springsteen,Badlands,"Heartland Rock, Singer/Songwriter",1978
1409,Townes Van Zandt,Pancho and Lefty,"Progressive Country, Singer/Songwriter",1972
1410,The Rolling Stones,The Last Time,"British Rhythm & Blues, Mod",1965
1411,Biz Markie,Just a Friend,"Boom Bap, East Coast Hip Hop, Pop Rap",1989
1412,James Blake,Limit to Your Love,"Alternative R&B, Art Pop, UK Bass",2010
1413,Sigur Rï¿½s,Hoppípolla,"Dream Pop, Post-Rock",2005
1414,Bob Dylan,Simple Twist of Fate,"Contemporary Folk, Singer/Songwriter",1975
1415,Buzzcocks,Orgasm Addict,Punk Rock,1977
1416,The Cure,In Between Days,"Jangle Pop, New Wave",1985
1417,Martha and The Vandellas,Nowhere to Run,"Girl Group, Motown Sound",1965
1418,Blur,The Universal,"Britpop, Chamber Pop",1995
1419,Madonna,Papa Don't Preach,"Dance-Pop, Synthpop",1986
1420,CSS,Let's Make Love and Listen to Death from Above,"Alternative Dance, Dance-Pop, Dance-Punk",2005
1421,Bob Dylan,Girl from the North Country,"Contemporary Folk, Singer/Songwriter",1963
1422,Daryl Hall & John Oates,I Can't Go for That (No Can Do),"Pop Rock, Pop Soul",1981
1423,Hank Williams,Lovesick Blues,Traditional Country,1949
1424,The Beach Boys,Heroes and Villains,"Baroque Pop, Progressive Pop, Psychedelic Pop",1967
1425,Grand Funk Railroad,We're an American Band,Hard Rock,1973
1426,Wham! feat. George Michael,Careless Whisper,"Blue Eyed Soul, Pop Soul, Sophisti-Pop",1984
1427,Tom Waits,Tom Traubert's Blues (Four Sheets to the Wind in Copenhagen),"Piano Blues, Singer/Songwriter",1976
1428,Flying Lotus feat. Kendrick Lamar,Never Catch Me,"Abstract Hip Hop, Conscious Hip Hop, Wonky",2014
1429,Pretenders,Back on the Chain Gang,"Jangle Pop, New Wave",1982
1430,John Lennon/Plastic Ono Band,God,"Piano Rock, Singer/Songwriter",1970
1431,Steve Miller Band,The Joker,Pop Rock,1973
1432,Marty Robbins,El Paso,Cowboy,1959
1433,Supergrass,Alright,"Britpop, Power Pop",1995
1434,Billy Paul,Me and Mrs. Jones,"Philly Soul, Smooth Soul",1972
1435,Jamie xx,Goshï¿½,"Hardcore Breaks, UK Bass",2015
1436,Robyn,Be Mine,"Art Pop, Dance-Pop",2005
1437,The Church,Under the Milky Way,Jangle Pop,1988
1438,Calvin Harris feat. Frank Ocean and Migos,Slide,"Dance-Pop, Nu-Disco",2017
1439,Bruce Springsteen,Brilliant Disguise,Pop Rock,1987
1440,Alice Cooper,Eighteen [I'm Eighteen],"Garage Rock, Glam Rock, Hard Rock",1970
1441,Erykah Badu,On & On,Neo-Soul,1996
1442,Steely Dan,Do It Again,"Jazz-Rock, Pop Rock",1972
1443,Neil Young,Cowgirl in the Sand,Hard Rock,1969
1444,Canned Heat,On the Road Again,Blues Rock,1968
1445,The Monkees,Last Train to Clarksville,Pop Rock,1966
1446,Beyoncï¿½,Countdown,"Contemporary R&B, Dance-Pop",2011
1447,Primal Scream,Higher Than the Sun,"Alternative Dance, Ambient House, Downtempo, Neo-Psychedelia",1991
1448,Steely Dan,Rikki Don't Lose That Number,Pop Rock,1974
1449,Funkadelic,Maggot Brain,Psychedelic Rock,1971
1450,Eric Clapton,Tears in Heaven,"Acoustic Rock, Adult Contemporary, Singer/Songwriter, Soft Rock",1992
1451,T. Rex,Jeepster,Glam Rock,1971
1452,Bing Crosby,Brother Can You Spare a Dime,Traditional Pop,1932
1453,Justin Timberlake,Rock Your Body,Dance-Pop,2002
1454,Santana feat. Rob Thomas,Smooth,"Latin Rock, Pop Rock",1999
1455,Neu!,Hallogallo,Krautrock,1972
1456,Red Hot Chili Peppers,Scar Tissue,"Alternative Rock, Pop Rock",1999
1457,ABBA,S.O.S.,Europop,1975
1458,Four Tops,Baby I Need Your Loving,Motown Sound,1964
1459,The Rolling Stones,She's a Rainbow,"Baroque Pop, Psychedelic Pop",1967
1460,Bunny Berigan,I Can't Get Started,Big Band,1936
1461,Saint Etienne,Only Love Can Break Your Heart,Alternative Dance,1990
1462,Ol' Dirty Bastard feat. Kelis,Got Your Money,East Coast Hip Hop,1999
1463,Red Hot Chili Peppers,Californication,Alternative Rock,1999
1464,Beyoncï¿½ feat. Jay-Z,Drunk In Love,Contemporary R&B,2013
1465,Dead or Alive,You Spin Me Round (Like a Record),"Dance-Pop, Hi-NRG, Synthpop",1984
1466,Bix Beiderbecke,In a Mist,Dixieland,1927
1467,LL Cool J,Mama Said Knock You Out,"Boom Bap, East Coast Hip Hop, Hardcore Hip Hop",1990
1468,Run the Jewels feat. Zack de la Rocha,Close Your Eyes (And Count to Fuck),Hardcore Hip Hop,2014
1469,Burning Spear,Marcus Garvey,Roots Reggae,1975
1470,Sigur Rï¿½s,Svefn-G-Englar,"Dream Pop, Post-Rock",1999
1471,Faith No More,Epic,Rap Metal,1989
1472,SZA feat. Travis Scott,Love Galore,Alternative R&B,2017
1473,Bob Marley and The Wailers,One Love/People Get Ready,Roots Reggae,1977
1474,The Rolling Stones,Midnight Rambler,Blues Rock,1969
1475,Curtis Mayfield,Freddie's Dead,"Chicago Soul, Film Soundtrack, Funk",1972
1476,Elton John,Candle in the Wind,Piano Rock,1973
1477,The Ink Spots,If I Didn't Care,"Traditional Pop, Vocal Group",1939
1478,The Beach Boys,"Caroline, No","Art Pop, Baroque Pop",1966
1479,The Cranberries,Zombie,Alternative Rock,1994
1480,The Beatles,The Long and Winding Road,"Adult Contemporary, Baroque Pop, Piano Rock",1970
1481,Neil Young & Crazy Horse,Powderfinger,"Country Rock, Hard Rock",1979
1482,ABC,The Look of Love,"New Romantic, Pop",1982
1483,Herbie Hancock,Chameleon,"Jazz Fusion, Jazz-Funk",1973
1484,Run-D.M.C.,Rock Box,"East Coast Hip Hop, Hardcore Hip Hop",1984
1485,Vampire Weekend,Diane Young,Indie Rock,2013
1486,Patti Page,Tennessee Waltz,Traditional Pop,1950
1487,ABBA,"Knowing Me, Knowing You",Europop,1976
1488,The Knife,Silent Shout,"Minimal Techno, Synthpop",2006
1489,Thom Yorke,Dawn Chorus,"Ambient Pop, Glitch Pop",2019
1490,Patti Smith Group,Dancing Barefoot,"Art Rock, Singer/Songwriter",1979
1491,The Smiths,What Difference Does It Make?,"Indie Pop, Jangle Pop",1984
1492,Sam Cooke,Shake,"Rhythm & Blues, Soul",1964
1493,The Velvet Underground & Nico,All Tomorrow's Parties,"Art Rock, Experimental Rock",1966
1494,Spinners,I'll Be Around,"Philly Soul, Smooth Soul",1972
1495,Etta James,I'd Rather Go Blind,"Soul Blues, Southern Soul",1967
1496,James Brown,The Payback,Funk,1973
1497,Dale Hawkins,Susie-Q,"Rock & Roll, Swamp Rock",1957
1498,Björk,Venus As a Boy,Art Pop,1993
1499,Santana,Oye Como Va,"Latin Rock, Psychedelic Rock",1970
1500,Junior Senior,Move Your Feet,"Dance-Pop, Funky House",2002
1501,"Earth, Wind & Fire",Shining Star,"Funk, Soul",1975
1502,Shannon,Let the Music Play,"Electro-Disco, Freestyle",1983
1503,Foals,Spanish Sahara,"Art Rock, Indie Rock, Post-Rock",2010
1504,Richard Harris,Macarthur Park,Baroque Pop,1968
1505,The Beatles,Taxman,Pop Rock,1966
1506,The Staple Singers,I'll Take You There,Soul,1972
1507,Dolly Parton,I Will Always Love You,Nashville Sound,1974
1508,Prince,If I Was Your Girlfriend,"Contemporary R&B, Funk, Pop Rock",1987
1509,Gregory Isaacs,Night Nurse,Reggae,1982
1510,Eric B. & Rakim,Follow the Leader,"East Coast Hip Hop, Hardcore Hip Hop",1988
1511,Estelle feat. Kanye West,American Boy,"Contemporary R&B, Dance-Pop, Funktronica",2008
1512,Deerhunter,Helicopter,"Indie Pop, Neo-Psychedelia",2010
1513,The Normal,Warm Leatherette,"Minimal Synth, Synth Punk",1978
1514,Sweet,Ballroom Blitz,Glam Rock,1973
1515,Kacey Musgraves,Slow Burn,"Contemporary Country, Singer/Songwriter",2018
1516,The Weavers,Goodnight Irene,Contemporary Folk,1950
1517,Los Fabulosos Cadillacs,Matador,"Batucada, Latin Alternative, Murga",1993
1518,Three 6 Mafia feat. Young Buck and 8Ball & MJG,Stay Fly,"Dirty South, Southern Hip Hop",2005
1519,Cypress Hill,How I Could Just Kill a Man,"Gangsta Rap, West Coast Hip Hop",1991
1520,Sampha,(No One Knows Me) Like the Piano,Neo-Soul,2017
1521,Creedence Clearwater Revival,Green River,Swamp Rock,1969
1522,This Mortal Coil,Song to the Siren,"Ambient Pop, Dream Pop, Ethereal Wave",1983
1523,Augustus Pablo,King Tubby Meets the Rockers Uptown,Dub,1974
1524,Plastic Ono Band,Give Peace a Chance,"Contemporary Folk, Folk Rock, Singer/Songwriter",1969
1525,Usher feat. Lil Jon & Ludacris,Yeah!,"Contemporary R&B, Dance-Pop, Southern Hip Hop",2004
1526,Happy Mondays,Kinky Afro,Baggy / Madchester,1990
1527,Digital Underground,The Humpty Dance,West Coast Hip Hop,1990
1528,Pusha T,If You Know You Know,"Gangsta Rap, Southern Hip Hop",2018
1529,Gram Parsons,Return of the Grievous Angel,"Country, Singer/Songwriter",1974
1530,Carpenters,(They Long to Be) Close to You,Baroque Pop,1970
1531,Louis Jordan and His Tympany Five,Choo Choo Ch'Boogie,"Jump-Blues, Swing",1946
1532,Phil Ochs,I Ain't Marchin' Anymore,"Contemporary Folk, Singer/Songwriter",1965
1533,The Cramps,Human Fly,"Garage Punk, Psychobilly, Punk Blues",1978
1534,New Order,Crystal,Alternative Dance,2001
1535,The Marcels,Blue Moon,Doo-Wop,1961
1536,Deerhunter,Nothing Ever Happened,"Indie Rock, Neo-Psychedelia",2008
1537,Yoko Ono,Walking on Thin Ice,"Dance-Punk, New Wave",1981
1538,Frank Ocean,Chanel,"Alternative R&B, Pop Rap",2017
1539,Nine Inch Nails,Head Like a Hole,Industrial Rock,1989
1540,Drake,Nice for What,Pop Rap,2018
1541,The xx,On Hold,"Indietronica, UK Bass",2016
1542,The Prodigy,Smack My Bitch Up,Big Beat,1997
1543,Kim Carnes,Bette Davis Eyes,Pop,1981
1544,The Beatles,For No One,Baroque Pop,1966
1545,Neil Diamond,Sweet Caroline (Good Times Never Seemed So Good),"Singer/Songwriter, Sunshine Pop",1969
1546,Bob Dylan,Shelter from the Storm,"Contemporary Folk, Singer/Songwriter",1975
1547,Kaiser Chiefs,I Predict a Riot,Post-Punk Revival,2004
1548,Animal Collective,Summertime Clothes,"Neo-Psychedelia, Psychedelic Pop, Synthpop",2009
1549,The Isley Brothers,That Lady,"Funk, Soul",1973
1550,Robyn,Missing U,"Dance-Pop, Electropop, Synthpop",2018
1551,Björk,Human Behaviour,Art Pop,1993
1552,KC and The Sunshine Band,That's the Way (I Like It),"Disco, Funk",1975
1553,Robert Johnson,Sweet Home Chicago,Delta Blues,1936
1554,Led Zeppelin,Heartbreaker,"Blues Rock, Hard Rock",1969
1555,Dillinger,Cocaine in My Brain,Deejay,1976
1556,Elastica,Stutter,"Britpop, Pop Punk",1993
1557,Phosphorescent,Song for Zula,"Art Pop, Chamber Pop",2013
1558,Elvis Costello and The Attractions,"(What's So Funny 'Bout) Peace, Love and Understanding","New Wave, Power Pop",1978
1559,Mr. Oizo,Flat Beat,Electro House,1999
1560,Marilyn Manson,The Beautiful People,"Industrial Metal, Industrial Rock",1996
1561,The Monkees,Daydream Believer,Sunshine Pop,1967
1562,Alicia Keys,Fallin',"Contemporary R&B, Neo-Soul",2001
1563,Busta Rhymes,Woo-Hah!! Got You All in Check,"Boom Bap, East Coast Hip Hop",1996
1564,White Town,Your Woman,"Alternative Dance, Downtempo, Indietronica",1997
1565,Kurt Vile,Pretty Pimpin'ï¿½,Folk Rock,2015
1566,Maxïmo Park,Apply Some Pressure,Post-Punk Revival,2005
1567,Belle and Sebastian,The State I Am In,Twee Pop,1996
1568,Drake,Marvin's Room,Alternative R&B,2011
1569,Icona Pop feat. Charli XCX,I Love It,"Dance-Pop, Electropop",2012
1570,Peter Gabriel,Biko,Art Rock,1980
1571,Todd Rundgren,I Saw the Light,Piano Rock,1972
1572,The Streets,Let's Push Things Forward,"UK Garage, UK Hip Hop",2002
1573,The Jaynetts,"Sally, Go 'Round the Roses","Girl Group, Pop Soul, Rhythm & Blues",1963
1574,Nick Cave & The Bad Seeds,Red Right Hand,"Alternative Rock, Gothic Rock",1994
1575,Willie Nelson,Blue Eyes Crying in the Rain,Outlaw Country,1975
1576,Gorillaz,On Melancholy Hill,Synthpop,2010
1577,Fleetwood Mac,Landslide,Folk Pop,1975
1578,Patti Smith,Land: Horses/Land of a Thousand Dances/La Mer (de),"Beat Poetry, Proto-Punk, Singer/Songwriter",1975
1579,The Killers,When You Were Young,"Alternative Rock, Pop Rock",2006
1580,Dusty Springfield,You Don't Have to Say You Love Me,"Blue Eyed Soul, Pop Soul",1966
1581,Blondie,Rapture,"Disco Rap, New Wave",1980
1582,Lucy Dacus,Night Shift,"Indie Rock, Singer/Songwriter",2017
1583,Marvin Gaye,"Got to Give It Up, Part 1","Disco, Funk, Soul",1977
1584,Bob Dylan,Lay Lady Lay,"Country Rock, Folk Rock, Singer/Songwriter",1969
1585,Madonna,Live to Tell,Synthpop,1986
1586,Fleetwood Mac,Tusk,Pop Rock,1979
1587,Joe Jackson,Is She Really Going Out with Him?,"New Wave, Power Pop",1978
1588,Weezer,Undone - The Sweater Song,"Alternative Rock, Power Pop",1994
1589,War,Low Rider,Latin Funk,1975
1590,Radiohead,True Love Waits,Acoustic Rock,2016
1591,Bonnie Tyler,Total Eclipse of the Heart,"AOR, Pop Rock",1983
1592,The Temptations,Ball of Confusion (That's What the World Is Today),Psychedelic Soul,1970
1593,Solomon Burke,Everybody Needs Somebody to Love,Soul,1964
1594,Elvis Costello,(I Don't Want to Go to) Chelsea,"New Wave, Pop Rock",1978
1595,The Game feat. 50 Cent,Hate It or Love It,"Conscious Hip Hop, Gangsta Rap, West Coast Hip Hop",2005
1596,The Del-Vikings,Come Go with Me,Doo-Wop,1956
1597,Drake,Passionfruit,"Contemporary R&B, Tropical House",2017
1598,Deafheaven,Dream House,"Blackgaze, Post-Metal",2013
1599,Howlin' Wolf,Spoonful,"Chicago Blues, Rhythm & Blues",1960
1600,AC/DC,Whole Lotta Rosie,Hard Rock,1977
1601,Stevie Wonder,I Was Made to Love Her,Motown Sound,1967
1602,Elvis Costello and The Attractions,Shipbuilding,Singer/Songwriter,1983
1603,The Replacements,Bastards of Young,"Alternative Rock, Power Pop",1985
1604,Pearl Jam,Daughter,Grunge,1993
1605,Billy Ward & The Dominoes,Sixty Minute Man,"Doo-Wop, Rhythm & Blues",1951
1606,The Beatles,Dear Prudence,"Pop Rock, Psychedelic Folk",1968
1607,Phoebe Bridgers,Motion Sickness,"Alt-Country, Indie Rock, Singer/Songwriter",2017
1608,Gil Scott-Heron & Brian Jackson,The Bottle,"Jazz-Funk, Soul",1974
1609,Nina Simone,"To Be Young, Gifted and Black",Soul,1969
1610,Little Walter,Juke,Chicago Blues,1952
1611,"Bonnie ""Prince"" Billy",I See a Darkness,"Alt-Country, Singer/Songwriter, Slowcore",1999
1612,Dion and The Belmonts,I Wonder Why,Doo-Wop,1958
1613,"Clarence ""Pine Top"" Smith",Pinetop's Boogie Woogie,Boogie Woogie,1928
1614,Dick Dale,Miserlou,Surf Rock,1962
1615,Nick Cave & The Bad Seeds,Jubilee Street,"Art Rock, Chamber Pop, Singer/Songwriter",2013
1616,Ariana Grande,no tears left to cry,"Contemporary R&B, Dance-Pop, Electropop, Synthpop",2018
1617,The Isley Brothers,It's Your Thing,"Funk, Soul",1969
1618,XTC,Dear God,"Neo-Psychedelia, Psychedelic Pop",1986
1619,Friendly Fires,Paris,"Indietronica, Synthpop",2007
1620,Blur,For Tomorrow,Britpop,1993
1621,The Beatles,"Here, There and Everywhere","Pop Rock, Sunshine Pop",1966
1622,Babyshambles,Fuck Forever,"Garage Rock Revival, Indie Rock",2005
1623,Jackson Browne,Running On Empty,"Heartland Rock, Pop Rock",1977
1624,Taana Gardner,Heartbeat,Boogie,1981
1625,Pet Shop Boys,Rent,Synthpop,1987
1626,Brenda Lee,I'm Sorry,"Country Pop, Traditional Pop",1960
1627,The Cardigans,Lovefool,Indie Pop,1996
1628,The Sonics,Strychnine,"Garage Rock, Proto-Punk",1965
1629,Funky Four Plus One,That's the Joint,"Disco Rap, East Coast Hip Hop",1980
1630,LCD Soundsystem,I Can Change,"New Wave, Synthpop",2010
1631,Grimes,Flesh Without Blood,Electropop,2015
1632,Le Tigre,Deceptacon,"Dance-Punk, Post-Punk Revival, Riot Grrrl",1999
1633,USA for Africa,We Are the World,"Adult Contemporary, Pop Soul",1985
1634,David Bowie,Moonage Daydream,Glam Rock,1972
1635,John Coltrane,Giant Steps,"Hard Bop, Modal Jazz",1960
1636,Rufus feat. Chaka Khan,Ain't Nobody,"Contemporary R&B, Freestyle",1983
1637,Smokey Robinson and The Miracles,Ooo Baby Baby,Motown Sound,1965
1638,Gorillaz feat. Shaun Ryder,DARE,"Dance-Pop, Electropop",2005
1639,Kendrick Lamar,Swimming Pools (Drank),"Conscious Hip Hop, West Coast Hip Hop",2012
1640,"Peter, Paul and Mary",Blowin' in the Wind,Folk Pop,1963
1641,The Go-Betweens,Cattle and Cane,Jangle Pop,1983
1642,Crystal Castles feat. Robert Smith,Not in Love,"Electropop, Synthpop",2010
1643,The Cure,Killing an Arab,Post-Punk,1978
1644,Grimes,Genesis,Synthpop,2012
1645,The Chantays,Pipeline,Surf Rock,1962
1646,Elliott Smith,Miss Misery,"Indie Folk, Indie Pop, Singer/Songwriter",1997
1647,Sufjan Stevens,Should Have Known Betterï¿½,"Indie Folk, Singer/Songwriter",2015
1648,Nick Drake,Way to Blue,"Chamber Folk, Singer/Songwriter",1969
1649,Squeeze,Up the Junction,"New Wave, Power Pop",1979
1650,Fugees,Fu-gee-la,"Boom Bap, East Coast Hip Hop",1995
1651,Angel Olsen,Lark,"Art Pop, Chamber Pop",2019
1652,The Strokes,The Modern Age,"Garage Rock Revival, Indie Rock",2001
1653,Beastie Boys,Hey Ladies,East Coast Hip Hop,1989
1654,Stevie Nicks,Edge of Seventeen (Just Like the White Winged Dove),Pop Rock,1981
1655,The Verve,The Drugs Don't Work,Britpop,1997
1656,Jackson 5,I'll Be There,Pop Soul,1970
1657,Golden Earring,Radar Love,"Blues Rock, Hard Rock",1973
1658,Joni Mitchell,"Both Sides, Now","Folk Pop, Singer/Songwriter",1969
1659,Robbie Williams,Angels,Adult Contemporary,1997
1660,Lead Belly,Goodnight Irene,Country Blues,1936
1661,The Cure,Lovesong,"Alternative Rock, New Wave, Post-Punk",1989
1662,Al Green,Call Me (Come Back Home),"Smooth Soul, Southern Soul",1973
1663,Kraftwerk,Radioaktivität / Radioactivity,Synthpop,1975
1664,Dead Kennedys,California Über Alles,"Hardcore Punk, Surf Punk",1979
1665,Blur,Parklife,Britpop,1994
1666,Kanye West,Through the Wire,Hip Hop,2003
1667,Ultravox,Vienna,"New Romantic, Synthpop",1980
1668,Peter Gabriel,Games Without Frontiers,"Art Rock, Pop Rock",1980
1669,Fugees,Killing Me Softly,"Contemporary R&B, Neo-Soul, Pop Soul",1996
1670,Slayer,Raining Blood,Thrash Metal,1986
1671,S'Express,Theme from S-Express,Acid House,1988
1672,Garbage,Stupid Girl,Alternative Rock,1995
1673,Bob Dylan,"It's All Over Now, Baby Blue","Contemporary Folk, Singer/Songwriter",1965
1674,Leo Reisman & His Orchestra with Fred Astaire,Night and Day,Standards,1932
1675,Lionel Richie,All Night Long (All Night),Pop Soul,1983
1676,Elvis Costello and The Attractions,I Want You,"Art Rock, Singer/Songwriter",1986
1677,James P. Johnson,Carolina Shout,Stride,1922
1678,Morrissey,Suedehead,"Indie Pop, Jangle Pop",1988
1679,Françoise Hardy,Tous les garçons et les filles,"French Pop, Yï¿½-yï¿½",1962
1680,Dolly Parton,Coat of Many Colors,"Country, Singer/Songwriter",1971
1681,Kanye West feat. Dwele,Flashing Lights,"Electropop, Pop Rap",2007
1682,Kate Smith,God Bless America,"Big Band, Traditional Pop",1938
1683,John Cougar,Jack & Diane,"Heartland Rock, Pop Rock",1982
1684,Tom Petty and The Heartbreakers,Refugee,Heartland Rock,1979
1685,Brian Eno,1/1,Ambient,1978
1686,X,Los Angeles,Punk Rock,1980
1687,Backstreet Boys,I Want It That Way,"Boy Band, Teen Pop",1999
1688,The Futureheads,Hounds of Love,Post-Punk Revival,2004
1689,Roy Orbison,Running Scared,Pop,1961
1690,Courtney Barnett,Avant Gardener,"Indie Rock, Singer/Songwriter",2013
1691,Deerhunter,Desire Lines,"Indie Rock, Neo-Psychedelia",2010
1692,The Beatles,I Want You (She's So Heavy),"Blues Rock, Heavy Psych",1969
1693,Placebo,Pure Morning,"Alternative Rock, Art Rock",1998
1694,Phoenix,If I Ever Feel Better,"Dance-Pop, French House",2000
1695,Cliff Edwards,When You Wish Upon a Star,"Film Soundtrack, Traditional Pop",1940
1696,Lester Flatt and Earl Scruggs,Foggy Mountain Breakdown,Bluegrass,1949
1697,Lana Del Rey,Venice Bitch,"Art Pop, Dream Pop, Neo-Psychedelia, Progressive Pop",2018
1698,Smashing Pumpkins,Disarm,Alternative Rock,1993
1699,Youssou N'Dour,Immigres/Bitim Rew,Mbalax,1984
1700,The New Pornographers,Letter from an Occupant,"Indie Pop, Indie Rock, Power Pop",2000
1701,The Rolling Stones,Can't You Hear Me Knocking,Blues Rock,1971
1702,George Michael,Freedom '90,"Baggy / Madchester, Pop",1990
1703,Traffic,Dear Mr. Fantasy,Psychedelic Rock,1967
1704,The Byrds,So You Want to Be a Rock 'n' Roll Star,"Folk Rock, Psychedelic Pop",1967
1705,Basement Jaxx,Red Alert,Funky House,1999
1706,Kanye West,Stronger,Pop Rap,2007
1707,Eagles,One of These Nights,Pop Rock,1975
1708,Bangles,Manic Monday,Pop Rock,1985
1709,LL Cool J,I Need Love,"East Coast Hip Hop, Pop Rap",1987
1710,Girls,Lust for Life,"Indie Pop, Indie Rock",2008
1711,Thelma Houston,Don't Leave Me This Way,Disco,1976
1712,The Stooges,No Fun,"Garage Rock, Proto-Punk",1969
1713,Rush,Tom Sawyer,Progressive Rock,1981
1714,A Tribe Called Quest,Bonita Applebum,"East Coast Hip Hop, Jazz Rap",1990
1715,Destroyer,Kaputt,"Indie Pop, Sophisti-Pop",2011
1716,Indeep,Last Night a D.J. Saved My Life,Boogie,1982
1717,The Beatles,Nowhere Man,"Folk Rock, Pop Rock",1965
1718,The Human League,Being Boiled,Minimal Synth,1978
1719,Fleetwood Mac,Albatross,"Art Rock, Blues Rock, Psychedelic Rock",1968
1720,Cut Copy,Hearts on Fire,"Electropop, Synthpop",2007
1721,The Stranglers,Golden Brown,"Baroque Pop, New Wave",1981
1722,EMF,Unbelievable,"Alternative Dance, Baggy / Madchester",1990
1723,Bright Eyes,First Day of My Life,"Indie Folk, Singer/Songwriter",2005
1724,Four Tops,Bernadette,Motown Sound,1967
1725,Robert Johnson,Terraplane Blues,Delta Blues,1936
1726,Duran Duran,Hungry Like the Wolf,"New Romantic, Pop Rock",1982
1727,Nick Drake,Northern Sky,"Chamber Folk, Singer/Songwriter",1971
1728,Basement Jaxx,Where's Your Head At,"Big Beat, House",2001
1729,Johnny Otis,Willie and the Hand Jive,"Rhythm & Blues, Rock & Roll",1958
1730,Phuture,Acid Tracks,Acid House,1987
1731,Culture,Two Sevens Clash,Roots Reggae,1977
1732,Kid Cudi,Day 'N' Nite,Pop Rap,2008
1733,Gerry Rafferty,Baker Street,Soft Rock,1978
1734,Major Lazer feat. Amber Coffman,Get Free,"Art Pop, Downtempo, Dub",2012
1735,Spiritualized,Ladies and Gentlemen We Are Floating in Space,"Dream Pop, Neo-Psychedelia",1997
1736,La Roux,Bulletproof,"Electropop, Synthpop",2009
1737,The Chantels,Maybe,"Doo-Wop, Girl Group",1957
1738,boygenius,Me & My Dog,"Indie Rock, Singer/Songwriter",2018
1739,Steve Harley & Cockney Rebel,Make Me Smile (Come Up and See Me),"Glam Rock, Pop Rock",1975
1740,Paul Robeson with Paul Whiteman & His Orchestra,Ol' Man River,"Show Tunes, Spirituals, Standards",1928
1741,Blind Lemon Jefferson,Match Box Blues,Acoustic Texas Blues,1927
1742,Fischerspooner,Emerge,"Electroclash, Synthpop",2001
1743,Suede,The Drowners,Britpop,1992
1744,Gene Autry,Back in the Saddle Again,Cowboy,1939
1745,Stealers Wheel,Stuck in the Middle with You,"Folk Rock, Pop Rock",1972
1746,Sophie Tucker,Some of These Days,Vaudeville,1911
1747,Billy Joel,Just the Way You Are,"Singer/Songwriter, Soft Rock",1977
1748,Plastic Bertrand,ï¿½a plane pour moi,"New Wave, Pop Punk",1977
1749,Kendrick Lamar,i,"Pop Rap, West Coast Hip Hop",2014
1750,The Rolling Stones,2000 Light Years from Home,"Baroque Pop, Psychedelic Pop",1967
1751,The Orioles,It's Too Soon to Know,Doo-Wop,1948
1752,Joy Orbison,Hyph Mngo,"Future Garage, UK Bass",2009
1753,Miley Cyrus,Wrecking Ball,Pop,2013
1754,Public Enemy,Welcome to the Terrordome,"East Coast Hip Hop, Hardcore Hip Hop, Political Hip Hop",1990
1755,Village People,Y.M.C.A.,Disco,1978
1756,Bobby Womack,Across 110th Street,"Film Soundtrack, Funk, Soul",1972
1757,LCD Soundsystem,Daft Punk Is Playing at My House,"Alternative Dance, Dance-Punk",2005
1758,Joanna Newsom,Good Intentions Paving Company,"Chamber Folk, Progressive Folk, Singer/Songwriter",2010
1759,Tom Waits,(Looking For) The Heart of Saturday Night,Singer/Songwriter,1974
1760,The Chordettes,Mr Sandman,"Girl Group, Traditional Pop, Vocal Group",1954
1761,AC/DC,Hells Bells,Hard Rock,1980
1762,Spoon,The Way We Get By,"Indie Pop, Indie Rock",2002
1763,Pink Floyd,Interstellar Overdrive,"Experimental Rock, Space Rock",1967
1764,Bessie Smith,Downhearted Blues,"Piano Blues, Vaudeville Blues",1923
1765,Benny Goodman Orchestra feat. Charlie Christian,Solo Flight,"Big Band, Swing",1943
1766,Bruce Springsteen,Backstreets,"Heartland Rock, Singer/Songwriter",1975
1767,En Vogue,My Lovin' (You're Never Gonna Get It),Contemporary R&B,1992
1768,Patsy Montana,I Want to Be a Cowboy's Sweetheart,"Country Yodeling, Cowboy",1935
1769,Sufjan Stevens,Fourth of July,"Ambient Pop, Singer/Songwriter",2015
1770,Bud Powell,Un Poco Loco,Bebop,1951
1771,Martha and The Muffins,Echo Beach,New Wave,1980
1772,Portugal. The Man,Feel It Still,"Indie Pop, Pop Rock",2017
1773,Stereo MC's,Connected,"Alternative Dance, Baggy / Madchester",1992
1774,Roy Acuff and The Smoky Mountain Boys,Wabash Cannonball,Traditional Country,1938
1775,The Beatles,I'm Only Sleeping,"Psychedelic Pop, Psychedelic Rock",1966
1776,The Who,Who Are You,"Art Rock, Hard Rock, Progressive Rock",1978
1777,The Hollies,Bus Stop,Pop Rock,1966
1778,Bob Dylan,Highway 61 Revisited,"Blues Rock, Folk Rock, Singer/Songwriter",1965
1779,John Lennon,(Just Like) Starting Over,Soft Rock,1980
1780,Angel Olsen,All Mirrors,"Art Pop, Dream Pop",2019
1781,Robert Palmer,Addicted to Love,Pop Rock,1985
1782,The Beatles with Billy Preston,Don't Let Me Down,"Blues Rock, Pop Rock",1969
1783,Lily Allen,The Fear,Electropop,2008
1784,Blur,Country House,Britpop,1995
1785,Glen Campbell,By the Time I Get to Phoenix,"Baroque Pop, Country Pop",1967
1786,Blur,This Is a Low,Britpop,1994
1787,Radiohead,Reckoner,Art Rock,2007
1788,Harold Melvin & The Blue Notes,Wake Up Everybody,Philly Soul,1975
1789,The Beat,Mirror in the Bathroom,"2 Tone, New Wave",1980
1790,Skip James,Devil Got My Woman,Delta Blues,1931
1791,Foster the People,Pumped Up Kicks,Indie Pop,2010
1792,Hank Williams,I'll Never Get Out of This World Alive,Honky Tonk,1952
1793,Barry McGuire,Eve of Destruction,"Contemporary Folk, Folk Rock",1965
1794,Bob Dylan,Forever Young,"Country Rock, Folk Rock, Pop Rock, Singer/Songwriter",1974
1795,Nena,99 Luftballons,"Neue Deutsche Welle, Pop Rock",1983
1796,Ariana Grande,Into You,"Dance-Pop, Electropop",2016
1797,Julia Holter,Feel Youï¿½,"Art Pop, Baroque Pop",2015
1798,Tom Waits,Downtown Train,"Heartland Rock, Singer/Songwriter",1985
1799,The Beatles,I Feel Fine,Merseybeat,1964
1800,Stevie Wonder,Fingertips,"Rhythm & Blues, Soul",1963
1801,Arcade Fire,Keep the Car Running,"Art Rock, Chamber Pop, Indie Rock",2007
1802,Art Brut,Formed a Band,Post-Punk Revival,2004
1803,Arcade Fire,Everything Now,"Alternative Dance, Disco",2017
1804,Tame Impala,The Less I Know The Better,"Neo-Psychedelia, Psychedelic Pop, Synthpop",2015
1805,Radiohead,Street Spirit (Fade Out),Alternative Rock,1995
1806,Method Man feat. Mary J. Blige,I'll Be There for You/You're All I Need to Get By,"Boom Bap, East Coast Hip Hop",1995
1807,The Undisputed Truth,Smiling Faces Sometimes,Psychedelic Soul,1971
1808,Kraftwerk,Computer Liebe/Computer Love,Synthpop,1981
1809,Orange Juice,Rip It Up,New Wave,1982
1810,Primal Scream,Come Together,"Alternative Dance, Baggy / Madchester",1990
1811,Dire Straits,Money for Nothing,Pop Rock,1985
1812,The White Stripes,Dead Leaves and the Dirty Ground,"Alternative Rock, Blues Rock, Garage Rock Revival",2001
1813,The Beatles,Love Me Do,"British Rhythm & Blues, Merseybeat",1962
1814,Björk,Jï¿½ga,"Art Pop, Electronic",1997
1815,The Doors,People Are Strange,Psychedelic Rock,1967
1816,Yves Montand,Les Feuilles mortes,Chanson,1949
1817,Doug E. Fresh,La-Di-Da-Di,East Coast Hip Hop,1985
1818,Paul McCartney and Wings,Jet,Power Pop,1973
1819,Duke Ellington,Caravan,"Big Band, Swing",1937
1820,Stevie Wonder,Master Blaster (Jammin'),Pop Reggae,1980
1821,Sheryl Crow,All I Wanna Do,"Pop Rock, Singer/Songwriter",1993
1822,The Crazy World of Arthur Brown,Fire,Psychedelic Rock,1968
1823,Black Sabbath,Black Sabbath,"Hard Rock, Heavy Metal, Traditional Doom Metal",1970
1824,Johnny Nash,I Can See Clearly Now,Pop Soul,1972
1825,Jimmie Davis,You Are My Sunshine,Traditional Country,1940
1826,Donovan,Sunshine Superman,"Psychedelic Folk, Psychedelic Pop",1966
1827,David Bowie,Five Years,"Art Rock, Glam Rock",1972
1828,The Stooges,1969,"Garage Rock, Proto-Punk",1969
1829,Art Blakey & The Jazz Messengers,A Night in Tunisia,Hard Bop,1954
1830,Lady Gaga,Poker Face,"Dance-Pop, Electropop",2008
1831,Gwen Stefani,Hollaback Girl,Dance-Pop,2004
1832,Sonny Boy Williamson (II),Help Me,Chicago Blues,1963
1833,Jackie DeShannon,What the World Needs Now Is Love,Pop,1965
1834,Pérez Prado,Mambo #5,Mambo,1950
1835,Bob Dylan,The Lonesome Death of Hattie Carroll,"Contemporary Folk, Singer/Songwriter",1964
1836,Sufjan Stevens,"John Wayne Gacy, Jr.","Chamber Folk, Indie Folk, Singer/Songwriter",2005
1837,Small Faces,Tin Soldier,"Mod, Psychedelic Pop, Rhythm & Blues",1967
1838,Blur,Beetlebum,Britpop,1997
1839,Talking Heads,Road to Nowhere,"New Wave, Pop Rock",1985
1840,Bessie Smith,Empty Bed Blues,"Piano Blues, Vaudeville Blues",1928
1841,Veruca Salt,Seether,Alternative Rock,1994
1842,Charles Brown with Johnny Moore's Three Blazers,Driftin' Blues,Piano Blues,1945
1843,Wanda Jackson,Let's Have a Party,Rockabilly,1958
1844,Ray Charles,Lonely Avenue,Rhythm & Blues,1956
1845,T. Rex,Telegram Sam,Glam Rock,1972
1846,R.E.M.,Drive,"Alternative Rock, Folk Rock",1992
1847,Steely Dan,Deacon Blues,Jazz-Rock,1977
1848,The Platters,Smoke Gets in Your Eyes,"Doo-Wop, Traditional Pop",1958
1849,Björk,Big Time Sensuality,Dance-Pop,1993
1850,Billy Bragg,Levi Stubbs' Tears,"British Folk Rock, Singer/Songwriter",1986
1851,Wayne Smith,Under Me Sleng Teng,Digital Dancehall,1985
1852,Heaven 17,(We Don't Need This) Fascist Groove Thang,"New Wave, Synthpop",1981
1853,Miles Davis,Shhh/Peaceful,"Jazz Fusion, Modal Jazz",1969
1854,The Associates,Party Fears Two,"Art Pop, New Wave, Synthpop",1982
1855,Blondie,Dreaming,"New Wave, Power Pop",1979
1856,Kanye West,New Slaves,"Hardcore Hip Hop, Industrial Hip Hop, Political Hip Hop",2013
1857,Pulp,Disco 2000,Britpop,1995
1858,The Smiths,The Boy with the Thorn in His Side,"Indie Pop, Jangle Pop",1985
1859,Pete Rock and C.L. Smooth,They Reminisce Over You (T.R.O.Y.),"Conscious Hip Hop, East Coast Hip Hop, Jazz Rap",1992
1860,Grateful Dead,Box of Rain,"Country Rock, Folk Rock, Roots Rock",1970
1861,The Big Pink,Dominos,"Alternative Dance, Indie Rock, Indietronica",2009
1862,Bee Gees,How Deep Is Your Love,"Blue Eyed Soul, Film Soundtrack, Soft Rock",1977
1863,Damian Marley,Welcome to Jamrock,"Dancehall, Reggae",2005
1864,St. Vincent,Cruel,"Art Pop, Indie Pop",2011
1865,The Cult,She Sells Sanctuary,"Alternative Rock, Gothic Rock, Post-Punk",1985
1866,Spoon,Inside Out,"Indie Pop, Indie Rock, Neo-Psychedelia",2014
1867,The Dixie Cups,Chapel of Love,"Brill Building, Girl Group",1964
1868,The Jimi Hendrix Experience,Foxy Lady,"Acid Rock, Blues Rock",1967
1869,The Standells,Dirty Water,"Garage Rock, Proto-Punk",1965
1870,The Special A.K.A.,Too Much Too Young,2 Tone,1980
1871,The Isley Brothers,Twist and Shout,"Rhythm & Blues, Rock & Roll",1962
1872,Nat King Cole,Nature Boy,"Standards, Vocal Jazz",1947
1873,U2,Bad,Alternative Rock,1984
1874,The Drums,Let's Go Surfing,"Indie Pop, Post-Punk Revival",2009
1875,Gavin Bryars,Jesus' Blood Never Failed Me Yet,Minimalism,1975
1876,Stone Temple Pilots,Interstate Love Song,Grunge,1994
1877,The Damned,Neat Neat Neat,Punk Rock,1977
1878,Electric Six,Danger! High Voltage,"Dance-Punk, Funk Rock",2002
1879,Prince,I Wanna Be Your Lover,"Disco, Funk",1979
1880,Young M.C.,Bust a Move,"East Coast Hip Hop, Pop Rap",1989
1881,Stan Kenton,Artistry in Rhythm,Big Band,1945
1882,The Sonics,Psycho,"Garage Rock, Proto-Punk",1965
1883,Terry Jacks,Seasons in the Sun,Folk Pop,1973
1884,The Waterboys,The Whole of the Moon,Pop Rock,1985
1885,Supergrass,Caught by the Fuzz,"Britpop, Pop Punk",1994
1886,Sade,Smooth Operator,"Smooth Jazz, Sophisti-Pop",1984
1887,Stevie Wonder,You Haven't Done Nothin',"Funk, Soul",1974
1888,Tame Impala,Elephant,Neo-Psychedelia,2012
1889,The Chi-Lites,Oh Girl,"Chicago Soul, Smooth Soul",1972
1890,Roni Size / Reprazent,Brown Paper Bag,Jazzstep,1997
1891,Pulp,Babies,Britpop,1992
1892,La Roux,In for the Kill,"Electropop, Synthpop",2009
1893,The Fall,Totally Wired,Post-Punk,1980
1894,Small Faces,Lazy Sunday,"Mod, Psychedelic Pop, Psychedelic Rock",1968
1895,My Chemical Romance,Welcome to the Black Parade,"Alternative Rock, Pop Punk, Rock Opera",2006
1896,Nat King Cole,The Christmas Song (Merry Christmas to You),"Christmas Music, Traditional Pop",1946
1897,Yaeji,Raingurl,"Deep House, Hip House",2017
1898,Bruce Springsteen,Racing in the Street,"Heartland Rock, Singer/Songwriter",1978
1899,The Sons of the Pioneers,Tumbling Tumbleweeds,Cowboy,1934
1900,Bjï¿½rk,All Is Full of Love,"Art Pop, Trip Hop",1999
1901,King Oliver & His Jazz Band,Dipper Mouth Blues,Dixieland,1923
1902,CHVRCHES,The Mother We Share,"Electropop, Synthpop",2012
1903,They Might Be Giants,Birdhouse in Your Soul,"Alternative Rock, Indie Pop",1990
1904,Gorillaz feat. Bobby Womack & Mos Def,Stylo,"Alternative Dance, Electropop",2010
1905,Bob Dylan,Every Grain of Sand,"Christian Rock, Singer/Songwriter, Soft Rock",1981
1906,Beastie Boys,So What'cha Want,"East Coast Hip Hop, Rap Rock",1992
1907,Duran Duran,Girls on Film,"New Romantic, Synthpop",1981
1908,Justin Timberlake,SexyBack,"Dance-Pop, Electropop",2006
1909,Ella Fitzgerald & Louis Armstrong,Summertime,"Standards, Vocal Jazz",1957
1910,Atlas Sound feat. Noah Lennox,Walkabout,"Neo-Psychedelia, Psychedelic Pop",2009
1911,Gordon Lightfoot,If You Could Read My Mind,"Chamber Folk, Folk Pop, Singer/Songwriter",1970
1912,Big Boi feat. Cutty,Shutterbugg,Southern Hip Hop,2010
1913,Wilson Pickett,Mustang Sally,Southern Soul,1966
1914,Léo Ferré,Avec le temps,Chanson ï¿½ texte,1971
1915,Tenor Saw,Ring the Alarm,Dancehall,1985
1916,Guitar Slim,The Things That I Used to Do,"Electric Blues, New Orleans Blues",1953
1917,Rickie Lee Jones,Chuck E.'s in Love,"Jazz Pop, Singer/Songwriter",1979
1918,Peter Tosh,Legalize It,Roots Reggae,1975
1919,Phoenix,Too Young,"Alternative Dance, Indie Pop",2000
1920,The Pipettes,Pull Shapes,"Girl Group, Indie Pop",2006
1921,Sousa's Band,The Stars and Stripes Forever,Classical March,1897
1922,Modern English,I Melt with You,"New Wave, Pop Rock",1982
1923,The Jesus and Mary Chain,Never Understand,"Noise Pop, Post-Punk",1985
1924,The Chiffons,One Fine Day,"Brill Building, Girl Group",1963
1925,Albert King,Born Under a Bad Sign,"Electric Blues, Soul Blues",1967
1926,Neutral Milk Hotel,In the Aeroplane Over the Sea,"Indie Folk, Psychedelic Folk",1998
1927,Massive Attack,Karmacoma,Trip Hop,1994
1928,Carpenters,We've Only Just Begun,Adult Contemporary,1970
1929,The Kinks,All Day and All of the Night,"Garage Rock, Mod, Proto-Punk",1964
1930,QT,Hey QT,"Bubblegum Bass, Dance-Pop",2014
1931,Fats Domino,The Fat Man,"New Orleans R&B, Rhythm & Blues",1950
1932,Raspberries,Go All the Way,Power Pop,1972
1933,Ray Price,Crazy Arms,"Honky Tonk, Nashville Sound",1956
1934,Yes,I've Seen All Good People / Your Move,Progressive Rock,1971
1935,Ennio Morricone,"The Good, the Bad and the Ugly","Film Score, Spaghetti Western",1966
1936,Modest Mouse,Dashboard,Post-Punk Revival,2007
1937,"Crosby, Stills, Nash & Young",Helpless,"Folk Rock, Singer/Songwriter",1970
1938,The Beach Boys,"Fun, Fun, Fun","Rock & Roll, Vocal Surf",1964
1939,The Coasters,Young Blood,"Doo-Wop, Rhythm & Blues",1957
1940,Rihanna,Bitch Better Have My Money,Trap,2015
1941,Moby,Go (Woodtick Mix),"Progressive House, Techno",1991
1942,Spinners,Could It Be I'm Falling in Love,Philly Soul,1972
1943,Dua Lipa,New Rules,"Dance-Pop, Electropop",2017
1944,The Moonglows,Sincerely,Doo-Wop,1954
1945,Deep Purple,Highway Star,Hard Rock,1972
1946,The Clash,The Magnificent Seven,"Dance-Punk, Disco Rap, Funk",1980
1947,Blind Melon,No Rain,Alternative Rock,1992
1948,Orbital,Chime,"Acid House, Techno",1989
1949,The Who,"We're Not Gonna Take It/See Me, Feel Me","Art Rock, Rock Opera",1969
1950,Betty Wright,Clean Up Woman,Southern Soul,1971
1951,Mary J. Blige,Real Love,New Jack Swing,1992
1952,Bachman-Turner Overdrive,Takin' Care of Business,Rock,1973
1953,Diana Ross,I'm Coming Out,Disco,1980
1954,System of a Down,Chop Suey!,Alternative Metal,2001
1955,Whitney,No Woman,"Chamber Folk, Indie Folk",2016
1956,Yes,Owner of a Lonely Heart,"AOR, Pop Rock",1983
1957,The Champs,Tequila,Rock & Roll,1958
1958,John Prine,Sam Stone,"Contemporary Folk, Country, Singer/Songwriter",1971
1959,T. Rex,Metal Guru,Glam Rock,1972
1960,Pixies,Here Comes Your Man,Indie Rock,1989
1961,Cream,Badge,"Blues Rock, Pop Rock",1969
1962,Chick Webb & His Orchestra with Ella Fitzgerald,"A-Tisket, A-Tasket","Swing, Vocal Jazz",1938
1963,John Cale,Paris 1919,"Art Pop, Baroque Pop",1973
1964,Jack Ü feat. Justin Bieber,Where Are Ü Nowï¿½,"Contemporary R&B, Future Bass, Trap [EDM]",2015
1965,Grizzly Bear,While You Wait for the Others,"Indie Rock, Psychedelic Folk, Psychedelic Pop",2009
1966,Conway Twitty,It's Only Make Believe,Country Pop,1958
1967,The Beatles,Eight Days a Week,"Folk Rock, Merseybeat",1964
1968,Arcade Fire,Ready to Start,Post-Punk Revival,2010
1969,Linda Ronstadt,You're No Good,Country Rock,1974
1970,Suicide,Dream Baby Dream,"Minimal Synth, Synthpop",1979
1971,Donna Summer,Bad Girls,Disco,1979
1972,Rod Stewart,Tonight's the Night (Gonna Be Alright),Soft Rock,1976
1973,The Beatles,She Said She Said,"Pop Rock, Psychedelic Rock",1966
1974,The Strokes,12:51,"Garage Rock Revival, Post-Punk Revival",2003
1975,"Huey ""Piano"" Smith & The Clowns",Rockin' Pneumonia & the Boogie Woogie Flu,New Orleans R&B,1957
1976,Bob Dylan,Idiot Wind,"Folk Rock, Singer/Songwriter",1975
1977,The Clash,The Guns of Brixton,"Post-Punk, Reggae",1979
1978,Phil Phillips with The Twilights,Sea of Love,Doo-Wop,1959
1979,The Stanley Brothers,Rank Stranger,"Bluegrass Gospel, Close Harmony",1960
1980,Eddie Floyd,Knock on Wood,Southern Soul,1966
1981,Dizzy Gillespie,A Night in Tunisia,Bebop,1946
1982,Bob Marley and The Wailers,Jamming,Roots Reggae,1977
1983,Hoagy Carmichael,Star Dust,"Jazz, Standards",1927
1984,Leftfield feat. John Lydon,Open Up,Progressive House,1993
1985,Doves,There Goes the Fear,"Dream Pop, Neo-Psychedelia",2002
1986,Thin Lizzy,Whiskey in the Jar,"Celtic Rock, Hard Rock",1972
1987,Harvey Danger,Flagpole Sitta,"Alternative Rock, Power Pop",1998
1988,Ike and Tina Turner,Nutbush City Limits,"Funk, Rhythm & Blues, Soul",1973
1989,Tori Amos,Cornflake Girl,"Art Pop, Piano Rock, Singer/Songwriter",1994
1990,Beyoncï¿½,Hold Up,"Contemporary R&B, Pop",2016
1991,The Archies,"Sugar, Sugar",Bubblegum,1969
1992,Shirley Bassey,Goldfinger,"Film Soundtrack, Traditional Pop",1964
1993,Todd Rundgren,Hello It's Me,Pop Rock,1972
1994,Serge Gainsbourg,Requiem pour un con,French Pop,1968
1995,N.W.A,Express Yourself,"Conscious Hip Hop, West Coast Hip Hop",1988
1996,Arthur Conley,Sweet Soul Music,Southern Soul,1967
1997,Dead Boys,Sonic Reducer,Punk Rock,1977
1998,John Coltrane,"A Love Supreme, Part 2: Resolution",Spiritual Jazz,1965
1999,Michael Jackson,Smooth Criminal,Dance-Pop,1987
2000,Timmy Thomas,Why Can't We Live Together,Soul,1972
2001,Michael Jackson,Bad,"Contemporary R&B, Pop",1987
2002,Eddie Cantor,Makin' Whoopee,Vaudeville,1929
2003,Beach House,Zebra,"Dream Pop, Indie Pop",2010
2004,Spike Jones,Der Fuehrer's Face,"Musical Comedy, Novelty",1942
2005,Bill Monroe,Mule Skinner Blues,"Bluegrass, Country Yodeling",1940
2006,PJ Harvey,Sheela-Na-Gig,"Grunge, Singer/Songwriter",1992
2007,Depeche Mode,Everything Counts,Synthpop,1983
2008,Hole,Doll Parts,Grunge,1994
2009,Buzzcocks,What Do I Get?,Pop Punk,1978
2010,Blind Lemon Jefferson,See That My Grave Is Kept Clean,Acoustic Texas Blues,1928
2011,Paul Whiteman,Whispering,Big Band,1920
2012,The Kinks,Dead End Street,"Mod, Pop Rock",1966
2013,Smokey Robinson and The Miracles,Shop Around,"Pop Soul, Rhythm & Blues",1960
2014,The Andrews Sisters,Boogie Woogie Bugle Boy,"Film Soundtrack, Swing, Traditional Pop, Vocal Group",1941
2015,Robyn,Call Your Girlfriend,"Dance-Pop, Electropop, Synthpop",2010
2016,Nico,These Days,"Baroque Pop, Chamber Folk",1967
2017,Grinderman,No Pussy Blues,Punk Blues,2007
2018,The Darkness,I Believe in a Thing Called Love,"Hard Rock, Power Pop",2003
2019,Louis Armstrong,Potato Head Blues,Dixieland,1927
2020,Junior Boys,In the Morning,"Electropop, Synthpop",2006
2021,Neil Young,Southern Man,"Country Rock, Hard Rock",1970
2022,Louis Armstrong with Earl Hines,Weather Bird,Swing,1930
2023,The Rolling Stones,Mother's Little Helper,Mod,1966
2024,T. Rex,Children of the Revolution,Glam Rock,1972
2025,Sam Cooke,Cupid,Pop Soul,1961
2026,Prince,Controversy,Synth Funk,1981
2027,Brian Eno,Baby's on Fire,"Art Rock, Experimental Rock, Glam Rock",1974
2028,The Ting Tings,That´s Not My Name,Indie Pop,2007
2029,Tricky,Black Steel,"Alternative Rock, Trip Hop",1995
2030,Twista feat. Kanye West & Jamie Foxx,Slow Jamz,"Neo-Soul, Pop Rap",2003
2031,The Four Seasons,Big Girls Don't Cry,"Doo-Wop, Pop",1962
2032,"Crosby, Stills & Nash",Wooden Ships,"Folk Rock, Psychedelic Folk, Psychedelic Rock",1969
2033,Blind Faith,Can't Find My Way Home,"Blues Rock, British Blues, Folk Rock",1969
2034,Beastie Boys,Sure Shot,East Coast Hip Hop,1994
2035,Nolan Strong & The Diablos,The Wind,Doo-Wop,1954
2036,Duke Ellington,Ko-Ko,"Big Band, Swing",1940
2037,Fred Astaire with Leo Reisman and His Orchestra,Cheek to Cheek,Standards,1935
2038,Jan and Dean,Surf City,"Surf Rock, Vocal Surf",1963
2039,Joey Beltram,Energy Flash,Techno,1990
2040,Neil Young,On the Beach,"Blues Rock, Jazz-Rock, Singer/Songwriter",1974
2041,Stiff Little Fingers,Alternative Ulster,Punk Rock,1978
2042,U2,Mysterious Ways,"Alternative Dance, Pop Rock",1991
2043,Spoon,The Underdog,"Indie Pop, Indie Rock",2007
2044,Primal Scream,Swastika Eyes,"Alternative Dance, Big Beat",1999
2045,Nirvana,In Bloom,Grunge,1991
2046,Kiss,I Was Made for Lovin' You,"Hard Rock, Pop Rock",1979
2047,Basement Jaxx,Romeo,"Funky House, UK Garage",2001
2048,Panjabi MC feat. Jay-Z,Beware (Jay-Z Remix),"Bhangra, Hip Hop",2003
2049,Hank Ballard and The Midnighters,Work with Me Annie,"Doo-Wop, Rhythm & Blues",1954
2050,Whitney Houston,How Will I Know,Dance-Pop,1985
2051,Jimi Hendrix,Star Spangled Banner,"Film Soundtrack, Psychedelic Rock",1970
2052,Nirvana,Where Did You Sleep Last Night,"Acoustic Rock, Alternative Rock",1994
2053,The Libertines,What a Waster,"Garage Rock Revival, Indie Rock",2002
2054,Air,All I Need,"Ambient Pop, Downtempo",1998
2055,Migos feat. Lil Uzi Vert,Bad and Boujee,"Southern Hip Hop, Trap",2016
2056,Mumford & Sons,Little Lion Man,"Alt-Country, Indie Folk",2008
2057,Moby,Why Does My Heart Feel So Bad?,Downtempo,1999
2058,Bob Wills and His Texas Playboys,New San Antonio Rose,Western Swing,1940
2059,Steve Miller Band,Fly Like an Eagle,"Blues Rock, Pop Rock, Psychedelic Rock",1976
2060,The Big Bopper,Chantilly Lace,Rock & Roll,1958
2061,Rage Against the Machine,Bulls on Parade,Rap Metal,1996
2062,Bob Dylan,Stuck Inside of Mobile with the Memphis Blues Again,"Folk Rock, Singer/Songwriter",1966
2063,Fontella Bass,Rescue Me,"Chicago Soul, Motown Sound",1965
2064,Average White Band,Pick Up the Pieces,Funk,1974
2065,Manic Street Preachers,If You Tolerate This Your Children Will Be Next,"Alternative Rock, Pop Rock",1998
2066,Alabama Shakes,Don't Wanna Fight,"Soul, Southern Rock",2015
2067,Midlake,Roscoe,"Folk Rock, Indie Rock",2006
2068,Curtis Mayfield,Pusherman,"Chicago Soul, Film Soundtrack, Funk",1972
2069,James Blake,CMYK,"Dubstep, Future Garage",2010
2070,Bee Gees,Jive Talkin',"Disco, Pop",1975
2071,R.E.M.,"What's the Frequency, Kenneth?",Alternative Rock,1994
2072,Glasvegas,Daddy's Gone,Indie Rock,2007
2073,The Four Seasons,Walk Like a Man,"Doo-Wop, Pop",1963
2074,Leroy Carr,"How Long, How Long Blues",Piano Blues,1928
2075,Mano Negra,Mala vida,Gypsy Punk,1988
2076,The Who,Magic Bus,"Freakbeat, Psychedelic Rock",1968
2077,Gary Glitter,Rock and Roll Part 2,Glam Rock,1972
2078,Wynonie Harris,Good Rockin' Tonight,"Jump-Blues, Rock & Roll",1948
2079,The White Stripes,My Doorbell,Alternative Rock,2005
2080,Ladytron,Destroy Everything You Touch,"Electroclash, Electropop",2005
2081,Sophie B. Hawkins,Damn I Wish I Was Your Lover,Pop Rock,1992
2082,Leonard Cohen,Tower of Song,"Singer/Songwriter, Sophisti-Pop",1988
2083,"Danny Brown feat. Kendrick Lamar, Ab-Soul and Earl Sweatshirt",Really Doe,Hardcore Hip Hop,2016
2084,The Lemonheads,It's a Shame About Ray,Power Pop,1992
2085,Beirut,Postcards from Italy,Indie Folk,2006
2086,Madonna,Crazy for You,"Adult Contemporary, Film Soundtrack",1985
2087,The Cure,Lullaby,"Dream Pop, Gothic Rock, Post-Punk",1989
2088,Bob Marley and The Wailers,Stir It Up,Reggae,1973
2089,Tears for Fears,Shout,"New Wave, Synthpop",1984
2090,Chuck Berry,Back in the U.S.A.,Rock & Roll,1959
2091,Brandy and Monica,The Boy Is Mine,Contemporary R&B,1998
2092,The Animals,Don't Let Me Be Misunderstood,"British Rhythm & Blues, Mod",1965
2093,Yes,Roundabout,Progressive Rock,1971
2094,Rod Stewart,Da Ya Think I'm Sexy?,"Disco, Pop Rock",1978
2095,The Rolling Stones,Moonlight Mile,Roots Rock,1971
2096,Eric Clapton,I Shot the Sheriff,"Pop Reggae, Pop Rock",1974
2097,The Rapture,How Deep Is Your Love?,Alternative Dance,2011
2098,FKA twigs,Water Me,"Ambient Pop, Art Pop",2013
2099,Mercury Rev,Goddess on a Hiway,"Dream Pop, Indie Rock, Neo-Psychedelia",1998
2100,Foo Fighters,Learn to Fly,Alternative Rock,1999
2101,Soda Stereo,De música ligera,Alternative Rock,1990
2102,Culture Club,Karma Chameleon,New Romantic,1983
2103,M83,Kim & Jessie,"Dream Pop, Synthpop",2008
2104,The Beatles,And Your Bird Can Sing,"Power Pop, Psychedelic Rock",1966
2105,The White Stripes,Hotel Yorba,"Alternative Rock, Blues Rock, Garage Rock Revival",2001
2106,Lauryn Hill,Ex-Factor,"Contemporary R&B, Neo-Soul",1998
2107,McAlmont and Butler,Yes,"Chamber Pop, Pop Soul",1995
2108,Nina Simone,Mississippi Goddam,"Soul Jazz, Vaudeville Blues, Vocal Jazz",1964
2109,Mississippi Sheiks,Sitting on Top of the World,Country Blues,1930
2110,Charlie Parker,Ornithology,Bebop,1946
2111,Don Azpiazu,El Manisero (The Peanut Vendor),"Latin Jazz, Rhumba",1930
2112,Arcade Fire,Intervention,"Chamber Pop, Indie Rock",2006
2113,Genesis,The Lamb Lies Down on Broadway,"Progressive Rock, Rock Opera",1974
2114,Luther Vandross,Never Too Much,"Pop Soul, Smooth Soul",1981
2115,Gang of Four,(Love Like) Anthrax,"Art Punk, Noise Rock, Post-Punk",1978
2116,The Smiths,The Queen Is Dead,"Indie Rock, Post-Punk",1986
2117,Fetty Wap,Trap Queen,"Contemporary R&B, Pop Rap, Trap",2014
2118,Kiss,Detroit Rock City,Hard Rock,1976
2119,The Modern Lovers,Pablo Picasso,"Garage Rock, Proto-Punk",1976
2120,Frank Ocean,Nikes,Alternative R&B,2016
2121,Aphex Twin,Come to Daddy,Drill and Bass,1997
2122,Yeah Yeah Yeahs,Heads Will Roll,"Alternative Dance, Synthpop",2009
2123,Lucinda Williams,Car Wheels on a Gravel Road,"Alt-Country, Americana, Singer/Songwriter",1998
2124,Rita Mitsouko,Marcia Baï¿½la,"French Pop, New Wave",1984
2125,Nelly,Hot in Herre,Pop Rap,2002
2126,Incredible Bongo Band,Apache,Funk,1973
2127,Grateful Dead,Uncle John's Band,Folk Rock,1970
2128,Big Black,Kerosene,"Noise Rock, Post-Hardcore",1986
2129,Vampire Weekend,Cape Cod Kwassa Kwassa,"Afrobeat, Indie Pop",2007
2130,Hanson,Mmmbop,Teen Pop,1997
2131,The Jimi Hendrix Experience,Are You Experienced?,Acid Rock,1967
2132,Frank Sinatra,Strangers in the Night,Standards,1966
2133,Kamasi Washington,Truth,Spiritual Jazz,2017
2134,George Harrison,What Is Life,Pop Rock,1970
2135,Bruce Springsteen,"4th of July, Asbury Park (Sandy)","Heartland Rock, Singer/Songwriter",1973
2136,Prince and The Revolution,I Would Die 4 U,"Contemporary R&B, Synthpop",1984
2137,The Carter Family,Keep on the Sunny Side,"Appalachian Folk Music, Country Gospel",1928
2138,Neil Young,Tonight's the Night,"Country Rock, Singer/Songwriter",1975
2139,Grace Jones,Slave to the Rhythm,"Dance-Pop, Go-Go",1985
2140,The Beatles,Twist and Shout,"Merseybeat, Rock & Roll",1963
2141,David Bowie,Rock 'n' Roll Suicide,"Art Rock, Glam Rock, Rock Opera",1972
2142,Air,Le Soleil est près de moi,Downtempo,1997
2143,Lykke Li,I Follow Rivers,Art Pop,2011
2144,Duke Ellington,Diminuendo and Crescendo in Blue,Big Band,1956
2145,Mary J. Blige,Family Affair,"Contemporary R&B, Dance-Pop",2001
2146,Madonna,Justify My Love,Art Pop,1990
2147,Madness,House of Fun,"2 Tone, New Wave, Pop",1982
2148,Talib Kweli,Get By,"Boom Bap, Conscious Hip Hop, East Coast Hip Hop",2002
2149,Patti Smith,Piss Factory,"Art Rock, Proto-Punk",1974
2150,Bonnie Raitt,I Can't Make You Love Me,"Adult Contemporary, Soft Rock",1991
2151,Sidney Bechet,Summertime,"Dixieland, Swing",1939
2152,Japan,Ghosts,"Ambient Pop, Art Pop, Progressive Pop",1981
2153,Elton John,Crocodile Rock,"Glam Rock, Piano Rock",1972
2154,Sir Douglas Quintet,She's About a Mover,"Garage Rock, Rhythm & Blues",1965
2155,Weezer,El Scorcho,"Alternative Rock, Power Pop",1996
2156,The Future Sound of London,Papua New Guinea,Progressive Breaks,1991
2157,Moby,Porcelain,Downtempo,1999
2158,The Libertines,Don't Look Back into the Sun,"Garage Rock Revival, Indie Rock",2003
2159,Sonny Rollins,St. Thomas,Hard Bop,1957
2160,Eric B. & Rakim,Eric B. Is President,"Boom Bap, East Coast Hip Hop",1986
2161,Country Joe & The Fish,The Fish Cheer & I-Feel-Like-I'm-Fixin'-To-Die-Rag,"Contemporary Folk, Folk Rock, Psychedelic Rock, Satire",1965
2162,Count Basie's Kansas City Seven feat. Lester Young,Lester Leaps In,Swing,1939
2163,Terry Riley,In C,"Indeterminacy, Minimalism",1968
2164,Ozzy Osbourne,Crazy Train,"Hard Rock, Heavy Metal",1980
2165,PJ Harvey,The Words That Maketh Murder,"Art Rock, Singer/Songwriter",2011
2166,Arctic Monkeys,A Certain Romance,Indie Rock,2006
2167,Bruce Springsteen,Hungry Heart,"Heartland Rock, Pop Rock",1980
2168,The Traveling Wilburys,Handle with Care,"Heartland Rock, Pop Rock",1988
2169,Peggy Lee,Is That All There Is,Traditional Pop,1969
2170,The Stranglers,Peaches,"New Wave, Post-Punk",1977
2171,The Teardrop Explodes,Reward,"New Wave, Post-Punk",1980
2172,Run-D.M.C.,Sucker MC's,"East Coast Hip Hop, Hardcore Hip Hop",1983
2173,Sharon Van Etten,Your Love Is Killing Me,Singer/Songwriter,2014
2174,Arctic Monkeys,Fake Tales of San Francisco,"Garage Rock Revival, Indie Rock",2005
2175,Neil Young,Harvest Moon,"Folk Rock, Singer/Songwriter",1992
2176,The Dells,Oh What a Nite,Doo-Wop,1956
2177,The Monotones,Book of Love,Doo-Wop,1957
2178,Charles Aznavour,La Boheme,Chanson,1965
2179,Joni Mitchell,River,"Christmas Music, Piano Rock, Singer/Songwriter",1971
2180,Mississippi John Hurt,Stack O' Lee Blues,Piedmont Blues,1928
2181,B.B. King,3 O'Clock Blues,Electric Blues,1951
2182,Marshall Jefferson,Move Your Body (House Music Anthem),Chicago House,1986
2183,Interpol,Evil,Post-Punk Revival,2004
2184,Perfume Genius,Slip Away,Art Pop,2017
2185,The Clovers,Love Potion No. 9,"Doo-Wop, Rhythm & Blues",1959
2186,The Rolling Stones,It's Only Rock 'n Roll (But I Like It),"Hard Rock, Rock & Roll",1974
2187,Fleetwood Mac,Don't Stop,Pop Rock,1977
2188,Willie Nelson,Always on My Mind,"Adult Contemporary, Country Pop",1982
2189,James,Laid,"Britpop, Indie Pop",1993
2190,Fats Domino,Blue Monday,New Orleans R&B,1956
2191,alt-J,Breezeblocks,"Indie Pop, Indietronica",2012
2192,Buffalo Springfield,Expecting to Fly,"Baroque Pop, Psychedelic Folk",1967
2193,Leonard Cohen,The Future,"Blue Eyed Soul, Singer/Songwriter, Sophisti-Pop",1992
2194,Japandroids,Young Hearts Spark Fire,"Lo-Fi / Slacker Rock, Noise Rock",2009
2195,Slim Harpo,I'm a King Bee,Swamp Blues,1957
2196,R.E.M.,Nightswimming,"Chamber Pop, Piano Rock",1992
2197,AC/DC,It's a Long Way to the Top (If You Wanna Rock and Roll),Hard Rock,1975
2198,Shuggie Otis,Strawberry Letter 23,Psychedelic Soul,1971
2199,Arctic Monkeys,When the Sun Goes Down,"Garage Rock Revival, Indie Rock",2006
2200,Silver Apples,Oscillations,"Electronic, Experimental Rock, Psychedelic Rock",1968
2201,Eagles,Take It Easy,Country Rock,1972
2202,Youssou N'dour & Neneh Cherry,7 Seconds,Trip Hop,1994
2203,Charlie Parker,Parker's Mood,Bebop,1948
2204,David Bowie,I Can't Give Everything Away,"Alternative Dance, Art Rock",2016
2205,Frank Ocean,Novacane,Alternative R&B,2011
2206,Cher,Believe,Dance-Pop,1998
2207,The Crows,Gee,Doo-Wop,1953
2208,Metallica,Nothing Else Matters,Hard Rock,1991
2209,The White Stripes,Icky Thump,"Alternative Rock, Garage Rock Revival, Hard Rock",2007
2210,The Runaways,Cherry Bomb,"Hard Rock, Punk Rock",1976
2211,Gilbert O'Sullivan,Alone Again (Naturally),"Baroque Pop, Singer/Songwriter, Soft Rock",1972
2212,Yeah Yeah Yeahs,Sacrilege,"Indie Rock, Neo-Psychedelia",2013
2213,J.J. Cale,Cocaine,Blues Rock,1976
2214,Duran Duran,Rio,"New Romantic, Synthpop",1982
2215,Anita Ward,Ring My Bell,"Disco, Funk",1979
2216,Donnie Trumpet & The Social Experiment feat. Jamila Woods,Sunday Candyï¿½,"Jazz Rap, Pop Rap",2015
2217,McFadden and Whitehead,Ain't No Stoppin' Us Now,Disco,1979
2218,Diana Ross and The Supremes,Love Child,"Girl Group, Motown Sound",1968
2219,Dusty Springfield,The Look of Love,Pop Soul,1967
2220,XTC,Senses Working Overtime,"Jangle Pop, New Wave",1982
2221,Os Mutantes,A Minha Menina,"Psychedelic Pop, Psychedelic Rock, Tropicï¿½lia",1968
2222,Black Sheep,The Choice Is Yours (Revisited),"Boom Bap, East Coast Hip Hop",1991
2223,Aaliyah feat. Timbaland,We Need a Resolution,"Contemporary R&B, Dance-Pop",2001
2224,Sister Sledge,Lost in Music,"Disco, Pop Soul",1979
2225,Jimmy Eat World,The Middle,"Emo-Pop, Pop Rock",2001
2226,Muse,Supermassive Black Hole,Alternative Rock,2006
2227,First Aid Kit,Emmylou,"Alt-Country, Americana, Folk Pop",2012
2228,The Replacements,Alex Chilton,"Alternative Rock, Power Pop",1987
2229,Roots Manuva,Witness (1 Hope),UK Hip Hop,2001
2230,Alicia Keys,You Don't Know My Name,"Contemporary R&B, Neo-Soul",2003
2231,The Velvet Underground & Nico,Femme Fatale,Art Pop,1966
2232,Take That,Back for Good,"Adult Contemporary, Boy Band",1995
2233,Stevie Wonder,I Wish,"Funk, Soul",1976
2234,Talk Talk,It's My Life,"New Romantic, Synthpop",1984
2235,Dionne Warwick,Do You Know the Way to San Jose,Pop Soul,1968
2236,Jacques Dutronc,"Et moi, et moi, et moi","Beat Music, French Pop",1966
2237,Mannequin Pussy,Drunk II,"Indie Rock, Power Pop",2019
2238,Snoop Doggy Dogg,What's My Name?,"G-Funk, Gangsta Rap, West Coast Hip Hop",1993
2239,Bob Dylan,Things Have Changed,"Blues Rock, Folk Rock, Singer/Songwriter",2000
2240,Roxy Music,In Every Dream Home a Heartache,Art Rock,1973
2241,Florence + The Machine,Shake It Out,Art Pop,2011
2242,Prince,Alphabet St.,"Funk, Pop Soul",1988
2243,The Rolling Stones,Dead Flowers,Country Rock,1971
2244,L7,Pretend We're Dead,Grunge,1992
2245,Carly Rae Jepsen,Cut to the Feeling,"Dance-Pop, Film Soundtrack, Synthpop",2017
2246,R.E.M.,So. Central Rain (I'm Sorry),Jangle Pop,1984
2247,Stan Getz & Charlie Byrd,Desafinado,Samba-Jazz,1962
2248,Belle and Sebastian,Lazy Line Painter Jane,Chamber Pop,1997
2249,Cypress Hill,Insane in the Brain,"Boom Bap, Gangsta Rap, West Coast Hip Hop",1993
2250,Public Image Ltd.,Rise,Post-Punk,1986
2251,Men at Work,Down Under,"Pop Reggae, Pop Rock",1981
2252,Led Zeppelin,Ramble On,Folk Rock,1969
2253,Can,Yoo Doo Right,"Krautrock, Psychedelic Rock",1969
2254,Cream,Crossroads,"Blues Rock, Hard Rock",1968
2255,Maurice Williams and The Zodiacs,Stay,Doo-Wop,1960
2256,"Crosby, Stills, Nash & Young",Woodstock,Folk Rock,1970
2257,Pet Shop Boys,Suburbia,Synthpop,1986
2258,Armand Van Helden,U Don't Know Me,"French House, Funky House",1999
2259,Meat Loaf,Paradise by the Dashboard Light,"Pop Rock, Rock Opera",1977
2260,Creedence Clearwater Revival,Up Around the Bend,"Country Rock, Swamp Rock",1970
2261,John Denver,"Take Me Home, Country Roads",Country Pop,1971
2262,The Isley Brothers,This Old Heart of Mine (Is Weak for You),"Motown Sound, Northern Soul",1966
2263,Taylor Swift,Shake It Off,Dance-Pop,2014
2264,Big Bill Broonzy,Key to the Highway,Acoustic Blues,1941
2265,Los Campesinos!,You! Me! Dancing!,"Indie Rock, Twee Pop",2007
2266,The Skyliners,Since I Don't Have You,Doo-Wop,1958
2267,Ryan Adams,"New York, New York","Folk Rock, Singer/Songwriter",2001
2268,Kate Bush,Cloudbusting,"Art Pop, Baroque Pop, Progressive Pop",1985
2269,Iron Maiden,Hallowed Be Thy Name,NWOBHM,1982
2270,Louis Armstrong,Struttin' with Some Barbeque,Dixieland,1928
2271,Lenny Kravitz,Are You Gonna Go My Way,Hard Rock,1993
2272,James Brown,Try Me,"Rhythm & Blues, Soul",1958
2273,Dinah Washington,What a Diff'rence a Day Makes,"Jazz Pop, Traditional Pop",1959
2274,Marvin Gaye,I Want You,Smooth Soul,1976
2275,Jessie Ware,Wildest Moments,"Alternative R&B, Pop Soul",2012
2276,ABC,Poison Arrow,New Romantic,1982
2277,Van Morrison,Sweet Thing,"Chamber Folk, Singer/Songwriter",1968
2278,João Gilberto,Chega de Saudade,Bossa Nova,1958
2279,The Smiths,Girlfriend in a Coma,"Indie Pop, Jangle Pop",1987
2280,Max Romeo,Chase the Devil,Roots Reggae,1976
2281,The Police,Walking on the Moon,"New Wave, Pop Reggae",1979
2282,The Cadillacs,Speedoo,"Doo-Wop, Rhythm & Blues",1955
2283,Love,7 and 7 Is,"Garage Rock, Proto-Punk, Psychedelic Rock",1966
2284,Wilco,I Am Trying to Break Your Heart,Indie Rock,2002
2285,Frank Sinatra,It Was a Very Good Year,Standards,1965
2286,Pat Benatar,Love Is a Battlefield,Pop Rock,1983
2287,Real Estate,It's Real,"Indie Pop, Jangle Pop",2011
2288,Janet Jackson,What Have You Done for Me Lately,"Contemporary R&B, Dance-Pop, Synth Funk",1986
2289,The Doors,"Hello, I Love You","Pop Rock, Psychedelic Rock",1968
2290,Kendrick Lamar,The Blacker the Berryï¿½,"Conscious Hip Hop, Hardcore Hip Hop, Political Hip Hop, West Coast Hip Hop",2015
2291,Fisk Jubilee Singers,Swing Low Sweet Chariot,"Gospel, Spirituals",1909
2292,Ramones,Rockaway Beach,Pop Punk,1977
2293,Dusty Springfield,I Just Don't Know What to Do with Myself,Blue Eyed Soul,1964
2294,Original Dixieland Jazz Band,Livery Stable Blues,Dixieland,1917
2295,Duke Ellington,It Don't Mean a Thing If It Ain't Got That Swing,"Big Band, Swing",1932
2296,Four Tops,It's the Same Old Song,Motown Sound,1965
2297,Talking Heads,Born Under Punches (The Heat Goes On),"Funk Rock, New Wave, Post-Punk",1980
2298,Minutemen,History Lesson - Part II,Indie Rock,1984
2299,Elton John,Philadelphia Freedom,"Blue Eyed Soul, Pop Rock",1975
2300,Iron Maiden,Run to the Hills,NWOBHM,1982
2301,Ministry,Jesus Built My Hotrod,Industrial Metal,1991
2302,Patti Smith Group,Rock N Roll Nigger,"Glam Rock, Hard Rock",1978
2303,Radiohead,Daydreaming,"Ambient Pop, Art Pop",2016
2304,A$AP Rocky,Peso,"Cloud Rap, East Coast Hip Hop",2011
2305,John Lennon/Plastic Ono Band,Mother,Singer/Songwriter,1970
2306,Yardbirds,Shapes of Things,"Freakbeat, Mod, Psychedelic Rock",1966
2307,A Tribe Called Quest,Check the Rhime,"Boom Bap, East Coast Hip Hop, Jazz Rap",1991
2308,Don McLean,Vincent,"Contemporary Folk, Singer/Songwriter",1971
2309,Nusrat Fateh Ali Khan,Mustt Mustt (Lost in His Work),"Downtempo, Qawwali",1990
2310,Parquet Courts,Stoned and Starving,"Indie Rock, Post-Punk",2012
2311,Madonna,Express Yourself,"Dance-Pop, Synth Funk",1989
2312,Blondie,One Way or Another,"New Wave, Pop Rock",1978
2313,The Walker Brothers,Make It Easy on Yourself,Baroque Pop,1965
2314,Eminem,Without Me,Pop Rap,2002
2315,Father John Misty,Pure Comedy,"Piano Rock, Singer/Songwriter",2017
2316,"Earth, Wind & Fire",September,"Disco, Funk",1978
2317,Björk,Pagan Poetry,Art Pop,2001
2318,Dr. John,I Walk on Guilded Splinters,"Psychedelic Rock, Swamp Rock",1968
2319,Nat King Cole,Mona Lisa,Traditional Pop,1950
2320,Hank Williams,Lost Highway,Honky Tonk,1949
2321,Bomb the Bass,Beat Dis,Acid House,1987
2322,Jai Paul,Jasmine,"Alternative R&B, UK Bass",2012
2323,Hank Williams,Move It On Over,Honky Tonk,1947
2324,Everclear,Santa Monica (Watch the World Die),Post-Grunge,1995
2325,Lil' Louis,French Kiss,"Acid House, Chicago House",1989
2326,Sly and the Family Stone,Stand!,"Pop Soul, Psychedelic Soul",1969
2327,Johnny Boy,You Are the Generation that Bought More Shoes and You Get What You Deserve,Indie Pop,2004
2328,"Kanye West, Big Sean, Pusha T and 2 Chainz",Mercy,Trap,2012
2329,Tommy Edwards,It's All in the Game,Traditional Pop,1958
2330,Louis Armstrong,St. James Infirmary,"Dixieland, Vocal Jazz",1928
2331,Madonna,Beautiful Stranger,"Film Soundtrack, Psychedelic Pop",1999
2332,Beck,Sexx Laws,"Alternative Dance, Funk Rock",1999
2333,Tears for Fears,Mad World,"New Wave, Synthpop",1982
2334,Smokey Robinson and The Miracles,I Second That Emotion,Motown Sound,1967
2335,Frank Ocean,Ivy,"Art Pop, Neo-Soul",2016
2336,Ricky Martin,Livin' La Vida Loca,"Dance-Pop, Latin Pop",1999
2337,"Peter, Paul and Mary",If I Had a Hammer (The Hammer Song),"Close Harmony, Folk Pop, Vocal Group",1962
2338,Muse,Plug In Baby,Alternative Rock,2001
2339,Soul Asylum,Runaway Train,"Alternative Rock, Pop Rock",1992
2340,John Cougar Mellencamp,Pink Houses,"Americana, Heartland Rock, Singer/Songwriter",1983
2341,Fred Astaire,They Can't Take That Away from Me,"Standards, Vocal Jazz",1937
2342,Gwen Stefani,What You Waiting For?,Dance-Pop,2004
2343,Split Enz,I Got You,"New Wave, Pop Rock",1980
2344,Mickey and Sylvia,Love Is Strange,"Rhythm & Blues, Rock & Roll, Soul",1956
2345,Neil Young,Old Man,"Country Rock, Folk Rock, Singer/Songwriter",1972
2346,Nick Cave & The Bad Seeds,I Need You,"Art Rock, Singer/Songwriter",2016
2347,Louis Armstrong,Star Dust,Big Band,1931
2348,Feist,Mushaboom,"Folk Pop, Indie Pop, Singer/Songwriter",2004
2349,Nick Drake,Things Behind the Sun,"Contemporary Folk, Singer/Songwriter",1972
2350,Glen Campbell,Galveston,Nashville Sound,1969
2351,Arctic Monkeys,Cornerstone,"Indie Pop, Neo-Psychedelia, Psychedelic Pop",2009
2352,Ash,Girl from Mars,"Britpop, Power Pop",1995
2353,Animal Collective,Fireworks,"Neo-Psychedelia, Psychedelic Pop",2007
2354,Bee Gees,Night Fever,"Disco, Film Soundtrack",1977
2355,The Chemical Brothers,Galvanize,Big Beat,2004
2356,Lindstrøm,I Feel Space,"Nu-Disco, Space Disco",2005
2357,Prince Buster,Al Capone,Jamaican Ska,1965
2358,Candi Staton,Young Hearts Run Free,Disco,1976
2359,Gilbert Bécaud,Et maintenant,Chanson,1961
2360,The Beatles,Drive My Car,Pop Rock,1965
2361,Seal,Crazy,"Downtempo, Pop Soul",1990
2362,Animal Collective,Brother Sport,"Neo-Psychedelia, Psychedelic Pop",2009
2363,The Prodigy,No Good (Start The Dance),Breakbeat Hardcore,1994
2364,Counting Crows,Mr. Jones,Pop Rock,1993
2365,"Kali Uchis feat. Tyler, the Creator & Bootsy Collins",After the Storm,"Neo-Soul, Sophisti-Pop",2018
2366,Rush,The Spirit of Radio,Progressive Rock,1980
2367,M.O.P,"Ante Up (Robbing-Hoodz Theory) / Ante Up (Remix) feat. Busta Rhymes, Remy Ma & Teflon [2001]","Boom Bap, East Coast Hip Hop, Gangsta Rap",2000
2368,Dr. Dre feat. Snoop Doggy Dogg,Deep Cover,"Film Soundtrack, Gangsta Rap, West Coast Hip Hop",1992
2369,Björk,Bachelorette,"Art Pop, Downtempo",1997
2370,Brian Eno,Needles in the Camel's Eye,"Art Rock, Glam Rock, Proto-Punk",1974
2371,Freddie King,Hide Away,Electric Texas Blues,1961
2372,The Who,"Love, Reign O'er Me","Hard Rock, Symphonic Rock",1973
2373,Inner City,Good Life,"Chicago House, Detroit Techno",1989
2374,Afrika Bambaataa & The Soulsonic Force,Looking for the Perfect Beat,"East Coast Hip Hop, Electro",1982
2375,Bruce Springsteen,Darkness on the Edge of Town,"Heartland Rock, Singer/Songwriter",1978
2376,Primal Scream,Kowalski,"Alternative Dance, Industrial Rock, Neo-Psychedelia",1997
2377,M.I.A.,Bucky Done Gun,"Funk carioca, UK Hip Hop",2005
2378,Sugababes,Freak Like Me,Electropop,2002
2379,Schoolly D,P.S.K. (What Does It Mean?),"East Coast Hip Hop, Gangsta Rap",1985
2380,The Pharcyde,Passin' Me By,"Boom Bap, Jazz Rap, West Coast Hip Hop",1992
2381,Donovan,Hurdy Gurdy Man,"Folk Rock, Psychedelic Folk, Psychedelic Rock",1968
2382,Scott McKenzie,San Francisco (Be Sure to Wear Flowers in Your Hair),"Folk Pop, Psychedelic Pop, Sunshine Pop",1967
2383,Jenny Hval,Conceptual Romance,"Ambient Pop, Art Pop",2016
2384,The xx,Islands,Indie Pop,2009
2385,Lily Allen,LDN,Pop,2006
2386,Dobie Gray,Drift Away,"Country Soul, Soft Rock",1973
2387,Belle and Sebastian,The Boy with the Arab Strap,"Chamber Pop, Twee Pop",1998
2388,War,Slippin' into Darkness,"Funk, Soul",1971
2389,David Bowie,The Jean Genie,Glam Rock,1972
2390,Green Day,When I Come Around,"Alternative Rock, Pop Punk",1994
2391,Bill Evans,Waltz for Debby,Cool Jazz,1956
2392,Camera Obscura,French Navy,"Chamber Pop, Twee Pop",2009
2393,Kanye West,Can't Tell Me Nothing,Pop Rap,2007
2394,Muse,Knights of Cydonia,Alternative Rock,2006
2395,Professor Longhair and His Blues Scholars,Tipitina,New Orleans R&B,1953
2396,Chuck Berry,Brown Eyed Handsome Man,Rock & Roll,1956
2397,The Temptations,I Can't Get Next to You,Psychedelic Soul,1969
2398,Radiohead,How to Disappear Completely,Art Rock,2000
2399,Paul Simon,50 Ways to Leave Your Lover,"Pop Rock, Singer/Songwriter",1975
2400,Beyoncï¿½,Irreplaceable,"Contemporary R&B, Pop",2006
2401,Enya,Orinoco Flow (Sail Away),New Age,1988
2402,Yves Tumor,Noid,"Neo-Psychedelia, Psychedelic Pop",2018
2403,Twin Shadow,Five Seconds,"New Wave, Synthpop",2012
2404,Hawkwind,Silver Machine,Space Rock,1972
2405,Father John Misty,Chateau Lobby #4 (in C for Two Virgins),"Chamber Pop, Indie Folk",2014
2406,Eurythmics,Here Comes the Rain Again,Synthpop,1983
2407,Hank Snow,I'm Movin' On,Traditional Country,1950
2408,Tom Waits,Jockey Full of Bourbon,"Art Rock, Jazz-Rock",1985
2409,Bruce Springsteen,The Rising,Heartland Rock,2002
2410,Pretenders,Kid,"New Wave, Pop Rock",1979
2411,Artie Shaw,Star Dust,"Big Band, Swing",1940
2412,Interpol,NYC,Post-Punk Revival,2002
2413,Nilsson,One,Baroque Pop,1968
2414,Elvis Presley,Blue Moon of Kentucky,Rockabilly,1954
2415,Heart,Barracuda,Hard Rock,1977
2416,Happy Mondays,Hallelujah,"Alternative Dance, Baggy / Madchester",1989
2417,The Jesus and Mary Chain,Some Candy Talking,"Noise Pop, Post-Punk",1986
2418,Camera Obscura,"Lloyd, I'm Ready to Be Heartbroken","Chamber Pop, Twee Pop",2006
2419,The Primitives,Crash,"Jangle Pop, Power Pop",1988
2420,Queen,Somebody to Love,"Art Rock, Glam Rock, Pop Rock",1976
2421,Kool & The Gang,Celebration,Disco,1980
2422,Eddie Cochran,Somethin' Else,Rockabilly,1959
2423,Jr. Walker & The All Stars,Shotgun,"Funk, Soul",1965
2424,Fats Domino,I'm Walkin',"New Orleans R&B, Rock & Roll",1957
2425,Beyoncï¿½,Love On Top,"Contemporary R&B, Pop Soul",2011
2426,"Earth, Wind & Fire with The Emotions",Boogie Wonderland,Disco,1979
2427,Bob Marley and The Wailers,Is This Love,"Lovers Rock, Roots Reggae",1978
2428,Florence + The Machine,Dog Days Are Over,"Art Pop, Indie Pop",2008
2429,Madness,One Step Beyond,2 Tone,1979
2430,Devo,(I Can't Get No) Satisfaction,"Art Punk, New Wave, Post-Punk",1977
2431,The Kingston Trio,Tom Dooley,Contemporary Folk,1958
2432,Solomon Burke,Cry to Me,"Rhythm & Blues, Soul",1962
2433,Miles Davis,Round Midnight,Cool Jazz,1957
2434,Dave Clark Five,Glad All Over,Merseybeat,1963
2435,Hot Hot Heat,Bandages,"Post-Punk Revival, Power Pop",2002
2436,Rï¿½yksopp & Robyn,Do It Again,"Electro House, Electropop",2014
2437,Stevie Ray Vaughan and Double Trouble,Pride and Joy,Blues Rock,1983
2438,FKA twigs,Sad Day,"Art Pop, Glitch Pop",2019
2439,A Tribe Called Quest,Can I Kick It?,"Boom Bap, East Coast Hip Hop",1990
2440,Herbie Hancock,Watermelon Man,"Hard Bop, Soul Jazz",1962
2441,Jenny Hval,Ashes to Ashes,"Art Pop, Synthpop",2019
2442,Loretta Lynn,The Pill,Honky Tonk,1975
2443,The Doobie Brothers,Long Train Runnin',Yacht Rock,1973
2444,The Monkees,Pleasant Valley Sunday,"Psychedelic Pop, Sunshine Pop",1967
2445,Destiny's Child,Independent Women Part 1,"Contemporary R&B, Film Soundtrack",2000
2446,The Rolling Stones,Play with Fire,Baroque Pop,1965
2447,The Smiths,Hand in Glove,"Indie Pop, Jangle Pop",1983
2448,Little Junior's Blue Flames,Mystery Train,"Blues, Rhythm & Blues",1953
2449,Los Bravos,Black Is Black,Beat Music,1966
2450,Shirley and Co.,"Shame, Shame, Shame",Disco,1974
2451,Mungo Jerry,In the Summertime,Folk Pop,1970
2452,Leonard Cohen,Everybody Knows,"Singer/Songwriter, Sophisti-Pop",1988
2453,Spiller,Groovejet (If This Ain't Love),"Dance-Pop, Funky House",2000
2454,Sébastien Tellier,La Ritournelle,Chamber Pop,2003
2455,Original Dixieland Jazz Band,Tiger Rag,"Dixieland, Ragtime",1918
2456,Fiddlin' John Carson,Little Old Log Cabin in the Lane,"Appalachian Folk Music, Old-Time",1923
2457,Beyoncï¿½ feat. Chimamanda Ngozi Adichie / Nicki Minaj,***Flawless / Flawless (Remix),"Contemporary R&B, Pop Rap",2013
2458,Neil Young,Only Love Can Break Your Heart,"Country Rock, Folk Rock, Singer/Songwriter",1970
2459,Anita Baker,Sweet Love,Smooth Soul,1986
2460,Neil Young & Crazy Horse,"My My, Hey Hey (Out of the Blue)","Contemporary Folk, Folk Rock, Singer/Songwriter",1979
2461,George Jones,She Thinks I Still Care,Nashville Sound,1962
2462,Arcade Fire,Neighborhood #3 (Power Out),"Chamber Pop, Post-Punk Revival",2004
2463,Gladys Knight and The Pips,If I Were Your Woman,Soul,1970
2464,Bobby Bland,Farther Up the Road,"Electric Blues, Soul Blues",1957
2465,The Selecter,On My Radio,2 Tone,1979
2466,Jimmy Reed,Big Boss Man,Chicago Blues,1961
2467,Grimes,Kill V. Maimï¿½,"Alternative Dance, Electropop",2015
2468,Tricky,Aftermath,Trip Hop,1994
2469,Big Joe Williams,Baby Please Don't Go,Delta Blues,1935
2470,The Beatles,Back in the U.S.S.R.,Rock,1968
2471,The Allman Brothers Band,Midnight Rider,"Blues Rock, Country Rock, Southern Rock",1970
2472,Weyes Blood,Movies,"Ambient Pop, Art Pop, Progressive Pop",2019
2473,Radiohead,Lucky,"Alternative Rock, Art Rock",1995
2474,Arcade Fire,Afterlife,"Alternative Dance, New Wave",2013
2475,Arcade Fire,No Cars Go,"Chamber Pop, Post-Punk Revival",2007
2476,2Pac,Dear Mama,"Conscious Hip Hop, West Coast Hip Hop",1995
2477,Toto,Africa,"AOR, Pop Rock",1982
2478,The Beatles,Hello Goodbye,Pop Rock,1967
2479,ZZ Top,Gimme All Your Lovin',"Boogie Rock, Hard Rock",1983
2480,Dizzy Gillespie,Groovin' High,Bebop,1945
2481,Cabaret Voltaire,Nag Nag Nag,"Industrial, Minimal Synth, Post-Punk, Synth Punk",1979
2482,Happy Mondays,WFL (Wrote for Luck),"Alternative Dance, Baggy / Madchester",1988
2483,The Human League,Love Action (I Believe in Love),"New Romantic, Synthpop",1981
2484,TNGHT,Higher Ground,Trap [EDM],2012
2485,DJ Shadow,Building Steam with a Grain of Salt,"Experimental Hip Hop, Instrumental Hip Hop, Plunderphonics",1996
2486,John Cale,(I Keep a) Close Watch,"Art Pop, Baroque Pop, Soft Rock",1975
2487,k.d. Lang,Constant Craving,"Singer/Songwriter, Soft Rock",1992
2488,EMA,California,"Dream Pop, Experimental Rock",2011
2489,Nas,N.Y. State of Mind,"Boom Bap, East Coast Hip Hop",1994
2490,Madonna,Erotica,"Dance-Pop, New Jack Swing",1992
2491,Howlin' Wolf,Evil,Chicago Blues,1954
2492,Lupe Fiasco,Kick Push,Hip Hop,2006
2493,Hank Williams,Hey Good Lookin',Honky Tonk,1951
2494,Go-Go's,We Got the Beat,"New Wave, Power Pop",1981
2495,Fats Domino,Walking to New Orleans,"New Orleans R&B, Rhythm & Blues",1960
2496,Oasis,Some Might Say,Britpop,1995
2497,R.E.M.,Imitation of Life,"Alternative Rock, Pop Rock",2001
2498,Slint,"Good Morning, Captain","Post-Hardcore, Post-Rock",1991
2499,The Beatles,Hey Bulldog,"Pop Rock, Psychedelic Rock",1969
2500,Bob Dylan,It Ain't Me Babe,"Contemporary Folk, Singer/Songwriter",1964
2501,Joe Turner & Pete Johnson,Roll 'Em Pete,"Boogie Woogie, Jump-Blues",1939
2502,Tony Bennett,I Left My Heart in San Francisco,Standards,1962
2503,Jimmy Forrest,Night Train,Soul Jazz,1952
2504,Franz Ferdinand,Darts of Pleasure,"Dance-Punk, Post-Punk Revival",2003
2505,Nelly Furtado,Maneater,"Dance-Pop, Electropop",2006
2506,Europe,The Final Countdown,"AOR, Hard Rock",1986
2507,Badly Drawn Boy,Once Around the Block,"Indie Folk, Indie Pop, Singer/Songwriter",1999
2508,Justin Timberlake,Mirrors,"Contemporary R&B, Pop Soul",2013
2509,Ernie K-Doe,Mother-in-Law,"Doo-Wop, New Orleans R&B, Soul",1961
2510,Lana Del Rey,West Coast,"Art Pop, Dream Pop",2014
2511,Blind Alfred Reed,How Can a Poor Man Stand Such Times and Live,"Appalachian Folk Music, Old-Time",1929
2512,Radiohead,Just,Alternative Rock,1995
2513,Blondie,Hanging on the Telephone,"New Wave, Pop Rock",1978
2514,The Stone Roses,Made of Stone,"Baggy / Madchester, Jangle Pop",1989
2515,Ernest Tubb,Walking the Floor Over You,Honky Tonk,1941
2516,Billie Holiday,The Man I Love,"Standards, Vocal Jazz",1940
2517,Chumbawamba,Tubthumping,Pop Rock,1997
2518,Al Stewart,Year of the Cat,"Singer/Songwriter, Soft Rock",1976
2519,Shamir,On the Regular,Hip House,2014
2520,King Crimson,The Court of the Crimson King,"Art Rock, Symphonic Prog",1969
2521,Best Coast,Boyfriend,"Indie Pop, Power Pop",2010
2522,Lisa Loeb & Nine Stories,Stay (I Missed You),"Folk Pop, Pop Rock, Singer/Songwriter",1994
2523,Aphex Twin,Girl/Boy Song,Drill and Bass,1996
2524,Édith Piaf,"Non, je ne regrette rien",Chanson,1960
2525,Gang of Four,At Home He's a Tourist,Dance-Punk,1979
2526,Kelela,LMK,Alternative R&B,2017
2527,Sleater-Kinney,I Wanna Be Your Joey Ramone,"Indie Rock, Riot Grrrl",1996
2528,Visage,Fade to Grey,"New Romantic, Synthpop",1980
2529,Louis Jordan and His Tympany Five,Let the Good Times Roll,"Jump-Blues, Rhythm & Blues",1946
2530,Duffy,Mercy,"Blue Eyed Soul, Pop Soul",2008
2531,Nirvana,Drain You,Grunge,1991
2532,Pere Ubu,Final Solution,"Art Punk, Art Rock, Post-Punk",1976
2533,The Four Seasons,Sherry,"Doo-Wop, Pop",1962
2534,Hole,Violet,"Grunge, Riot Grrrl",1994
2535,Mongo Santamaría,Watermelon Man,"Afro-Cuban Jazz, Boogaloo",1963
2536,Peter Frampton,Show Me the Way,Pop Rock,1975
2537,The Robins,Riot in Cell Block #9,Rhythm & Blues,1954
2538,Foo Fighters,Monkey Wrench,Post-Grunge,1997
2539,Ram Jam,Black Betty,"Boogie Rock, Hard Rock, Southern Rock",1977
2540,The Beatles,Sexy Sadie,Pop Rock,1968
2541,Blink-182,All the Small Things,"Pop Punk, Power Pop",1999
2542,Pink Floyd,Us and Them,"Art Rock, Progressive Rock",1973
2543,Neneh Cherry,Manchild,"Contemporary R&B, Pop Rap",1989
2544,Kendrick Lamar,"Bitch, Don't Kill My Vibe","Conscious Hip Hop, West Coast Hip Hop",2012
2545,The Offspring,Self-Esteem,"Pop Punk, Skate Punk",1994
2546,Wreckless Eric,Whole Wide World,"Power Pop, Pub Rock",1977
2547,Dr. Dre feat. Snoop Dogg,Still D.R.E.,"Gangsta Rap, West Coast Hip Hop",1999
2548,Gloria Gaynor,Never Can Say Goodbye,"Disco, Soul",1974
2549,Lou Reed,Dirty Blvd,"Rock, Singer/Songwriter",1989
2550,Janet Jackson,Got 'Til It's Gone,"Contemporary R&B, Neo-Soul, Trip Hop",1997
2551,Gossip,Heavy Cross,"Dance-Punk, Indie Rock",2009
2552,Macy Gray,I Try,"Contemporary R&B, Neo-Soul",1999
2553,The 5th Dimension,Aquarius/Let the Sun Shine In,"Psychedelic Pop, Psychedelic Soul, Sunshine Pop",1969
2554,Fleetwood Mac,Everywhere,Soft Rock,1987
2555,Nelly Furtado feat. Timbaland,Promiscuous,Dance-Pop,2006
2556,Hozier,Take Me to Church,"Chamber Pop, Pop Soul",2013
2557,Dionne Warwick,Don't Make Me Over,"Girl Group, Pop Soul",1962
2558,The Beatles,Girl,Folk Pop,1965
2559,The Mills Brothers,Paper Doll,"Traditional Pop, Vocal Group",1942
2560,Helen Reddy,I Am Woman,Adult Contemporary,1972
2561,Dawn Penn,"You Don't Love Me (No, No, No)",Dancehall,1994
2562,Frankie Knuckles/Jamie Principle,Your Love,Chicago House,1987
2563,Bob & Earl,Harlem Shuffle,Soul,1963
2564,Spoon,Do You,"Indie Pop, Indie Rock",2014
2565,Michael Jackson,Human Nature,"Contemporary R&B, Pop Soul",1982
2566,Band Aid,Do They Know It's Christmas?,"Christmas Music, Pop",1984
2567,Aretha Franklin,Do Right Woman - Do Right Man,Soul,1967
2568,Bon Iver,"Hey, Ma",Art Pop,2019
2569,John Cage,4'33'',Indeterminacy,1952
2570,Fleetwood Mac,Black Magic Woman,"Blues Rock, Psychedelic Rock",1968
2571,Pet Shop Boys feat. Dusty Springfield,What Have I Done to Deserve This?,Synthpop,1987
2572,The War on Drugs,Thinking of a Place,"Heartland Rock, Neo-Psychedelia",2017
2573,Alton Ellis,I Am Still in Love,"Reggae, Rocksteady",1977
2574,Paul Anka,Diana,"Brill Building, Teen Pop",1957
2575,Bran Van 3000,Drinking in L.A.,"Alternative Dance, Trip Hop",1997
2576,LL Cool J,Rock the Bells,"East Coast Hip Hop, Hardcore Hip Hop",1985
2577,Dooley Wilson,As Time Goes By,Traditional Pop,1942
2578,Joni Mitchell,Woodstock,"Piano Rock, Singer/Songwriter",1970
2579,Public Enemy,Black Steel in the Hour of Chaos,"Conscious Hip Hop, East Coast Hip Hop, Hardcore Hip Hop, Political Hip Hop",1988
2580,Lowell Fulson,Reconsider Baby,Electric Blues,1954
2581,Chuck Berry,No Particular Place to Go,Rock & Roll,1964
2582,Bruce Springsteen,The Ghost of Tom Joad,"Americana, Contemporary Folk, Singer/Songwriter",1995
2583,Foo Fighters,Best of You,Post-Grunge,2005
2584,Carole King,I Feel the Earth Move,"Piano Rock, Singer/Songwriter",1971
2585,Rod Stewart,You Wear It Well,"Folk Rock, Roots Rock, Singer/Songwriter",1972
2586,The Clash,Straight to Hell,"New Wave, Post-Punk",1982
2587,The Smiths,"Please, Please, Please, Let Me Get What I Want","Indie Pop, Jangle Pop",1984
2588,Jet,Are You Gonna Be My Girl,"Garage Rock Revival, Hard Rock",2003
2589,M,Pop Muzik,"New Wave, Synthpop",1979
2590,Sonny Boy Williamson (I),Good Morning (Little) School Girl,Acoustic Chicago Blues,1937
2591,Tool,Stinkfist,"Alternative Metal, Progressive Metal",1996
2592,The Temptations,Cloud Nine,Psychedelic Soul,1968
2593,Alanis Morissette,Ironic,"Alternative Rock, Pop Rock, Singer/Songwriter",1995
2594,Dean Martin,That's Amore,Standards,1953
2595,Grizzly Bear,Yet Again,"Folk Rock, Indie Rock, Neo-Psychedelia",2012
2596,Boogie Down Productions,South Bronx,"East Coast Hip Hop, Hardcore Hip Hop",1986
2597,The National,The System Only Dreams in Total Darkness,Indie Rock,2017
2598,Roy Orbison,Ooby Dooby,Rockabilly,1956
2599,Vampire Weekend,Ya Hey,Indie Pop,2013
2600,The Artful Dodger,Re-Rewind (The Crowd Say Bo Selecta),2-Step,1999
2601,Jane's Addiction,Jane Says,"Acoustic Rock, Alternative Rock",1988
2602,Run-D.M.C.,Peter Piper,East Coast Hip Hop,1986
2603,Brook Benton,Rainy Night in Georgia,Country Soul,1969
2604,Fanny Brice,My Man (From Ziegfield Follies of 1921),Revue,1922
2605,The Flying Burrito Bros,Hot Burrito #1,Country Rock,1969
2606,Ike and Tina Turner,It's Gonna Work Out Fine,"Rhythm & Blues, Soul, Soul Blues",1961
2607,U2,Desire,Rock,1988
2608,Elvis Presley,Are You Lonesome Tonight?,Pop,1960
2609,Craig Mack,Flava in Ya Ear/Flava in Ya Ear (Remix),"Boom Bap, East Coast Hip Hop",1994
2610,Nick Cave & The Bad Seeds,The Ship Song,Singer/Songwriter,1990
2611,Nina Simone,Feeling Good,"Big Band, Soul Jazz",1965
2612,DJ Mujava,Township Funk,Kwaito,2008
2613,The 1975,Somebody Else,"Sophisti-Pop, Synthpop",2016
2614,Janet Jackson,Nasty,"Contemporary R&B, Dance-Pop",1986
2615,Jan and Dean,Dead Man's Curve,Vocal Surf,1963
2616,System of a Down,B.Y.O.B.,"Alternative Metal, Thrash Metal",2005
2617,The Clash,I Fought the Law,Punk Rock,1979
2618,Sublime,What I Got,Rap Rock,1996
2619,Playboi Carti,Magnolia,"Southern Hip Hop, Trap",2017
2620,Public Image Ltd.,This Is Not a Love Song,"New Wave, Post-Punk",1983
2621,The O'Jays,I Love Music,"Disco, Philly Soul",1975
2622,Doris Day,"Whatever Will Be, Will Be (Que sera, sera)",Traditional Pop,1956
2623,Morrissey,"Irish Blood, English Heart",Alternative Rock,2004
2624,Joy Division,Disorder,Post-Punk,1979
2625,AC/DC,Dirty Deeds Done Dirt Cheap,Hard Rock,1976
2626,Run-D.M.C.,King of Rock,"East Coast Hip Hop, Rap Rock",1985
2627,Bangles,Walk Like an Egyptian,Pop Rock,1986
2628,Madonna,Lucky Star,"Dance-Pop, Synth Funk, Synthpop",1983
2629,The Creation,Making Time,"Freakbeat, Garage Rock, Mod",1966
2630,Audio Two,Top Billin',"Boom Bap, East Coast Hip Hop",1987
2631,R.E.M.,Orange Crush,Jangle Pop,1988
2632,Cass McCombs,County Line,"Country Soul, Indie Pop, Singer/Songwriter, Sophisti-Pop",2011
2633,R.E.M.,Country Feedback,"Alt-Country, Alternative Rock, Folk Rock",1991
2634,Soul II Soul feat. Caron Wheeler,Keep On Movin',"Contemporary R&B, House",1989
2635,The xx,Angels,Dream Pop,2012
2636,Big Punisher feat. Joe,Still Not a Player,"Boom Bap, Hardcore Hip Hop",1998
2637,Kate Bush,The Man with the Child in His Eyes,"Art Pop, Singer/Songwriter",1978
2638,Pretenders,Middle of the Road,"New Wave, Pop Rock",1983
2639,Viet Cong,Continental Shelf,Post-Punk,2014
2640,Boris Vian,Le Dï¿½serteur,Chanson ï¿½ texte,1955
2641,"Jones-Smith, Incorporated [Count Basie]","Oh, Lady Be Good",Swing,1936
2642,Eagles,Life in the Fast Lane,Pop Rock,1976
2643,Dixie Chicks,Not Ready to Make Nice,Country Pop,2006
2644,Charles Mingus,Fables of Faubus/Original Faubus Fables,Post-Bop,1959
2645,Manu Chao,Bongo Bong,Latin Alternative,1998
2646,Eck Robertson,Sally Gooden,"Appalachian Folk Music, Old-Time",1922
2647,The Vines,Get Free,"Garage Punk, Garage Rock Revival",2002
2648,Smokey Robinson,Cruisin',"Pop Soul, Smooth Soul",1979
2649,Slade,Mama Weer All Crazee Now,"Glam Rock, Hard Rock",1972
2650,The Congos,Fisherman,Roots Reggae,1977
2651,The Allman Brothers Band,Jessica,Southern Rock,1973
2652,Meat Puppets,Lake of Fire,"Alternative Rock, Cowpunk",1984
2653,The Dandy Warhols,Bohemian Like You,"Indie Rock, Power Pop",2000
2654,Garbage,Queer,Alternative Rock,1995
2655,Stevie Wonder,Don't You Worry 'Bout a Thing,Latin Soul,1973
2656,The Shangri-Las,I Can Never Go Home Anymore,"Brill Building, Girl Group",1965
2657,Coldplay,Fix You,Pop Rock,2005
2658,Dntel feat. Ben Gibbard,(This Is) The Dream of Evan and Chan,"Ambient Pop, Atmospheric Drum and Bass, Indietronica",2001
2659,Body Count,Cop Killer,Crossover Thrash,1992
2660,Dave and Ansil Collins,Double Barrel,"Deejay, Skinhead Reggae",1970
2661,The Cars,My Best Friend's Girl,"New Wave, Power Pop",1978
2662,Harry Styles,Sign of the Times,Piano Rock,2017
2663,Love Unlimited Orchestra,Love's Theme,"Disco, Smooth Soul",1973
2664,Haim,Falling,"Pop Rock, Sophisti-Pop",2013
2665,Foo Fighters,This Is a Call,Post-Grunge,1995
2666,The Jam,Start!,"Mod Revival, New Wave",1980
2667,Foo Fighters,All My Life,"Hard Rock, Post-Grunge",2002
2668,Eric Clapton,After Midnight,Blues Rock,1970
2669,Sheila E.,The Glamorous Life,"Dance-Pop, Synth Funk",1984
2670,The Cars,Drive,Synthpop,1984
2671,Richard Berry,Louie Louie,"Doo-Wop, Rhythm & Blues",1957
2672,De La Soul feat. Q-Tip,A Roller Skating Jam Named 'Saturdays',East Coast Hip Hop,1991
2673,Disclosure,When a Fire Starts to Burn,"Deep House, UK Funky",2013
2674,Eric Clapton,Wonderful Tonight,Soft Rock,1977
2675,Metallica,Battery,Thrash Metal,1986
2676,Metronomy,The Look,"Indie Pop, Indietronica, Synthpop",2011
2677,The Cranberries,Linger,"Dream Pop, Pop Rock",1993
2678,Michael Jackson,P.Y.T. (Pretty Young Thing),"Contemporary R&B, Dance-Pop",1982
2679,Elliott Smith,Needle in the Hay,"Indie Folk, Lo-Fi / Slacker Rock, Singer/Songwriter",1995
2680,Hank Thompson and His Brazos Valley Boys,The Wild Side of Life,Honky Tonk,1952
2681,Squarepusher,My Red Hot Car,IDM,2001
2682,Simon and Garfunkel,Scarborough Fair (Canticle),"Chamber Folk, Folk Pop",1966
2683,Isolée,Beau Mot Plage,Microhouse,1998
2684,Echo and the Bunnymen,The Cutter,"Neo-Psychedelia, Post-Punk",1983
2685,Quintette du Hot Club de France,Minor's Swing,"Jazz manouche, Swing",1937
2686,The Beat,Save It for Later,"Jangle Pop, New Wave",1982
2687,The Beatles,Julia,"Chamber Folk, Folk Pop, Singer/Songwriter",1968
2688,Louis Armstrong,When the Saints Go Marching In,Dixieland,1938
2689,Shirley and Lee,Let the Good Times Roll,"New Orleans R&B, Rhythm & Blues",1956
2690,Captain Beefheart & His Magic Band,Moonlight on Vermont,"Blues Rock, Experimental Rock, Psychedelic Rock",1969
2691,Robin S.,Show Me Love (StoneBridge Mix),Euro House,1992
2692,Elvis Costello with Burt Bacharach,God Give Me Strength,Adult Contemporary,1996
2693,The Who,Behind Blue Eyes,"Art Rock, Hard Rock",1971
2694,Thundercat feat. Flying Lotus & Kamasi Washington,Them Changes,"Acid Jazz, Funk, Neo-Soul",2015
2695,Drake feat. Wizkid and Kyla,One Dance,"Afrobeats, Contemporary R&B",2016
2696,Chuck Berry,You Never Can Tell,Rock & Roll,1964
2697,Barbara Lynn,You'll Lose a Good Thing,"Rhythm & Blues, Soul",1962
2698,Madonna,Open Your Heart,Dance-Pop,1986
2699,The Beach Boys,Sloop John B,"Baroque Pop, Sunshine Pop",1966
2700,Santo and Johnny,Sleep Walk,Surf Rock,1959
2701,Girls,Vomit,Indie Rock,2011
2702,Inner City,Big Fun,"Chicago House, Detroit Techno",1988
2703,Ethel Waters,Stormy Weather,"Standards, Vocal Jazz",1933
2704,Nat King Cole,Straighten Up and Fly Right,"Standards, Vocal Jazz",1944
2705,Oasis,Cigarettes & Alcohol,Britpop,1994
2706,Adele,Helloï¿½,Adult Contemporary,2015
2707,Dr. Dre feat. Eminem,Forgot About Dre,"Gangsta Rap, West Coast Hip Hop",1999
2708,The Roots feat. Erykah Badu & Eve,You Got Me,"Conscious Hip Hop, East Coast Hip Hop",1999
2709,Aphex Twin,Minipops 67 [120.2][source field mix],"Acid Techno, IDM",2014
2710,Sammi Smith,Help Me Make It Through the Night,Nashville Sound,1970
2711,Ketty Lester,Love Letters,"Rhythm & Blues, Soul",1962
2712,Blur,Coffee & TV,"Alternative Rock, Art Rock",1999
2713,Bobby Bare,Detroit City,Country Pop,1963
2714,St. Vincent,Los Ageless,"Art Pop, Synthpop",2017
2715,The Sonics,Have Love Will Travel,"Garage Rock, Proto-Punk",1965
2716,Air,Kelly Watch the Stars,"Ambient Pop, Art Pop, Downtempo",1998
2717,The Weeknd feat. Daft Punk,Starboy,"Alternative R&B, Electropop",2016
2718,"Earth, Wind & Fire",After the Love Has Gone,"Pop Soul, Smooth Soul",1979
2719,Randy Newman,God's Song (That's Why I Love Mankind),"Piano Blues, Singer/Songwriter",1972
2720,Oasis,Rock 'n' Roll Star,Britpop,1994
2721,Roy Brown,Good Rockin' Tonight,"Jump-Blues, Rhythm & Blues",1947
2722,Scissor Sisters,I Don't Feel Like Dancin',Dance-Pop,2006
2723,SOPHIE,Immaterial,"Bubblegum Bass, Electropop",2018
2724,Korn,Freak on a Leash,Nu Metal,1998
2725,Oliver Nelson,Stolen Moments,Post-Bop,1961
2726,The Rolling Stones,It's All Over Now,British Rhythm & Blues,1964
2727,Buzzcocks,Boredom,Punk Rock,1977
2728,Malcolm McLaren,Buffalo Gals,"East Coast Hip Hop, Electro, Turntablism",1982
2729,Alain Bashung,La nuit je mens,Nouvelle chanson franï¿½aise,1998
2730,Electric Light Orchestra,Livin' Thing,"Pop Rock, Symphonic Rock",1976
2731,Gui Boratto,Beautiful Life,"Minimal Techno, Tech House",2007
2732,New Order,The Perfect Kiss,"Alternative Dance, Synthpop",1985
2733,Peggy Gou,Starry Night,"Chicago House, Deep House, Nu-Disco",2019
2734,Ricardo Villalobos,Easy Lee,"Microhouse, Minimal Techno",2003
2735,Radiohead,The National Anthem,"Art Rock, Experimental Rock, Jazz-Rock",2000
2736,Nick Lowe,Cruel to Be Kind,"New Wave, Power Pop",1979
2737,Shania Twain,You're Still the One,"Adult Contemporary, Country Pop",1997
2738,Elvis Costello,Veronica,Power Pop,1989
2739,Digable Planets,Rebirth of Slick (Cool Like Dat),"East Coast Hip Hop, Jazz Rap",1992
2740,Louis Jordan and His Tympany Five,Saturday Night Fish Fry,"Jump-Blues, New Orleans R&B",1949
2741,Interpol,Slow Hands,Post-Punk Revival,2004
2742,Commodores,Nightshift,"Pop Soul, Smooth Soul",1984
2743,Phoenix,Everything Is Everything,Indie Pop,2004
2744,Public Enemy,911 Is a Joke,"East Coast Hip Hop, Hardcore Hip Hop, Political Hip Hop",1990
2745,Purity Ring,Fineshrine,"Indietronica, Synthpop, Witch House",2012
2746,Bobby Darin,Dream Lover,"Brill Building, Rock & Roll, Teen Pop",1959
2747,Squeeze,Tempted,Pop Rock,1981
2748,The Delfonics,Didn't I (Blow Your Mind This Time),"Philly Soul, Smooth Soul",1969
2749,Kelela,Rewindï¿½,"Alternative R&B, UK Bass",2015
2750,Jorge Ben,Taj Mahal,"MPB, Samba-Rock",1976
2751,Almendra,Muchacha (Ojos de papel),"Folk Rock, Psychedelic Folk, Psychedelic Pop",1969
2752,"Gary ""U.S."" Bonds",Quarter to Three,Rhythm & Blues,1961
2753,Louis Armstrong,St. Louis Blues,"Dixieland, Vocal Jazz",1929
2754,Bennie Moten's Kansas City Orchestra,Moten's Swing,"Big Band, Swing",1933
2755,Beastie Boys,No Sleep Till Brooklyn,"East Coast Hip Hop, Rap Rock",1986
2756,Miriam Makeba,Pata pata,Marabi,1967
2757,Midnight Oil,Power and the Passion,"New Wave, Post-Punk",1982
2758,Interpol,PDA,Post-Punk Revival,2002
2759,Red Hot Chili Peppers,By the Way,"Alternative Rock, Funk Rock",2002
2760,Love,A House Is Not a Motel,"Folk Rock, Psychedelic Rock",1967
2761,Gerry Mulligan,Bernie's Tune,Cool Jazz,1952
2762,Garnet Mimms & The Enchanters,Cry Baby,Soul,1963
2763,Tampa Red & Georgia Tom,It's Tight Like That,Acoustic Chicago Blues,1928
2764,Peaches,Fuck the Pain Away,"Dance-Punk, Electroclash",2000
2765,Tom Jones,It's Not Unusual,Pop,1965
2766,Gérard Manset,Il voyage en solitaire,Chanson,1975
2767,Simon and Garfunkel,Homeward Bound,"Folk Pop, Singer/Songwriter",1966
2768,Al Jolson,My Mammy,"Traditional Pop, Vaudeville",1928
2769,Randy Newman,Louisiana 1927,"Baroque Pop, Singer/Songwriter",1974
2770,Ricky Nelson,Hello Mary Lou,"Rockabilly, Teen Pop",1961
2771,Wolf Alice,Don't Delete the Kisses,"Dream Pop, Indie Pop",2017
2772,The Mar-Keys,Last Night,"Rhythm & Blues, Southern Soul",1961
2773,Meat Loaf,I'd Do Anything for Love (But I Won't Do That),"AOR, Pop Rock, Rock Opera",1993
2774,The Teddy Bears,"To Know Him, Is to Love Him",Doo-Wop,1958
2775,Lady Gaga & Bradley Cooper,Shallow,"Contemporary Country, Film Soundtrack",2018
2776,The Foundations,Build Me Up Buttercup,Motown Sound,1968
2777,Dinah Washington,Mad About the Boy,"Traditional Pop, Vocal Jazz",1952
2778,Jelly Roll Morton,King Porter Stomp,Stride,1924
2779,LCD Soundsystem,Call the Police,Post-Punk Revival,2017
2780,The Cribs,Men's Needs,Post-Punk Revival,2007
2781,The Black Keys,Tighten Up,Blues Rock,2010
2782,Elvis Presley,It's Now or Never,"Pop, Rhythm & Blues",1960
2783,Divinyls,I Touch Myself,Pop Rock,1990
2784,The Andrews Sisters,Bei mir bist du schön,"Swing, Traditional Pop, Vocal Group",1937
2785,Sonic Youth,100%,"Alternative Rock, Noise Rock",1992
2786,Otis Redding & Carla Thomas,Tramp,Southern Soul,1967
2787,The Falcons,You're So Fine,"Doo-Wop, Rhythm & Blues",1959
2788,Art of Noise,Moments in Love,"Ambient Pop, Art Pop, Downtempo",1983
2789,P.M. Dawn,Set Adrift on Memory Bliss,Pop Rap,1991
2790,Amy Winehouse,Love Is a Losing Game,"Brill Building, Neo-Soul, Pop Soul",2006
2791,Girls Aloud,Biology,Dance-Pop,2005
2792,AC/DC,For Those About to Rock (We Salute You),Hard Rock,1981
2793,Led Zeppelin,No Quarter,"Progressive Rock, Psychedelic Rock",1973
2794,The Kinks,Days,Pop Rock,1968
2795,The Rolling Stones,As Tears Go By,Baroque Pop,1965
2796,Ian Dury and The Blockheads,Hit Me with Your Rhythm Stick,New Wave,1978
2797,Meade Lux Lewis,Honky Tonk Train Blues,"Boogie Woogie, Piano Blues",1929
2798,Foo Fighters,The Pretender,Post-Grunge,2007
2799,Van Halen,Ain't Talkin' 'Bout Love,Hard Rock,1978
2800,Bon Iver,Perth,"Art Pop, Chamber Folk",2011
2801,Benjamin Biolay,La Superbe,"Chamber Pop, French Pop, Nouvelle chanson franï¿½aise",2009
2802,Smokey Robinson and The Miracles,Going to a Go-Go,Motown Sound,1965
2803,Jackson Browne,Late for the Sky,Singer/Songwriter,1974
2804,Makaveli,Hail Mary,"Gangsta Rap, West Coast Hip Hop",1996
2805,Elvis Presley,Blue Moon,Pop,1956
2806,Christine and the Queens feat. Dï¿½m-Funk,"Girlfriend / Damn, dis-moi","Synth Funk, Synthpop",2018
2807,Dire Straits,Romeo and Juliet,Pop Rock,1980
2808,Bobby Brown,My Prerogative,New Jack Swing,1988
2809,Jerry Butler,Only the Strong Survive,"Philly Soul, Pop Soul",1968
2810,Miguel,Coffeeï¿½,Alternative R&B,2015
2811,Boz Scaggs,Lowdown,"Blue Eyed Soul, Smooth Soul",1976
2812,Barrington Levy,Here I Come,Dancehall,1984
2813,Moderat,Bad Kingdom,Indietronica,2013
2814,The Abyssinians,Satta Massa Gana,Roots Reggae,1971
2815,Ella Fitzgerald,Ev'rytime We Say Goodbye,"Standards, Vocal Jazz",1956
2816,The Who,Pictures of Lily,"Freakbeat, Mod, Psychedelic Pop",1967
2817,Tori Amos,Professional Widow (Armand's Star Trunk Funkin' Mix),"Alternative Dance, House",1996
2818,Carlos Gardel,El dia que me quieras,Tango,1935
2819,The Flaming Lips,Waitin' for a Superman,Neo-Psychedelia,1999
2820,Drake,0 to 100 / The Catch Up,Pop Rap,2014
2821,Sarah Vaughan,Tenderly,"Traditional Pop, Vocal Jazz",1947
2822,Us3,Cantaloop (Flip Fantasia),Jazz Rap,1992
2823,Huey Lewis and The News,The Power of Love,"Film Soundtrack, Pop Rock",1985
2824,The Adverts,Gary Gilmore's Eyes,Punk Rock,1977
2825,Little Peggy March,I Will Follow Him,Brill Building,1963
2826,Soundgarden,Spoonman,"Grunge, Hard Rock",1994
2827,Goldfrapp,Lovely Head,"Art Pop, Downtempo",2000
2828,Empire of the Sun,Walking on a Dream,"Indietronica, Synthpop",2008
2829,Ritchie Valens,Donna,"Rock & Roll, Tex-Mex",1958
2830,Pink Floyd,Time,"Art Rock, Progressive Rock",1973
2831,Major Lazer & DJ Snake feat. MØ,Lean On,"Electropop, Moombahton",2015
2832,Woody Herman,Four Brothers,Big Band,1948
2833,The Troggs,Love is All Around,Pop Rock,1967
2834,Nick Cave & The Bad Seeds,Bright Horses,"Art Pop, Singer/Songwriter",2019
2835,Gordon Lightfoot,The Wreck of The Edmund Fitzgerald,"Canadian Maritime Folk, Contemporary Folk, Singer/Songwriter",1976
2836,Joseph Falcon,Allons à Lafayette,Traditional Cajun,1928
2837,Chromatics,Kill for Love,"Dream Pop, Synthpop, Synthwave",2011
2838,Creedence Clearwater Revival,Lookin' Out My Back Door,"Country Rock, Swamp Rock",1970
2839,Jim Croce,Time in a Bottle,"Folk Pop, Singer/Songwriter",1972
2840,Little Richard,The Girl Can't Help It,Rock & Roll,1956
2841,Snoop Dogg feat. Justin Timberlake & Charlie Wilson,Signs,"Contemporary R&B, Pop Rap, Synth Funk",2004
2842,Adamski,Killer,"Dance-Pop, Euro House",1990
2843,Wild Cherry,Play That Funky Music,Funk,1976
2844,Sister Rosetta Tharpe,This Train,Traditional Black Gospel,1939
2845,Black Sabbath,Supernaut,Heavy Metal,1972
2846,Kanye West,Bound 2,"Experimental Hip Hop, Pop Rap",2013
2847,The Rolling Stones,Shine a Light,Blues Rock,1972
2848,Steve Miller Band,Take the Money and Run,Pop Rock,1976
2849,Steve Winwood,Higher Love,"Blue Eyed Soul, Pop Soul",1986
2850,Chuck Berry,Promised Land,Rock & Roll,1964
2851,Tinashe feat. Schoolboy Q,2 On,Contemporary R&B,2014
2852,Norah Jones,Don't Know Why,"Adult Contemporary, Jazz Pop, Vocal Jazz",2002
2853,Led Zeppelin,The Rain Song,"Art Rock, Folk Rock",1973
2854,Bob Marley and The Wailers,Trench Town Rock,Roots Reggae,1971
2855,Weezer,Island in the Sun,"Alternative Rock, Power Pop",2001
2856,Little Richard,Rip It Up,Rock & Roll,1956
2857,‘Til Tuesday,Voices Carry,"New Wave, Pop Rock, Synthpop",1985
2858,Commodores,Easy,Pop Soul,1977
2859,The Prodigy,Out of Space,Breakbeat Hardcore,1992
2860,Pulp,Sorted for E's & Wizz,Britpop,1995
2861,The Coral,Dreaming of You,"Indie Pop, Mod Revival",2002
2862,Fred and Adele Astaire,Fascinating Rhythm,"Show Tunes, Traditional Pop",1926
2863,The Pogues,A Pair of Brown Eyes,Celtic Rock,1985
2864,Cults,Go Outside,Twee Pop,2010
2865,Beck,Lost Cause,"Folk Pop, Indie Folk, Singer/Songwriter",2002
2866,The Rolling Stones,Memory Motel,Blues Rock,1976
2867,Bob Seger & The Silver Bullet Band,Turn the Page,Heartland Rock,1976
2868,Shocking Blue,Venus,"Nederbeat, Psychedelic Pop",1969
2869,Talk Talk,Life's What You Make It,"Art Pop, New Wave",1985
2870,Horace Andy,Skylarking,"Dub, Roots Reggae",1972
2871,tUnE-yArDs,Bizness,"Art Pop, Indie Pop",2011
2872,The Beatles,All My Loving,Merseybeat,1963
2873,Kate Bush,This Woman's Work,"Art Pop, Singer/Songwriter",1988
2874,Jean Knight,Mr. Big Stuff,"Funk, Southern Soul",1971
2875,UB40,Red Red Wine,Pop Reggae,1983
2876,Albert Ayler,Ghosts,Free Jazz,1965
2877,The Prodigy,Breathe,Big Beat,1996
2878,Stephen Stills,Love the One You're With,Pop Rock,1970
2879,Janet Jackson,Rhythm Nation,"Dance-Pop, New Jack Swing",1989
2880,Slowdive,Star Roving,"Dream Pop, Shoegaze",2017
2881,Bob Dylan & The Band,I Shall Be Released,"Folk Rock, Roots Rock, Singer/Songwriter",1971
2882,Talking Heads,Take Me to the River,"New Wave, Post-Punk",1978
2883,Tone-Lōc,Wild Thing,"Pop Rap, West Coast Hip Hop",1988
2884,Can,Halleluhwah,Krautrock,1971
2885,Coldplay,In My Place,Pop Rock,2002
2886,Ben Selvin Orchestra,Happy Days Are Here Again,Traditional Pop,1930
2887,Spoon,I Turn My Camera On,"Dance-Punk, Indie Rock",2005
2888,Crystal Waters,Gypsy Woman (She's Homeless),Garage House,1991
2889,Black Box,Ride On Time,"Euro House, Italo House",1989
2890,Guillemots,Trains to Brazil,Chamber Pop,2005
2891,Suede,Trash,"Britpop, Glam Rock",1996
2892,Bobby Shmurda,Hot Nigga,"East Coast Hip Hop, Trap",2014
2893,Dr. John,Right Place Wrong Time,"Funk, New Orleans R&B",1973
2894,Slade,Coz I Luv You,Glam Rock,1971
2895,MC Hammer,U Can't Touch This,"Pop Rap, West Coast Hip Hop",1990
2896,Tommy Tucker,Hi-Heel Sneakers,"Electric Blues, Soul Blues",1964
2897,The Imposter [Elvis Costello],Pills & Soap,"New Wave, Post-Punk",1983
2898,The Psychedelic Furs,Love My Way,New Wave,1982
2899,The Cure,10.15 Saturday Night,Post-Punk,1978
2900,Irene Cara,Flashdance...What a Feeling,"Dance-Pop, Film Soundtrack",1983
2901,Bell Biv Devoe,Poison,New Jack Swing,1990
2902,Van Morrison,Cyprus Avenue,"Chamber Folk, Singer/Songwriter",1968
2903,Sleater-Kinney,Dig Me Out,"Indie Rock, Punk Rock",1997
2904,Sade,The Sweetest Taboo,"Jazz Pop, Smooth Soul, Sophisti-Pop",1985
2905,ANOHNI,4 Degrees,"Art Pop, Electropop",2015
2906,Blondie,Denis,"New Wave, Pop Rock",1977
2907,"Clarence ""Frogman"" Henry",Ain't Got No Home,"New Orleans R&B, Novelty",1956
2908,The Rolling Stones,"Have You Seen Your Mother, Baby, Standing in the Shadow?",Psychedelic Rock,1966
2909,Gladys Knight and The Pips,I Heard It Through the Grapevine,Motown Sound,1967
2910,Led Zeppelin,Over the Hills and Far Away,"Folk Rock, Hard Rock",1973
2911,Deichkind,Remmidemmi (Yippie Yippie Yeah),"Electroclash, Hip Hop",2006
2912,Arlo Guthrie,Alice's Restaurant Massacree,"Singer/Songwriter, Talking Blues",1967
2913,Violent Femmes,Gone Daddy Gone,"Alternative Rock, Post-Punk",1983
2914,The Angels [USA],My Boyfriend's Back,"Brill Building, Girl Group",1963
2915,Living Colour,Cult of Personality,"Funk Metal, Hard Rock",1988
2916,Vampire Weekend,Oxford Comma,"Indie Pop, Indie Rock",2007
2917,The Delfonics,La-La-Means I Love You,"Philly Soul, Smooth Soul",1968
2918,Wolfman feat. Pete Doherty,For Lovers,Indie Rock,2004
2919,Blur,Tender,Alternative Rock,1999
2920,Michael Jackson,Black or White,"New Jack Swing, Pop Rock",1991
2921,Elvis Presley,Burning Love,"Pop Rock, Rock & Roll",1972
2922,Suicide,Cheree,Minimal Synth,1977
2923,D'Angelo,Brown Sugar,"Contemporary R&B, Neo-Soul, Smooth Soul",1995
2924,Johnnie Taylor,Who's Making Love,Southern Soul,1968
2925,Pixies,Hey,Indie Rock,1989
2926,Merrilee Rush,Angel of the Morning,Baroque Pop,1968
2927,Lesley Gore,It's My Party,"Bubblegum, Teen Pop",1963
2928,Serge Gainsbourg,Le Poinçonneur des Lilas,Chanson ï¿½ texte,1958
2929,TLC,Creep,Contemporary R&B,1994
2930,D'Angelo,Untitled (How Does It Feel?),"Neo-Soul, Smooth Soul",2000
2931,James Brown,Hot Pants (She Got to Use What She Got to Get What She Wants),Funk,1971
2932,Slick Rick,Children's Story,"Conscious Hip Hop, East Coast Hip Hop",1988
2933,The Wailers,Simmer Down,Reggae,1964
2934,The Dramatics,Whatcha See Is Whatcha Get,"Funk, Soul",1971
2935,2Pac feat. Shock G & Money B,I Get Around,West Coast Hip Hop,1993
2936,Solomon Linda,Mbube,Mbube,1939
2937,The Silhouettes,Get a Job,Doo-Wop,1957
2938,The 5th Dimension,"Up, Up & Away","Easy Listening, Sunshine Pop, Vocal Group",1967
2939,Judy Garland & Gene Kelly,For Me and My Gal,Traditional Pop,1942
2940,Bob Marley and The Wailers,Exodus,Roots Reggae,1977
2941,Jelly Roll Morton,Black Bottom Stomp,"Big Band, Dixieland",1926
2942,iLoveMakonnen,Club Goin' Up on a Tuesday / Tuesday (feat. Drake),"Cloud Rap, Pop Rap",2014
2943,Cake,The Distance,Alternative Rock,1996
2944,Bing Crosby,Pennies from Heaven,Standards,1936
2945,The O'Jays,For the Love of Money,"Funk, Philly Soul",1973
2946,Alice Cooper,No More Mr. Nice Guy,"Glam Rock, Hard Rock",1973
2947,Big Star,The Ballad of El Goodo,Power Pop,1972
2948,Tears for Fears,Head Over Heels,"Pop Rock, Synthpop",1985
2949,Grateful Dead,Touch of Grey,"Pop Rock, Roots Rock",1987
2950,Rose Royce,Car Wash,"Disco, Film Soundtrack, Funk",1976
2951,Goo Goo Dolls,Iris,"Film Soundtrack, Pop Rock",1998
2952,Chuck Berry,"Memphis, Tennessee",Rock & Roll,1959
2953,Mike Jones feat. Slim Thug & Paul Wall,Still Tippin',"Dirty South, Southern Hip Hop",2004
2954,Katrina and The Waves,Walking on Sunshine,Power Pop,1985
2955,Arca,Desafï¿½o,"Art Pop, Glitch Pop",2017
2956,Marvin Gaye,Can I Get a Witness,"Motown Sound, Rhythm & Blues",1963
2957,Diana Ross,Upside Down,"Disco, Pop Soul",1980
2958,The Gun Club,Sex Beat,Punk Blues,1981
2959,Dirty Projectors,Gun Has No Trigger,Art Pop,2012
2960,Bruce Springsteen,Prove It All Night,Heartland Rock,1978
2961,The Sisters of Mercy,This Corrosion,Gothic Rock,1987
2962,Normani,Motivation,"Contemporary R&B, Dance-Pop",2019
2963,Guided by Voices,Game of Pricks,"Lo-Fi / Slacker Rock, Power Pop",1995
2964,David Bowie,Oh! You Pretty Things,"Glam Rock, Piano Rock, Singer/Songwriter",1971
2965,The Chills,Pink Frost,"Dunedin Sound, Indie Pop",1984
2966,Fats Waller,Honeysuckle Rose,"Stride, Vocal Jazz",1934
2967,Townes Van Zandt,Waitin' Around to Die,"Contemporary Folk, Country, Singer/Songwriter",1968
2968,El Guincho,Bombay,"Indietronica, Neo-Psychedelia",2010
2969,Toots and The Maytals,Funky Kingston,Reggae,1973
2970,Matthew Sweet,Girlfriend,"Alternative Rock, Power Pop, Singer/Songwriter",1991
2971,Savages,Husbands,Post-Punk,2012
2972,Third Eye Blind,Semi-Charmed Life,"Alternative Rock, Power Pop",1997
2973,Nirvana,The Man Who Sold the World,"Acoustic Rock, Alternative Rock",1994
2974,Tammy Wynette,D-I-V-O-R-C-E,Traditional Country,1968
2975,Foo Fighters,My Hero,Post-Grunge,1997
2976,Johnny Ace,Pledging My Love,"Rhythm & Blues, Traditional Pop, Vocal Jazz",1954
2977,Chic,"Dance, Dance, Dance (Yowsah, Yowsah, Yowsah)",Disco,1977
2978,James Brown,Night Train,"Rhythm & Blues, Soul",1962
2979,The Dells,Stay in My Corner,"Pop Soul, Smooth Soul",1968
2980,Joanna Newsom,"Peach, Plum, Pear","Baroque Pop, Singer/Songwriter",2004
2981,Paul and Linda McCartney,Uncle Albert/Admiral Halsey,"Pop Rock, Progressive Pop, Psychedelic Pop",1971
2982,Young M.A.,Ooouuu,"East Coast Hip Hop, Trap",2016
2983,Primal Scream,Rocks,Blues Rock,1994
2984,Harold Melvin & The Blue Notes,The Love I Lost,"Disco, Philly Soul",1973
2985,Blood Orange feat. Empress Of,Best to You,"Alternative R&B, Synthpop",2016
2986,Moby Grape,Omaha,"Folk Rock, Psychedelic Rock",1967
2987,The Beatles,The Fool on the Hill,"Piano Rock, Psychedelic Pop",1967
2988,The Von Bondies,C'mon C'mon,"Garage Rock Revival, Indie Rock",2004
2989,Eddie and The Hot Rods,Do Anything You Wanna Do,"Power Pop, Pub Rock",1977
2990,Throbbing Gristle,Hot on the Heels of Love,"Electro-Disco, Minimal Synth, Synthpop",1979
2991,Adam and The Ants,Kings of the Wild Frontier,"New Wave, Post-Punk",1980
2992,Cafï¿½ Tacvba,Eres,"Alternative Rock, Pop Rock",2003
2993,Scissor Sisters,Comfortably Numb,"Dance-Pop, Electropop, Nu-Disco",2003
2994,Black Kids,I'm Not Gonna Teach Your Boyfriend How to Dance with You,Indie Pop,2007
2995,Against Me!,Transgender Dysphoria Blues,Punk Rock,2014
2996,Howlin' Wolf,The Red Rooster,Chicago Blues,1961
2997,"Ted Leo, Rx/Pharmacists",Where Have All the Rude Boys Gone?,"Indie Rock, Power Pop",2003
2998,Rhye,Open,"Alternative R&B, Smooth Soul, Sophisti-Pop",2012
2999,Mahalia Jackson,"Take My Hand, Precious Lord",Gospel,1956
3000,Primal Scream,Movin' On Up,"Alternative Dance, Neo-Psychedelia",1991
3001,Strafe,Set It Off,"Electro, Freestyle",1985
3002,Elvis Presley,Little Sister,"Pop Rock, Rock & Roll",1961
3003,Lucinda Williams,Passionate Kisses,"Alt-Country, Jangle Pop",1988
3004,Dolly Parton,9 to 5,Urban Cowboy,1980
3005,Supertramp,The Logical Song,"Pop Rock, Progressive Pop",1979
3006,The Pop Group,She Is Beyond Good and Evil,"Art Punk, Experimental Rock, Post-Punk",1979
3007,Bad Company,Can't Get Enough,"Blues Rock, Hard Rock",1974
3008,Ariel Pink,Put Your Number in My Phone,"Indie Pop, Jangle Pop",2014
3009,Green Day,Boulevard of Broken Dreams,Alternative Rock,2004
3010,The Chemical Brothers,The Private Psychedelic Reel,"Big Beat, Neo-Psychedelia",1997
3011,Georges Brassens,Les Copains d'abord,Chanson ï¿½ texte,1964
3012,Serge Gainsbourg and Jane Birkin,Ballade de Melody Nelson,"Baroque Pop, French Pop",1971
3013,Buena Vista Social Club,Chan Chan,Son Cubano,1997
3014,The Rolling Stones,Time Is on My Side,British Rhythm & Blues,1964
3015,Janelle Monáe,Cold War,"Art Pop, Contemporary R&B",2010
3016,The Kinks,Tired of Waiting for You,"Beat Music, Mod",1965
3017,LCD Soundsystem,North American Scum,"Dance-Punk, Indietronica",2007
3018,Luomo,Tessio,"Deep House, Microhouse",2000
3019,Nick Cave & The Bad Seeds,Jesus Alone,"Art Rock, Singer/Songwriter",2016
3020,U2,Vertigo,"Alternative Rock, Pop Rock",2004
3021,The Beatles,I Should Have Known Better,"Folk Pop, Merseybeat",1964
3022,Mariah Carey,Fantasy,"Contemporary R&B, Dance-Pop",1995
3023,Aretha Franklin,Rock Steady,"Funk, Southern Soul",1971
3024,Nat King Cole,Stardust,Traditional Pop,1957
3025,Yeah Yeah Yeahs,Bang,"Garage Punk, Garage Rock Revival, Indie Rock",2001
3026,Destroyer,Bay of Pigs,"Ambient Pop, Art Pop, Indietronica",2009
3027,Janet Jackson,When I Think of You,"Contemporary R&B, Dance-Pop, Synth Funk",1986
3028,Madonna,Frozen,"Art Pop, Trip Hop",1998
3029,Metallica,For Whom the Bell Tolls,"Heavy Metal, Thrash Metal",1984
3030,Barbra Streisand,The Way We Were,"Adult Contemporary, Film Soundtrack",1973
3031,The National,Mr. November,Post-Punk Revival,2005
3032,The Weeknd,House of Balloons / Glass Table Girls,Alternative R&B,2011
3033,The Hues Corporation,Rock the Boat,Disco,1973
3034,dEUS,Instant Street,"Alternative Rock, Art Rock",1999
3035,The Beatles,Got to Get You into My Life,Pop Rock,1966
3036,Ringo Starr,It Don't Come Easy,Pop Rock,1971
3037,Destiny's Child,Bootylicious,"Contemporary R&B, Dance-Pop",2001
3038,Howlin' Wolf,Back Door Man,"Chicago Blues, Rhythm & Blues",1961
3039,Beck,The New Pollution,Alternative Dance,1996
3040,Siouxsie and The Banshees,Cities in Dust,"Gothic Rock, Post-Punk",1985
3041,Hüsker Dü,Don't Want to Know If You Are Lonely,"Alternative Rock, Post-Hardcore, Power Pop",1986
3042,Gang Gang Dance,House Jam,"Alternative Dance, Psychedelic Pop",2008
3043,Animal Collective,Peacebone,"Glitch Pop, Neo-Psychedelia, Psychedelic Pop",2007
3044,Vaughn Monroe,(Ghost) Riders in the Sky (A Cowboy Legend),Cowboy,1949
3045,Bing Crosby,Swinging on a Star,Standards,1944
3046,Ol' Dirty Bastard,Brooklyn Zoo,"Boom Bap, East Coast Hip Hop, Hardcore Hip Hop",1995
3047,Curtis Mayfield,(Don't Worry) If There's a Hell Below We're All Going to Go,"Chicago Soul, Funk, Psychedelic Soul",1970
3048,Prince,I Could Never Take the Place of Your Man,Pop Rock,1987
3049,Jon Hopkins,Open Eye Signal,"IDM, Tech House",2013
3050,Kraftwerk,Nummern/Numbers,Electro,1981
3051,Richard and Linda Thompson,Wall of Death,Folk Rock,1982
3052,Sam Cooke,Chain Gang,Soul,1960
3053,Harry James & His Orchestra feat. Frank Sinatra,All or Nothing at All,"Standards, Vocal Jazz",1940
3054,Iron Maiden,The Number of the Beast,NWOBHM,1982
3055,Cï¿½line Dion,My Heart Will Go On,"Adult Contemporary, Film Soundtrack",1997
3056,Noir Désir,Le Vent nous portera,"Folk Rock, Nouvelle chanson franï¿½aise",2001
3057,Arctic Monkeys,Four Out of Five,"Art Rock, Psychedelic Pop",2018
3058,Richard and Linda Thompson,I Want to See the Bright Lights Tonight,British Folk Rock,1974
3059,Al Green,How Can You Mend a Broken Heart,"Smooth Soul, Southern Soul",1972
3060,Big Audio Dynamite,E=MC2,"Alternative Dance, New Wave",1985
3061,Scritti Politti,The Sweetest Girl,"Art Pop, New Wave",1981
3062,Radiohead,Exit Music (For a Film),Art Rock,1997
3063,ZZ Top,Sharp Dressed Man,"Boogie Rock, Hard Rock",1983
3064,Alice in Chains,Would?,Grunge,1992
3065,The Streets,Fit But You Know It,UK Hip Hop,2004
3066,Led Zeppelin,Communication Breakdown,"Hard Rock, Proto-Punk",1969
3067,The Who,05:15,Hard Rock,1973
3068,Spiritualized,Hey Jane,"Art Rock, Neo-Psychedelia",2012
3069,Jeru the Damaja,Come Clean,"Boom Bap, Conscious Hip Hop, East Coast Hip Hop",1993
3070,B.B. King,Every Day I Have the Blues,Electric Blues,1954
3071,The Dixie Cups,Iko Iko,"Girl Group, New Orleans R&B",1965
3072,Duke Ellington,In a Sentimental Mood,Big Band,1935
3073,Pearl Jam,Better Man,Alternative Rock,1994
3074,Jai Paul,BTSTU,"Alternative R&B, Indietronica, Wonky",2011
3075,Christina Aguilera,Ain't No Other Man,"Contemporary R&B, Pop",2006
3076,Charles Mingus,Goodbye Pork Pie Hat,Cool Jazz,1959
3077,Elmore James,The Sky Is Crying,Chicago Blues,1960
3078,Elton John,Daniel,Piano Rock,1973
3079,t.A.T.u.,All the Things She Said,"Europop, Pop Rock",2002
3080,Jacques Brel,Amsterdam,Chanson ï¿½ texte,1964
3081,John Waite,Missing You,"AOR, Pop Rock",1984
3082,Lana Del Rey,Mariners Apartment Complex,"Art Pop, Dream Pop",2018
3083,Joe Smooth,Promised Land,"Chicago House, Deep House, Garage House",1987
3084,The Jesus and Mary Chain,You Trip Me Up,"Noise Pop, Post-Punk",1985
3085,Monks,Monk Time,"Freakbeat, Garage Rock, Proto-Punk",1966
3086,Smashing Pumpkins,Cherub Rock,Alternative Rock,1993
3087,Kurt Vile,Wakin on a Pretty Day,"Folk Rock, Singer/Songwriter",2013
3088,Kanye West,Love Lockdown,Electropop,2008
3089,Juvenile,Ha,"Dirty South, Gangsta Rap, Southern Hip Hop",1998
3090,The Boomtown Rats,I Don't Like Mondays,"New Wave, Pop Rock",1979
3091,"Blood, Sweat & Tears",Spinning Wheel,Jazz-Rock,1969
3092,Alessia Cara,Hereï¿½,Contemporary R&B,2015
3093,Small Faces,All or Nothing,"Mod, Pop Rock",1966
3094,The Rolling Stones,Fool to Cry,Pop Rock,1976
3095,The B-52's,Dance This Mess Around,New Wave,1979
3096,Creedence Clearwater Revival,Born on the Bayou,Swamp Rock,1969
3097,Dr. Buzzard's Original Savannah Band,Whispering/Cherchez la Femme/Se Si Bon,Disco,1976
3098,LaVern Baker,Jim Dandy,"Rhythm & Blues, Rock & Roll",1956
3099,Minor Threat,Straight Edge,Hardcore Punk,1981
3100,David Bowie,Fashion,"Art Pop, New Wave",1980
3101,Michel Polnareff,"Love Me, Please Love Me","Chanson, French Pop",1966
3102,Solange feat. Sampha,Don't Touch My Hair,Neo-Soul,2016
3103,Plastilina Mosh,Mr. P Mosh,Alternative Dance,1998
3104,Hole,Miss World,Grunge,1994
3105,Caetano Veloso,"Alegria, Alegria","Psychedelic Pop, Tropicï¿½lia",1967
3106,Busta Rhymes,Put Your Hands Where My Eyes Could See,"Boom Bap, East Coast Hip Hop",1997
3107,Mac DeMarco,Ode to Viceroy,"Indie Pop, Jangle Pop",2012
3108,Weyes Blood,Andromeda,"Art Pop, Psychedelic Pop",2019
3109,The Beach Boys,"Help Me, Rhonda","Sunshine Pop, Vocal Surf",1965
3110,Joe Jackson,Steppin' Out,"New Wave, Synthpop",1982
3111,My Bloody Valentine,To Here Knows When,"Dream Pop, Shoegaze",1991
3112,Public Image Ltd.,Death Disco / Swan Lake,Dance-Punk,1979
3113,The Hold Steady,Stuck Between Stations,Indie Rock,2006
3114,Marianne Faithfull,As Tears Go By,"Baroque Pop, Folk Pop",1964
3115,Yeasayer,O.N.E.,"Neo-Psychedelia, Psychedelic Pop",2010
3116,Moloko,The Time Is Now,Dance-Pop,2000
3117,Lou Reed,Coney Island Baby,"Pop Rock, Singer/Songwriter",1975
3118,Neil Young,A Man Needs a Maid,"Baroque Pop, Singer/Songwriter",1972
3119,Can,Vitamin C,Krautrock,1972
3120,Steve Earle,John Walker Blues,"Alt-Country, Americana, Country Rock",2002
3121,The Coasters,Searchin',"Doo-Wop, Rhythm & Blues",1957
3122,Wilson Pickett,Land of 1000 Dances,Southern Soul,1966
3123,Depeche Mode,People Are People,Synthpop,1984
3124,LCD Soundsystem,Yeah,"Dance-Punk, Indietronica",2004
3125,Beastie Boys,Paul Revere,"East Coast Hip Hop, Experimental Hip Hop",1986
3126,Gwen Guthrie,Ain't Nothin' Goin' On But the Rent,"Boogie, Dance-Pop, Synth Funk",1986
3127,Nu Shooz,I Can't Wait,Freestyle,1986
3128,James Chance & The Contortions,Contort Yourself,"Dance-Punk, No Wave",1979
3129,Pere Ubu,Non-Alignment Pact,"Art Punk, Post-Punk",1978
3130,Joy Division,Shadowplay,"Gothic Rock, Post-Punk",1979
3131,Blues Explosion,Bellbottoms,Punk Blues,1994
3132,Al Green,I'm Still in Love with You,"Smooth Soul, Southern Soul",1972
3133,The Offspring,Pretty Fly (For a White Guy),Pop Punk,1998
3134,The Ronettes,"Baby, I Love You","Brill Building, Girl Group",1963
3135,Dusty Springfield,Wishin' and Hopin',Pop Soul,1964
3136,CHVRCHES,Recover,"Electropop, Synthpop",2013
3137,Bob Marley and The Wailers,Could You Be Loved,Reggae,1980
3138,Ted Nugent,Stranglehold,Hard Rock,1975
3139,Smashing Pumpkins,Mayonaise,Shoegaze,1993
3140,The Diamonds,Little Darlin',Doo-Wop,1957
3141,A Certain Ratio,Shack Up,Dance-Punk,1980
3142,Lynn Anderson,Rose Garden,Nashville Sound,1970
3143,Chico Buarque,Construï¿½ï¿½o,"MPB, Singer/Songwriter",1971
3144,Air,Playground Love,"Ambient Pop, Downtempo, Film Soundtrack",2000
3145,Van McCoy,The Hustle,Disco,1975
3146,Billy Stewart,Summertime,Chicago Soul,1966
3147,Run-D.M.C.,My Adidas,"East Coast Hip Hop, Hardcore Hip Hop",1986
3148,Arnaud Fleurent-Didier,France Culture,"Baroque Pop, Nouvelle chanson franï¿½aise, Spoken Word",2009
3149,Metallica,Seek and Destroy,Thrash Metal,1983
3150,Jürgen Paape,So weit wie noch nie,Deep House,2002
3151,The Ruts,Babylon's Burning,Punk Rock,1979
3152,Prince and The Revolution,Pop Life,"Contemporary R&B, Funk, Pop Rock",1985
3153,Tom Cochrane,Life Is a Highway,"Country Rock, Pop Rock",1991
3154,George Jones,A Good Year for the Roses,Country Pop,1970
3155,Fats Waller,Handful of Keys,Stride,1929
3156,The House of Love,Shine On,"Indie Pop, Jangle Pop, Post-Punk",1990
3157,Metronomy,The Bay,"Indietronica, Synthpop",2011
3158,Wire,I Am the Fly,"Art Punk, Post-Punk",1978
3159,Roxy Music,A Song for Europe,Art Rock,1973
3160,Otis Redding,Respect,Deep Soul,1965
3161,Luis Fonsi and Daddy Yankee,Despacito / Despacito (Remix feat. Justin Bieber),"Latin Pop, Reggaeton",2017
3162,Charlotte Gainsbourg,Deadly Valentine,Synthpop,2017
3163,Joan Baez,We Shall Overcome,Traditional Folk Music,1963
3164,Hank Williams,Jambalaya (On the Bayou),Honky Tonk,1952
3165,David Bowie,"John, I'm Only Dancing",Glam Rock,1972
3166,Rufus Thomas,Walking the Dog,Rhythm & Blues,1963
3167,Helado Negro,Running,"Art Pop, Indie Pop",2019
3168,Eddie Kendricks,Keep On Truckin',"Funk, Philly Soul",1973
3169,Grateful Dead,Friend of the Devil,Country Rock,1970
3170,M.I.A.,Jimmy,"Dance-Pop, Electro-Disco",2007
3171,Nathan Fake,The Sky Was Pink,"Microhouse, Tech House",2004
3172,The Rolling Stones,No Expectations,Rock,1968
3173,Chuck Berry,Little Queenie,Rock & Roll,1959
3174,Blondie,The Tide Is High,"New Wave, Pop Reggae",1980
3175,R.E.M.,E-Bow the Letter,"Alternative Rock, Folk Rock",1996
3176,The Clash,Lost in the Supermarket,"New Wave, Post-Punk",1979
3177,Delta 5,Mind Your Own Business,Dance-Punk,1979
3178,Nat King Cole,(I Love You) For Sentimental Reasons,Traditional Pop,1946
3179,Lenny Kravitz,It Ain't Over 'Til It's Over,"Funk, Pop Soul",1991
3180,Basement Jaxx,Rendez-Vu,"Funky House, Latin House",1999
3181,Radiohead,High and Dry,Britpop,1995
3182,Guided by Voices,I Am a Scientist,Lo-Fi / Slacker Rock,1994
3183,Peaches and Herb,Reunited,"Pop Soul, Smooth Soul",1978
3184,Pusha T,Numbers On the Boards,"Gangsta Rap, Southern Hip Hop",2013
3185,B.J. Thomas,Raindrops Keep Fallin' on My Head,Brill Building,1969
3186,4 Non Blondes,What's Up?,"Alternative Rock, Pop Rock",1992
3187,Percy Mayfield,Please Send Me Someone to Love,"Blues, Rhythm & Blues",1950
3188,The Beatles,Sgt. Pepper's Lonely Hearts Club Band,"Pop Rock, Psychedelic Rock",1967
3189,Muddy Waters,I Can't Be Satisfied,Chicago Blues,1948
3190,M83,Graveyard Girl,"Dream Pop, Synthpop",2008
3191,Frank Sinatra,In the Wee Small Hours of the Morning,Vocal Jazz,1955
3192,Wanda,Bologna,"Indie Rock, Pop Rock",2014
3193,Steely Dan,Peg,"Jazz-Rock, Yacht Rock",1977
3194,DJ Jazzy Jeff & The Fresh Prince,Summertime,"East Coast Hip Hop, Pop Rap",1991
3195,Nas,Made You Look,"East Coast Hip Hop, Hardcore Hip Hop",2002
3196,Super Furry Animals,The Man Don't Give a Fuck,"Indie Pop, Neo-Psychedelia, Power Pop",1996
3197,Erroll Garner,Misty,"Bebop, Stride",1954
3198,The Rolling Stones,Let It Bleed,Blues Rock,1969
3199,Frankie Ford,Sea Cruise,"New Orleans R&B, Rock & Roll",1958
3200,Jane's Addiction,Stop!,"Alternative Rock, Funk Metal, Hard Rock",1990
3201,Elvis Costello,Less Than Zero,New Wave,1977
3202,Stetsasonic,Talkin' All That Jazz,"East Coast Hip Hop, Jazz Rap",1988
3203,Parquet Courts,Wide Awake,"Dance-Punk, New Wave",2018
3204,Kraftwerk,Tour De France,"Electro, Synthpop",1983
3205,ESG,Moody,Dance-Punk,1981
3206,Van Halen,Panama,Hard Rock,1984
3207,The Temptations,Psychedelic Shack,Psychedelic Soul,1969
3208,Pet Shop Boys,Left to My Own Devices,"Dance-Pop, Hi-NRG, Synthpop",1988
3209,Rosalï¿½a,Pienso En Tu Mirï¿½ (Cap.3: Celos),"Alternative R&B, Flamenco Pop",2018
3210,Thelonious Monk,Misterioso,Bebop,1949
3211,Urge Overkill,"Girl, You'll Be a Woman Soon","Alternative Rock, Pop Rock",1992
3212,Bone Thugs-N-Harmony,Tha Crossroads,"Conscious Hip Hop, Pop Rap",1995
3213,Little Anthony and The Imperials,Goin' out of My Head,Pop Soul,1964
3214,Johnny Thunders,You Can't Put Your Arms Around a Memory,"Glam Rock, Punk Rock",1978
3215,Kansas,Dust in the Wind,"Folk Rock, Soft Rock",1977
3216,Lyn Collins,Think (About It),"Funk, Soul",1972
3217,Alannah Myles,Black Velvet,"AOR, Pop Rock",1989
3218,Boogie Down Productions,The Bridge Is Over,"Boom Bap, East Coast Hip Hop",1987
3219,Count Basie,April in Paris,"Big Band, Rhythm & Blues",1955
3220,Benny Goodman,King Porter (Stomp),"Big Band, Swing",1935
3221,Courtney Barnett & Kurt Vile,Over Everything,"Alt-Country, Folk Rock, Indie Rock",2017
3222,B.B. King,Sweet Little Angel,Electric Blues,1956
3223,Kendrick Lamar & SZA,All the Stars,"Contemporary R&B, Film Soundtrack",2018
3224,Purple Mountains,All My Happiness Is Gone,Indie Rock,2019
3225,Elton John,Funeral for a Friend/Love Lies Bleeding,"Piano Rock, Progressive Pop, Progressive Rock",1973
3226,Cream,I Feel Free,"Blues Rock, Psychedelic Pop, Psychedelic Rock",1966
3227,Billy Joel,Uptown Girl,Pop,1983
3228,SBTRKT feat. Yukimi Nagano,Wildfire,"Alternative R&B, Dubstep, Future Garage",2011
3229,Sugababes,Overload,Pop,2000
3230,Enrico Caruso,O sole mio,Canzone napoletana,1916
3231,Christine and The Queens,Christine [2014]/Tilted [2015],"Art Pop, Synthpop",2014
3232,Fleetwood Mac,Man of the World,"Folk Rock, Psychedelic Pop",1969
3233,The Bucketheads,The Bomb! (These Sounds Fall into My Mind),Funky House,1995
3234,Radiohead,15 Step,"Art Rock, Electronic",2007
3235,Fever Ray,To the Moon and Back,"Art Pop, Synthpop",2017
3236,Duke Ellington,East St. Louis Toodle-oo,Dixieland,1926
3237,Dionne Warwick,Anyone Who Had a Heart,"Brill Building, Pop Soul",1963
3238,Gene Austin,My Blue Heaven,Traditional Pop,1927
3239,The Sundays,Here's Where the Story Ends,"Indie Pop, Jangle Pop",1990
3240,Michael Jackson,Off the Wall,Disco,1979
3241,Wire,The 15th,"Art Punk, Post-Punk",1979
3242,The Velvet Underground,White Light / White Heat,"Art Rock, Garage Rock, Proto-Punk",1967
3243,Peggy Gou,It Makes You Forget (Itgehane),"Balearic Beat, Deep House",2018
3244,The Dandy Warhols,Not If You Were the Last Junkie on Earth,Alternative Rock,1997
3245,Erykah Badu,Tyrone,Neo-Soul,1997
3246,Fatboy Slim,"Right Here, Right Now",Big Beat,1998
3247,Van Morrison,Wild Night,"Pop Rock, Rhythm & Blues",1971
3248,Nirvana,Sliver,Grunge,1990
3249,Sam Smith,Stay With Me,"Blue Eyed Soul, Pop Soul",2014
3250,Charlie Parker,Now's the Time,Bebop,1946
3251,Stray Cats,Runaway Boys,Rockabilly,1980
3252,Fat White Family,Feet,"Alternative Dance, Art Rock, Neo-Psychedelia",2019
3253,Anderson .Paak feat. T.I.,Come Down,"Funk, Neo-Soul, West Coast Hip Hop",2016
3254,Eminem,The Way I Am,Hardcore Hip Hop,2000
3255,Editors,Smokers Outside the Hospital Door,Post-Punk Revival,2007
3256,Lynyrd Skynyrd,That Smell,Southern Rock,1977
3257,Madness,Baggy Trousers,2 Tone,1980
3258,The Cult,Love Removal Machine,"Alternative Rock, Hard Rock",1987
3259,Electric Light Orchestra,Evil Woman,Pop Rock,1975
3260,Arctic Monkeys,Fluorescent Adolescent,"Garage Rock Revival, Indie Rock",2007
3261,The Vapors,Turning Japanese,"New Wave, Power Pop",1980
3262,Prefab Sprout,When Love Breaks Down,"New Wave, Sophisti-Pop",1984
3263,Frightened Rabbit,Swim Until You Can't See Land,Indie Rock,2009
3264,Khaled,Didi,Pop Raï¿½,1992
3265,"Crosby, Stills, Nash & Young",Teach Your Children,"Country Rock, Folk Rock",1970
3266,Steppenwolf,Magic Carpet Ride,Acid Rock,1968
3267,Elton John,I Guess That's Why They Call it the Blues,"Piano Rock, Singer/Songwriter, Soft Rock",1983
3268,Lesley Gore,You Don't Own Me,Brill Building,1963
3269,The Police,Don't Stand So Close to Me,"New Wave, Pop Rock",1980
3270,The Waterboys,Fisherman's Blues,Celtic Rock,1988
3271,The Elegants,Little Star,Doo-Wop,1958
3272,Strawberry Alarm Clock,Incense and Peppermints,Psychedelic Pop,1967
3273,Jessie Ware,Running,Alternative R&B,2012
3274,Elbow,Grounds for Divorce,"Art Rock, Indie Rock",2008
3275,Survivor,Eye of the Tiger,Hard Rock,1982
3276,Primitive Radio Gods,Standing Outside a Broken Phone Booth with Money in My Hand,Downtempo,1996
3277,Thundercat feat. Kenny Loggins & Michael McDonald,Show You the Way,"Neo-Soul, Smooth Soul",2017
3278,Battles feat. Matías Aguayo,Ice Cream,"Math Rock, Progressive Pop",2011
3279,Alice Cooper,Elected,"Glam Rock, Hard Rock",1972
3280,Rufus,Tell Me Something Good,"Funk, Soul",1974
3281,The El Dorados,At My Front Door,"Doo-Wop, Rock & Roll",1955
3282,Pulp,Do You Remember the First Time?,Britpop,1994
3283,Duran Duran,Ordinary World,Pop Rock,1993
3284,Aerosmith,Janie's Got a Gun,"Hard Rock, Pop Rock",1989
3285,Weyes Blood,Everyday,"Art Pop, Chamber Pop",2019
3286,Pearl Jam,Black,Grunge,1991
3287,Carlos Gardel,Volver,Tango,1935
3288,SOS Band,Take Your Time (Do It Right),Boogie,1980
3289,Max Steiner,Tara's Theme,Film Score,1939
3290,Amos Milburn,Chicken-Shack Boogie,Rhythm & Blues,1948
3291,Leonard Cohen,Bird on the Wire,"Contemporary Folk, Singer/Songwriter",1969
3292,Radiohead,Lotus Flower,"Art Pop, Electronic",2011
3293,Leonard Cohen,First We Take Manhattan,"Singer/Songwriter, Synthpop",1988
3294,Deep Purple,Child in Time,"Hard Rock, Progressive Rock",1970
3295,Missy Elliott feat. Ciara & Fatman Scoop,Lose Control,Pop Rap,2005
3296,The Flying Lizards,Money,"Art Pop, New Wave",1979
3297,Jessy Lanza,It Means I Love You,"Art Pop, Footwork",2016
3298,Lisa Lisa & Cult Jam with Full Force,I Wonder if I Take You Home,Freestyle,1985
3299,Max Romeo & The Upsetters,War ina Babylon,Roots Reggae,1976
3300,The Crickets,"Oh, Boy!",Rockabilly,1957
3301,The Rolling Stones,Lady Jane,"Baroque Pop, Folk Pop",1966
3302,Elvis Presley,Always on My Mind,"Blue Eyed Soul, Country Pop",1972
3303,Pavement,Here,Lo-Fi / Slacker Rock,1992
3304,The Impressions,Gypsy Woman,Pop Soul,1961
3305,Selena Gomez,Bad Liar,Dance-Pop,2017
3306,Giorgio Moroder,Chase,"Film Score, Space Disco",1978
3307,LCD Soundsystem,All I Want,"Alternative Dance, Indietronica, Post-Punk Revival",2010
3308,Aterciopelados,Bolero falaz,"Alternative Rock, Latin Alternative",1995
3309,Def Leppard,Pour Some Sugar on Me,Glam Metal,1987
3310,Tom Waits,Innocent When You Dream,"Cabaret, Singer/Songwriter",1987
3311,U2,Gloria,Post-Punk,1981
3312,The Temptations,Get Ready,Motown Sound,1966
3313,The Rivingtons,Papa-Oom-Mow-Mow,Doo-Wop,1962
3314,Cat Power,Cross Bones Style,"Indie Rock, Singer/Songwriter",1998
3315,Tommy Dorsey,I'm Gettin' Sentimental Over You,Swing,1936
3316,The Association,Never My Love,"Psychedelic Pop, Sunshine Pop",1967
3317,Elvis Presley,Good Rockin' Tonight,Rockabilly,1954
3318,Rihanna,SOS,Dance-Pop,2006
3319,Stormzy,Vossi Bop,"Trap, UK Hip Hop",2019
3320,Laura Nyro,Stoned Soul Picnic,"Pop Soul, Progressive Pop, Singer/Songwriter",1968
3321,MFSB,TSOP (The Sound of Philadelphia),"Disco, Philly Soul",1973
3322,The Drifters,This Magic Moment,Soul,1960
3323,Bobby Freeman,Do You Want to Dance,"Rhythm & Blues, Rock & Roll",1958
3324,Nina Simone,Sinnerman,"Rhythm & Blues, Soul Jazz, Vocal Jazz",1965
3325,Lloyd Cole and The Commotions,Perfect Skin,"Indie Pop, Jangle Pop",1984
3326,Real Estate,Talking Backwards,"Indie Pop, Jangle Pop",2014
3327,Bob Dylan,My Back Pages,"Contemporary Folk, Singer/Songwriter",1964
3328,The Manhattans,Kiss and Say Goodbye,Smooth Soul,1976
3329,Bon Iver,"33 ""God""",Art Pop,2016
3330,Traffic,The Low Spark of High Heeled Boys,Progressive Rock,1971
3331,Manfred Mann's Earth Band,Blinded by the Light,"AOR, Pop Rock",1976
3332,U.T.F.O.,"Roxanne, Roxanne","East Coast Hip Hop, Electro",1984
3333,Carl Douglas,Kung Fu Fighting,Disco,1974
3334,Sharon Van Etten,Every Time the Sun Comes Up,"Indie Folk, Indie Pop, Singer/Songwriter",2014
3335,Paul Simon,Kodachrome,"Americana, Folk Pop, Pop Rock, Singer/Songwriter",1973
3336,Blue Cheer,Summertime Blues,Heavy Psych,1968
3337,Bruce Springsteen,Bobby Jean,"Heartland Rock, Pop Rock",1984
3338,Newcleus,Jam On It,"East Coast Hip Hop, Electro",1984
3339,The Style Council,Long Hot Summer,"Blue Eyed Soul, Sophisti-Pop, Synth Funk",1983
3340,Luniz,I Got 5 On It,"G-Funk, Mobb Music, West Coast Hip Hop",1995
3341,The Black Crowes,Remedy,"Blues Rock, Southern Rock",1992
3342,R.E.M.,Shiny Happy People,Jangle Pop,1991
3343,Kacey Musgraves,High Horse,Dance-Pop,2018
3344,Super Furry Animals,Ice Hockey Hair,"Indie Rock, Neo-Psychedelia",1998
3345,Farley Jackmaster Funk,Love Can't Turn Around,Chicago House,1986
3346,Bob Marley and The Wailers,War,Roots Reggae,1976
3347,Les Rita Mitsouko,C'est comme ça,"French Pop, New Wave",1986
3348,The Byrds,Hickory Wind,Country Rock,1968
3349,Little Willie John,Need Your Love So Bad,"Rhythm & Blues, Soul",1955
3350,The Jesus and Mary Chain,Head On,Alternative Rock,1989
3351,Blink-182,What's My Age Again?,Pop Punk,1999
3352,Scissor Sisters,Take Your Mama,Pop Rock,2004
3353,The Doobie Brothers,Black Water,"Folk Rock, Roots Rock",1974
3354,Loretta Lynn,Don't Come Home A'Drinkin' (with Lovin' on Your Mind),Honky Tonk,1966
3355,Julian Casablancas,11th Dimension,Synthpop,2009
3356,The Shirelles,Baby It's You,"Brill Building, Girl Group",1961
3357,Mike Oldfield,Tubular Bells,Progressive Rock,1973
3358,Lady Gaga,The Edge of Glory,"Dance-Pop, Electropop",2011
3359,Peter Gabriel,Shock the Monkey,"Art Pop, New Wave",1982
3360,Spacemen 3,Walkin' with Jesus,"Neo-Psychedelia, Space Rock",1986
3361,Randy Newman,Short People,"Piano Rock, Singer/Songwriter",1977
3362,Mano Negra,King Kong Five,"Funk Rock, Rap Rock",1989
3363,Pink Floyd,Echoes,"Art Rock, Experimental Rock, Progressive Rock",1971
3364,Bob Dylan,Love Minus Zero/No Limit,"Folk Rock, Singer/Songwriter",1965
3365,Drake,In My Feelings,"Contemporary R&B, Pop Rap",2018
3366,Fontaines D.C.,Big,Post-Punk,2019
3367,Bruce Springsteen,The Promised Land,"Heartland Rock, Singer/Songwriter",1978
3368,Harry J. Allstars,Liquidator,Skinhead Reggae,1969
3369,Alter Ego,Rocker,"Acid House, Electro House, Electroclash",2004
3370,Bob & Marcia,"Young, Gifted and Black",Pop Reggae,1970
3371,The Three Degrees,When Will I See You Again,Philly Soul,1974
3372,The Killers,Human,"Pop Rock, Synthpop",2008
3373,Nick Cave & The Bad Seeds,From Her to Eternity,"Experimental Rock, Post-Punk",1984
3374,Mano Negra,Señor Matanza,Latin Alternative,1994
3375,The Pains of Being Pure at Heart,Young Adult Friction,Twee Pop,2009
3376,Steppenwolf,The Pusher,"Acid Rock, Blues Rock",1968
3377,Chicago,If You Leave Me Now,Soft Rock,1976
3378,Big Maceo,Worried Life Blues,"Acoustic Chicago Blues, Piano Blues",1941
3379,Rick Nelson,Garden Party,Country Pop,1972
3380,The Mountain Goats,No Children,"Indie Folk, Singer/Songwriter",2002
3381,X-Ray Spex,Germ Free Adolescents,"New Wave, Punk Rock",1978
3382,Queens of the Stone Age,The Lost Art of Keeping a Secret,"Alternative Rock, Stoner Rock",2000
3383,Blumfeld,Tausend Tränen tief,"Hamburger Schule, Indie Pop",1999
3384,Hüsker Dü,Celebrated Summer,"Alternative Rock, Post-Hardcore",1985
3385,Mariah Carey,We Belong Together,"Contemporary R&B, Pop",2005
3386,Todd Terje & Bryan Ferry,Johnny and Mary,"Ambient Pop, Sophisti-Pop",2014
3387,Tame Impala,Borderline,Synthpop,2019
3388,Freelance Hellraiser,A Stroke of Genius,"Dance-Pop, House, Mashup",2001
3389,Joni Mitchell,Blue,"Piano Rock, Singer/Songwriter",1971
3390,Kanye West feat. Jay-Z,Diamonds from Sierra Leone (Remix),Hip Hop,2005
3391,Jungle,Busy Earnin',"Funktronica, Synth Funk",2014
3392,The Heartbreakers,Chinese Rocks,Punk Rock,1977
3393,Underworld,Rez,"Techno, Trance",1993
3394,The Spencer Davis Group,Keep On Running,"Blue Eyed Soul, British Rhythm & Blues",1965
3395,Ariana Grande,ghostin,"Contemporary R&B, Pop Soul",2019
3396,The Police,Every Little Thing She Does Is Magic,"New Wave, Pop Rock",1981
3397,Soda Stereo,Cuando pase el temblor,"Latin Alternative, New Wave",1985
3398,Jethro Tull,Locomotive Breath,Progressive Rock,1971
3399,Dennis Brown,Money In My Pocket,"Dub, Roots Reggae",1972
3400,Mory Kanté,Yï¿½ Kï¿½ Yï¿½ Kï¿½,Mande Music,1987
3401,Jarvis Cocker,Running the World,"Britpop, Singer/Songwriter",2006
3402,The Mothers of Invention,Trouble Every Day,"Blues Rock, Experimental Rock, Garage Rock",1966
3403,Annie,Chewing Gum,"Dance-Pop, Electropop",2004
3404,Judas Priest,Breaking the Law,Heavy Metal,1980
3405,Edgar Winter Group,Free Ride,"Hard Rock, Pop Rock",1972
3406,Herman's Hermits,No Milk Today,"Baroque Pop, Pop Rock",1966
3407,Bill Withers,Use Me,"Rhythm & Blues, Smooth Soul",1972
3408,Nina Simone,"I Loves You, Porgy",Vocal Jazz,1958
3409,Deep Purple,Black Night,Hard Rock,1970
3410,Billy Idol,White Wedding,"New Wave, Pop Rock",1982
3411,Cat Stevens,Father and Son,"Folk Pop, Singer/Songwriter",1970
3412,Queen,Don't Stop Me Now,Piano Rock,1978
3413,Richard Thompson,1952 Vincent Black Lightning,"Folk Rock, Singer/Songwriter",1991
3414,Arthur Alexander,You Better Move On,"Rhythm & Blues, Southern Soul",1961
3415,Sonic Youth,The Diamond Sea,"Alternative Rock, Noise Rock",1995
3416,Peter Gabriel with Kate Bush,Don't Give Up,Art Pop,1986
3417,Fred Neil,Everybody's Talkin',"Contemporary Folk, Folk Rock, Singer/Songwriter",1966
3418,Sonic Youth,Schizophrenia,"Alternative Rock, Noise Rock",1987
3419,Goldfrapp,Strict Machine,"Electro-Disco, Electropop, Synthpop",2003
3420,Julee Cruise,Falling,"Ambient Pop, Dream Pop",1989
3421,Patti Smith,Free Money,"Proto-Punk, Singer/Songwriter",1975
3422,The Rolling Stones,Waiting on a Friend,Pop Rock,1981
3423,Jurassic 5,Concrete Schoolyard,West Coast Hip Hop,1997
3424,Mika,Grace Kelly,Pop Rock,2007
3425,Les Savy Fav,The Sweat Descends,Post-Punk Revival,2004
3426,Jimmy Reed,"Bright Lights, Big City",Chicago Blues,1961
3427,Sleigh Bells,Rill Rill,Indie Pop,2010
3428,Jeannie C. Riley,Harper Valley P.T.A.,Bakersfield Sound,1968
3429,Sigur Rï¿½s,Gobbledigook,Art Pop,2008
3430,Cream,Strange Brew,"Blues Rock, Psychedelic Rock",1967
3431,Girl Unit,Wut,"Trap [EDM], UK Bass",2010
3432,Slowdive,Sugar for the Pill,Dream Pop,2017
3433,Prefab Sprout,The King of Rock 'n' Roll,"New Wave, Pop Rock",1988
3434,The Knickerbockers,Lies,"Garage Rock, Pop Rock",1965
3435,The Jacksons,Shake Your Body,Disco,1978
3436,Titus Andronicus,A More Perfect Union,Indie Rock,2010
3437,Little Anthony and The Imperials,Tears on My Pillow,Doo-Wop,1958
3438,Soundgarden,Fell on Black Days,Grunge,1994
3439,Joe Walsh,Life's Been Good,Pop Rock,1978
3440,DaBaby,Suge,"Southern Hip Hop, Trap",2019
3441,Spinners,It's a Shame,Pop Soul,1970
3442,Vernon Dalhart,The Prisoner's Song,Traditional Country,1924
3443,Skeeter Davis,The End of the World,Nashville Sound,1962
3444,Kendrick Lamar,Sing About Me (I'm Dying of Thirst),"Conscious Hip Hop, West Coast Hip Hop",2012
3445,The Jackson 5,The Love You Save,Motown Sound,1970
3446,Prince and The Revolution,Erotic City,"Dance-Pop, Synth Funk",1984
3447,John Lennon,Gimme Some Truth,Pop Rock,1971
3448,Phil Collins,Against All Odds (Take a Look at Me Now),"Adult Contemporary, Film Soundtrack, Pop Rock",1984
3449,Brian Eno,By This River,Ambient Pop,1977
3450,Kings of Leon,Use Somebody,"Alternative Rock, Pop Rock",2008
3451,Rage Against the Machine,Guerrilla Radio,Rap Metal,1999
3452,Janis Joplin,Mercedes Benz,A cappella,1971
3453,Gene Autry,Rudolph the Red Nosed Reindeer,"Christmas Music, Western Swing",1949
3454,Horace Silver,Song for My Father,Hard Bop,1965
3455,All Saints,Never Ever,Pop Soul,1997
3456,Soundgarden,Jesus Christ Pose,"Alternative Metal, Grunge",1991
3457,Bobby Darin,Beyond the Sea,"Big Band, Swing, Traditional Pop",1959
3458,Spacemen 3,Revolution,"Neo-Psychedelia, Space Rock",1988
3459,Boards of Canada,In a Beautiful Place Out in the Country,"Downtempo, IDM",2000
3460,Bruce Springsteen,Lost in the Flood,"Heartland Rock, Singer/Songwriter",1973
3461,Heart,Crazy On You,"Hard Rock, Pop Rock",1975
3462,The B-52's,Planet Claire,"New Wave, Post-Punk",1979
3463,Simply Red,Holding Back the Years,"Blue Eyed Soul, Pop Soul, Sophisti-Pop",1985
3464,Faithless,Insomnia,Progressive House,1995
3465,The Skatalites,Guns of Navarone,Jamaican Ska,1965
3466,Garbage,Only Happy When It Rains,Alternative Rock,1995
3467,Stevie Wonder,As,"Jazz-Funk, Soul",1976
3468,The Rolling Stones,Sister Morphine,"Blues Rock, Folk Rock",1971
3469,The Triffids,Wide Open Road,Jangle Pop,1986
3470,Vampire Weekend,This Life,Indie Pop,2019
3471,Blawan,Why They Hide Their Bodies Under My Garage?,Industrial Techno,2012
3472,Korn,Blind,Nu Metal,1994
3473,Bruce Springsteen,My City of Ruins,"Heartland Rock, Pop Rock, Singer/Songwriter",2002
3474,Janet Jackson,That's the Way Love Goes,"Contemporary R&B, Trip Hop",1993
3475,Diana Ross,Ain't No Mountain High Enough,Motown Sound,1970
3476,K-Rob Vs. Rammelzee,Beat Bop,"East Coast Hip Hop, Experimental Hip Hop",1983
3477,Arctic Monkeys,Brianstorm,"Garage Rock Revival, Indie Rock",2007
3478,Harry Choates,Jole Blon,Traditional Cajun,1946
3479,Chan Romero,Hippy Hippy Shake,Rock & Roll,1959
3480,Buffalo Springfield,Mr. Soul,"Folk Rock, Psychedelic Rock",1967
3481,Manfred Mann,Do Wah Diddy Diddy,Beat Music,1964
3482,Judy Collins,Both Sides Now,"Baroque Pop, Folk Pop",1968
3483,Isaac Hayes,Walk On By,"Psychedelic Soul, Smooth Soul",1969
3484,Simon and Garfunkel,The Only Living Boy in New York,"Folk Pop, Pop Rock, Singer/Songwriter",1970
3485,David Bowie,Always Crashing in the Same Car,Art Rock,1977
3486,Prince,Sexy M.F.,"Hip Hop, P-Funk",1992
3487,Bill Withers,Lovely Day,"Pop Soul, Smooth Soul",1977
3488,Santana,Soul Sacrifice,Latin Rock,1969
3489,The Aztec Mystic,Jaguar,Detroit Techno,1999
3490,D.R.A.M. feat. Lil Yachty,Broccoli,"Pop Rap, Trap",2016
3491,Ben Folds Five,Brick,"Piano Rock, Singer/Songwriter",1997
3492,Daryl Hall & John Oates,Sara Smile,"Blue Eyed Soul, Pop Rock",1975
3493,The Moody Blues,Go Now!,Beat Music,1964
3494,Shep and The Limelites,Daddy's Home,Doo-Wop,1961
3495,The Spencer Davis Group,I'm a Man,"British Rhythm & Blues, Mod",1967
3496,The Young Rascals,People Got to Be Free,"Blue Eyed Soul, Pop Rock",1968
3497,Bob Marley and The Wailers,Lively Up Yourself,Roots Reggae,1971
3498,Spin Doctors,Two Princes,"Alternative Rock, Pop Rock",1991
3499,Prince and The New Power Generation,Cream,"Contemporary R&B, Funk, Pop Rock",1991
3500,Molotov,Gimme Tha Power,"Latin Alternative, Rap Rock",1997
3501,The Parliaments,(I Wanna) Testify,Southern Soul,1967
3502,The Charlie Daniels Band,The Devil Went Down to Georgia,"Country Rock, Progressive Bluegrass",1979
3503,Sloan,Coax Me,"Alternative Rock, Power Pop",1994
3504,Kriss Kross,Jump,"Pop Rap, Southern Hip Hop",1992
3505,Chuck Berry,School Day,Rock & Roll,1957
3506,Ethel Merman,I Got Rhythm,"Show Tunes, Traditional Pop",1930
3507,Savages,Shut Up,"Gothic Rock, Post-Punk",2013
3508,Manic Street Preachers feat. Nina Persson,Your Love Alone Is Not Enough,"Alternative Rock, Power Pop",2007
3509,The Jive Five,My True Story,Doo-Wop,1961
3510,Randy Newman,I Think It's Going to Rain Today,"Baroque Pop, Singer/Songwriter",1968
3511,Janis Ian,At Seventeen,"Bossa Nova, Folk Pop, Singer/Songwriter",1975
3512,Randy Newman,Political Science,Singer/Songwriter,1972
3513,Wall of Voodoo,Mexican Radio,New Wave,1982
3514,Jorge Ben,"Mas, que nada!","Samba, Singer/Songwriter",1963
3515,Kings of Leon,Molly's Chambers,"Garage Rock Revival, Indie Rock",2003
3516,Paul Simon,You Can Call Me Al,Pop Rock,1986
3517,Mountain,Mississippi Queen,"Blues Rock, Hard Rock",1970
3518,Shakira feat. Wyclef Jean,Hips Don't Lie,"Dance-Pop, Latin Pop, Reggaeton",2006
3519,Faith No More,We Care a Lot,Funk Metal,1985
3520,Natalia Lafourcade,Hasta la raï¿½z,"Chamber Pop, Folk Pop, Nueva canciï¿½n latinoamericana",2015
3521,Joe Cocker & Jennifer Warnes,Up Where We Belong,"Adult Contemporary, Film Soundtrack",1982
3522,Drake,Know Yourself,"Pop Rap, Trap",2015
3523,The Platters,My Prayer,"Doo-Wop, Traditional Pop",1956
3524,Christina Aguilera,Beautiful,Adult Contemporary,2002
3525,Rich Gang feat. Young Thug and Rich Homie Quan,Lifestyle,"Pop Rap, Southern Hip Hop",2014
3526,Tom Petty and The Heartbreakers,Learning to Fly,"Heartland Rock, Pop Rock",1991
3527,The Beatles,If I Fell,Merseybeat,1964
3528,Bon Iver,Calgary,Art Pop,2011
3529,Crystal Castles vs. HEALTH,Crimewave,Bitpop,2007
3530,Genesis,I Know What I Like (In Your Wardrobe),"Pop Rock, Progressive Rock",1973
3531,Spike Jones and His City Slickers,Cocktails for Two,"Musical Comedy, Novelty",1945
3532,The Chairmen of the Board,Give Me Just a Little More Time,Motown Sound,1969
3533,The Knife,We Share Our Mother's Health,"Electropop, Synthpop",2006
3534,Neil Young,Ambulance Blues,"Contemporary Folk, Country Rock, Folk Rock, Singer/Songwriter",1974
3535,The Flaming Lips,She Don't Use Jelly,"Indie Rock, Noise Pop",1993
3536,Big Brother and The Holding Company,Summertime,"Blues Rock, Psychedelic Rock",1968
3537,The Rolling Stones,Love in Vain,"Acoustic Blues, Blues Rock",1969
3538,Rï¿½yksopp,Eple,Downtempo,2001
3539,Method Man,Bring the Pain,"Boom Bap, East Coast Hip Hop",1994
3540,Mount Eerie,Real Death,"Indie Folk, Singer/Songwriter, Slowcore",2017
3541,Red Foley with the Sunshine Boys Quartet,(There'll Be) Peace in the Valley (For Me),Country Gospel,1951
3542,Madonna,Don't Tell Me,"Country Pop, Glitch Pop",2000
3543,Lady Gaga feat. Beyoncé,Telephone,"Dance-Pop, Electropop",2009
3544,The Stylistics,I'm Stone in Love with You,"Philly Soul, Pop Soul",1972
3545,Charli XCX,Track 10,"Art Pop, Bubblegum Bass, Glitch Pop",2017
3546,The KLF,3 A.M. Eternal (Live at the S.S.L.),House,1991
3547,The Beatles,Michelle,Folk Pop,1965
3548,KT Tunstall,Black Horse and the Cherry Tree,"Acoustic Rock, Pop Rock, Singer/Songwriter",2004
3549,Led Zeppelin,Since I've Been Loving You,"Blues Rock, Hard Rock",1970
3550,John Travolta & Olivia Newton-John,You're the One That I Want,"Film Soundtrack, Pop",1978
3551,James,Sit Down,"Baggy / Madchester, Indie Pop",1991
3552,Elvis Costello and The Attractions,Everyday I Write the Book,"Blue Eyed Soul, New Wave, Pop Rock, Sophisti-Pop",1983
3553,Meat Loaf,Bat Out of Hell,"Hard Rock, Pop Rock, Rock Opera",1977
3554,Plastic Ono Band,Cold Turkey,Hard Rock,1969
3555,Cafï¿½ Tacvba,La Ingrata,"Latin Alternative, Norteï¿½o",1994
3556,Paul Kelly [Australia],To Her Door,Folk Rock,1987
3557,INXS,Never Tear Us Apart,Pop Rock,1987
3558,Johnny Mathis,Chances Are,Traditional Pop,1957
3559,Antoine,Les Elucubrations d'Antoine,"Beat Music, French Pop",1966
3560,John Maus,Believer,"Hypnagogic Pop, Post-Punk, Synthpop",2011
3561,James Brown,Prisoner of Love,Soul,1963
3562,Vicki Sue Robinson,Turn the Beat Around,Disco,1976
3563,U2,The Fly,"Alternative Dance, Pop Rock",1991
3564,Andrés Calamaro,Flaca,"Chamber Pop, Pop Rock",1997
3565,Galaxie 500,Blue Thunder,"Dream Pop, Slowcore",1989
3566,Howlin' Wolf,Killing Floor,Chicago Blues,1965
3567,Adam and The Ants,Stand and Deliver,New Romantic,1981
3568,William DeVaughn,Be Thankful for What You Got,"Funk, Soul",1974
3569,Kings of Leon,The Bucket,Indie Rock,2004
3570,The Shins,Phantom Limb,"Indie Pop, Indie Rock",2006
3571,George Michael,I Want Your Sex,"Contemporary R&B, Dance-Pop",1987
3572,Traffic,Paper Sun,Psychedelic Rock,1967
3573,The Notwist,Pilot,"Indie Rock, Indietronica",2001
3574,The Godfathers,Birth School Work Death,"Garage Rock, Mod Revival",1987
3575,Pigbag,Papa's Got a Brand New Pigbag,Dance-Punk,1981
3576,Aretha Franklin,Don't Play That Song,Southern Soul,1970
3577,Semisonic,Closing Time,"Alternative Rock, Power Pop",1998
3578,The Soft Machine,Moon in June,"Canterbury Scene, Jazz Fusion, Jazz-Rock",1970
3579,HEALTH,Die Slow,"Electro-Industrial, Noise Rock",2009
3580,Dizzy Gillespie,Salt Peanuts,Bebop,1945
3581,The Rolling Stones,Salt of the Earth,Roots Rock,1968
3582,Missy Elliott,Pass That Dutch,"Experimental Hip Hop, Pop Rap",2003
3583,Yothu Yindi,Treaty,Tribal House,1991
3584,Sex Pistols [Sid Vicious],My Way,"Film Soundtrack, Punk Rock",1978
3585,Paul Weller,Wild Wood,Singer/Songwriter,1993
3586,Eagles,Lyin' Eyes,"Country Rock, Soft Rock",1975
3587,Barbara Lewis,Hello Stranger,Soul,1963
3588,Herbie Hancock,Maiden Voyage,Modal Jazz,1966
3589,John Martyn,Solid Air,"Jazz-Rock, Singer/Songwriter",1973
3590,Billie Eilish,Bury a Friend,"Alternative R&B, Electropop",2019
3591,Raspberries,Overnight Sensation (Hit Record),Power Pop,1974
3592,Bruce Springsteen,Nebraska,"Americana, Contemporary Folk, Singer/Songwriter",1982
3593,Luther Ingram,(If Loving You Is Wrong) I Don't Want to Be Right,Southern Soul,1972
3594,P!nk,Get the Party Started,Dance-Pop,2001
3595,Charles Mingus,Track C - Group Dancers,"Avant-Garde Jazz, Third Stream",1963
3596,Henri Salvador,Syracuse,"Chanson, French Pop",1963
3597,Brownsville Station,Smokin' in the Boys Room,"Boogie Rock, Hard Rock",1973
3598,Yeasayer,2080,"Neo-Psychedelia, Psychedelic Pop",2007
3599,Mark Morrison,Return of the Mack,Contemporary R&B,1996
3600,Sheryl Crow,If It Makes You Happy,"Alternative Rock, Pop Rock",1996
3601,Bobby McFerrin,Don't Worry Be Happy,"A cappella, Pop",1988
3602,EPMD,You Gots to Chill,"Boom Bap, East Coast Hip Hop",1988
3603,Daft Punk feat. Panda Bear,Doin' It Right,"Indietronica, Synthpop",2013
3604,Camper Van Beethoven,Take the Skinheads Bowling,Indie Rock,1985
3605,M.I.A.,Boyz,"Dancehall, UK Hip Hop",2007
3606,Nas feat. Lauryn Hill,If I Ruled the World (Imagine That),"Boom Bap, Conscious Hip Hop, East Coast Hip Hop",1996
3607,J Balvin feat. Willy William,Mi Gente / Mi Gente (Remix feat. Beyoncï¿½),Moombahton,2017
3608,Suede,Stay Together,Britpop,1994
3609,Andrew W.K.,Party Hard,Hard Rock,2001
3610,Harry Belafonte,Banana Boat (Day-O),"Calypso, Mento",1956
3611,Bee Gees,To Love Somebody,Baroque Pop,1967
3612,Buck Owens,Act Naturally,Bakersfield Sound,1963
3613,Bee Gees,Massachusetts,Baroque Pop,1967
3614,Creedence Clearwater Revival,Travelin' Band,Rock & Roll,1970
3615,Darlene Love,Christmas (Baby Please Come Home),"Brill Building, Christmas Music, Pop Soul",1963
3616,Sufjan Stevens,Death With Dignity,"Indie Folk, Singer/Songwriter",2015
3617,Donna Summer,She Works Hard for the Money,Dance-Pop,1983
3618,Nick Lowe,I Love the Sound of Breaking Glass,"New Wave, Power Pop",1978
3619,Donovan,Mellow Yellow,"Psychedelic Folk, Psychedelic Pop",1966
3620,The Flaming Lips,Fight Test,"Indie Pop, Neo-Psychedelia, Progressive Pop",2002
3621,Massive Attack,Safe from Harm,Trip Hop,1991
3622,ZZ Top,Legs,Boogie Rock,1983
3623,George Jones,The Grand Tour,Country,1974
3624,Death Grips,I've Seen Footage,"Hardcore Hip Hop, Industrial Hip Hop",2012
3625,George Jones,White Lightning,"Honky Tonk, Rockabilly",1959
3626,The Records,Starry Eyes,"New Wave, Power Pop",1978
3627,Adriano Celentano,Il ragazzo della Via Gluck,Italo Pop,1966
3628,Depeche Mode,I Feel You,Alternative Rock,1993
3629,Joan Osborne,One of Us,Pop Rock,1995
3630,DJ Shadow feat. Run the Jewels,Nobody Speak,Hardcore Hip Hop,2016
3631,Sonic Youth & Lydia Lunch,Death Valley '69,"No Wave, Noise Rock",1984
3632,Missy Elliott feat. Pharrell Williams,WTF (Where They From),Pop Rap,2015
3633,Gloria Jones,Tainted Love,"Northern Soul, Pop Soul",1965
3634,Rhye,The Fall,"Alternative R&B, Smooth Soul, Sophisti-Pop",2012
3635,Tom Waits,Time,"Contemporary Folk, Singer/Songwriter",1985
3636,The Neville Brothers,Yellow Moon,"New Orleans R&B, Soul",1989
3637,Khaled,Aïcha,Pop Raï¿½,1996
3638,Blind Lemon Jefferson,Black Snake Moan,Acoustic Texas Blues,1927
3639,Chairlift,I Belong in Your Arms,"New Wave, Synthpop",2012
3640,Woody Herman,Early Autumn,"Big Band, Dixieland, Swing",1949
3641,The Haydn Quartet,Take Me Out to the Ball Game,"Barbershop, Vaudeville",1908
3642,Steve Reich,It's Gonna Rain,"Minimalism, Tape Music",1965
3643,The Juan MacLean,Happy House,Nu-Disco,2008
3644,Nicki Minaj feat. 2 Chainz,Beez in the Trap,"Hardcore Hip Hop, Snap",2012
3645,Can,Oh Yeah,Krautrock,1971
3646,No Doubt,Just a Girl,"Alternative Rock, Pop Rock",1995
3647,Jody Reynolds,Endless Sleep,Rockabilly,1958
3648,The Five Stairsteps,O-o-h Child,"Chicago Soul, Pop Soul",1970
3649,Chic,I Want Your Love,Disco,1978
3650,Grandaddy,The Crystal Lake,"Indie Pop, Indie Rock",2000
3651,(Sandy) Alex G,Gretel,"Indie Folk, Indie Rock",2019
3652,Neko Case,This Tornado Loves You,"Alt-Country, Singer/Songwriter",2009
3653,Superchunk,Slack Motherfucker,Lo-Fi / Slacker Rock,1990
3654,Bob Dylan,Rainy Day Women #12 & 35,"Blues Rock, Brass Band",1966
3655,Paramore,Hard Times,"Alternative Dance, New Wave, Pop Rock",2017
3656,Yazoo,Situation,Synthpop,1982
3657,The Stylistics,"Betcha By Golly, Wow","Philly Soul, Pop Soul",1971
3658,My Bloody Valentine,When You Sleep,"Dream Pop, Noise Pop, Shoegaze",1991
3659,Dave Matthews Band,Ants Marching,"Pop Rock, Roots Rock",1994
3660,Doris Day,Secret Love,"Film Soundtrack, Traditional Pop",1953
3661,Mott the Hoople,All the Way from Memphis,Glam Rock,1973
3662,Frank Zappa,Peaches En Regalia,"Jazz Fusion, Jazz-Rock",1969
3663,Kanye West,Blood on the Leaves,"Experimental Hip Hop, Trap [EDM]",2013
3664,Dick Dale,Let's Go Trippin',"Rock & Roll, Surf Rock",1961
3665,Elvis Presley,Crying in the Chapel,"Gospel, Pop",1965
3666,Nas,The World Is Yours,"Boom Bap, East Coast Hip Hop, Jazz Rap",1994
3667,Tegan and Sara,Closer,Electropop,2012
3668,ZZ Top,Tush,"Blues Rock, Hard Rock",1975
3669,Sly and the Family Stone,If You Want Me to Stay,"Funk, Soul",1973
3670,Francis Craig Orchestra,Near You,Traditional Pop,1947
3671,The Beach Boys,I Just Wasn't Made for These Times,"Art Pop, Baroque Pop, Progressive Pop",1966
3672,Paul Simon,Mother and Child Reunion,"Pop Reggae, Singer/Songwriter",1972
3673,The Police,Can't Stand Losing You,"New Wave, Pop Rock",1978
3674,MGMT,Me & Michaelï¿½,"New Romantic, Synthpop",2018
3675,The Rolling Stones,We Love You,"Psychedelic Pop, Psychedelic Rock",1967
3676,Bobby Bland,Turn On Your Love Light,Rhythm & Blues,1961
3677,The Beatles,Two of Us,Folk Pop,1970
3678,Temple of the Dog,Hunger Strike,Grunge,1991
3679,Gang Starr feat. Nice & Smooth,DWYCK,"Boom Bap, East Coast Hip Hop",1992
3680,Chief Keef feat. Lil Reese,I Don't Like,Drill,2012
3681,Pharrell Williams,Happy,Pop Soul,2013
3682,Charles Wright and The Watts 103rd Street Band,Express Yourself,Funk,1970
3683,J.J. Cale,Call Me the Breeze,"Blues Rock, Country Rock",1972
3684,The Jim Carroll Band,People Who Died,Punk Rock,1980
3685,De La Soul,Eye Know,East Coast Hip Hop,1989
3686,Black Sabbath,Sabbath Bloody Sabbath,Heavy Metal,1973
3687,The Music Machine,Talk Talk,"Garage Rock, Proto-Punk",1966
3688,John Coltrane,"A Love Supreme, Part 3: Pursuance/Part 4: Psalm",Spiritual Jazz,1965
3689,Men Without Hats,The Safety Dance,"Dance-Pop, Synthpop",1982
3690,Frankie Goes to Hollywood,The Power of Love,Pop,1984
3691,Leonard Cohen,The Stranger Song,"Contemporary Folk, Singer/Songwriter",1967
3692,Drake,Best I Ever Had,"Contemporary R&B, Pop Rap",2009
3693,Benny Goodman & His Orchestra with Martha Tilton and Ziggy,And the Angels Sing,"Big Band, Vocal Jazz",1939
3694,Das EFX,They Want EFX,"Boom Bap, East Coast Hip Hop",1992
3695,Pixies,Velouria,Indie Rock,1990
3696,Four Tops,Standing in the Shadows of Love,Motown Sound,1966
3697,Bob Hope/Shirley Ross,Thanks for the Memory,Traditional Pop,1938
3698,Liquid Liquid,Cavern,Dance-Punk,1983
3699,The Jesus and Mary Chain,Upside Down,"Noise Pop, Noise Rock, Post-Punk",1984
3700,Arcade Fire,We Used to Wait,"Art Rock, Indie Rock",2010
3701,Stereolab,Cybele's Reverie,"Art Pop, Chamber Pop",1996
3702,Rihanna,Needed Me,"Alternative R&B, Pop Rap",2016
3703,The Temptations,(I Know) I'm Losing You,Motown Sound,1966
3704,Stereolab,Ping Pong,"Art Pop, Indie Pop",1994
3705,Wolf Parade,Shine a Light,Indie Rock,2005
3706,D'Angelo and The Vanguard,The Charade,"Neo-Soul, Psychedelic Soul",2014
3707,Enrico Caruso,Vesti la giubba,"Opera, Romanticism",1907
3708,Otis Rush,I Can't Quit You Baby,Chicago Blues,1956
3709,Sleater-Kinney,A New Waveï¿½,"Indie Rock, Power Pop",2015
3710,Guy Mitchell,Singing the Blues,"Country, Traditional Pop",1956
3711,Los Rodriguez,Sin documentos,"Latin Rock, Pop Rock",1993
3712,Waka Flocka Flame,Hard in da Paint,"Southern Hip Hop, Trap",2010
3713,The Cadets,Stranded in the Jungle,"Doo-Wop, Rhythm & Blues",1956
3714,The Notorious B.I.G.,Big Poppa,"East Coast Hip Hop, G-Funk",1994
3715,Sarah McLachlan,Building a Mystery,"Pop Rock, Singer/Songwriter",1997
3716,Charles Mingus,Pithecanthropus Erectus,Post-Bop,1956
3717,The Police,So Lonely,"New Wave, Power Pop",1978
3718,Kavinsky feat. Lovefoxxx,Nightcall,"Synthpop, Synthwave",2010
3719,Judee Sill,The Kiss,"Chamber Folk, Singer/Songwriter",1973
3720,The Boo Radleys,Wake Up Boo!,Britpop,1995
3721,Big Daddy Kane,Ain't No Half Steppin',"Boom Bap, East Coast Hip Hop",1988
3722,Dave Matthews Band,Crash into Me,"Acoustic Rock, Soft Rock",1996
3723,Los Lobos,Will the Wolf Survive?,"Alternative Rock, Americana, Tex-Mex",1984
3724,Kate Bush,Suspended in Gaffa,"Art Pop, Baroque Pop, Progressive Pop",1982
3725,Bananarama,Cruel Summer,Synthpop,1983
3726,Freda Payne,Bring the Boys Home,Soul,1971
3727,The Pursuit of Happiness,I'm an Adult Now,Power Pop,1987
3728,Ian Dury and The Blockheads,Sweet Gene Vincent,"New Wave, Pub Rock",1977
3729,The Strokes,Under Cover of Darkness,Indie Rock,2011
3730,Captain Beefheart and The Magic Band,Big Eyed Beans from Venus,Blues Rock,1972
3731,Eric Clapton,Cocaine,Blues Rock,1977
3732,Artists United Against Apartheid,Sun City,"Hip Hop, Synthpop",1985
3733,Justin Timberlake,Like I Love You,"Contemporary R&B, Dance-Pop",2002
3734,DMX,Ruff Ryders Anthem,"East Coast Hip Hop, Hardcore Hip Hop",1998
3735,Bob Dylan,Just Like Tom Thumb's Blues,"Folk Rock, Singer/Songwriter",1965
3736,Billy Riley,Flying Saucer's Rock'n'Roll,Rockabilly,1957
3737,Aretha Franklin,Ain't No Way,Soul,1968
3738,Emmylou Harris,Boulder to Birmingham,Country,1975
3739,Otis Redding,Mr. Pitiful,Deep Soul,1964
3740,The Diamonds,The Stroll,"Rhythm & Blues, Rock & Roll",1957
3741,Santigold,Disparate Youth,"Alternative Dance, Indietronica",2012
3742,Billie Holiday,Body and Soul,Vocal Jazz,1940
3743,Stereolab,French Disko,"Indie Pop, Noise Pop",1993
3744,Annie Lennox,Why,"Adult Contemporary, Sophisti-Pop",1992
3745,The Horrors,Still Life,Neo-Psychedelia,2011
3746,The J. Geils Band,Centerfold,Pop Rock,1981
3747,Courtney Barnett,Deprestonï¿½,"Indie Folk, Singer/Songwriter",2015
3748,Bread,Everything I Own,Soft Rock,1972
3749,Jay Z & Kanye West feat. Otis Redding,Otis,Hip Hop,2011
3750,Charli XCX,Boom Clap,"Electropop, Synthpop",2014
3751,Wiley,Wearing My Rolex,"Hip House, Pop Rap, UK Hip Hop",2008
3752,Edgar Winter Group,Frankenstein,"Hard Rock, Progressive Rock, Psychedelic Rock",1972
3753,The Flaming Lips,Yoshimi Battles the Pink Robots (Pt. 1),"Indie Pop, Neo-Psychedelia, Psychedelic Pop",2002
3754,The Killers,Somebody Told Me,"Pop Rock, Post-Punk Revival",2004
3755,Teenage Fanclub,The Concept,"Alternative Rock, Power Pop",1991
3756,Iron Maiden,The Trooper,NWOBHM,1983
3757,Benny Goodman & His Orchestra feat. Charlie Christian,Seven Come Eleven,"Big Band, Swing",1940
3758,Prince,The Most Beautiful Girl in the World,Pop Soul,1994
3759,Yazoo,Only You,Synthpop,1982
3760,The Temper Trap,Sweet Disposition,"Indie Pop, Indie Rock",2008
3761,Jaydee,Plastic Dreams,Progressive House,1993
3762,Tocotronic,Jackpot,"Hamburger Schule, Noise Pop",1999
3763,Marc Cohn,Walking in Memphis,"Adult Contemporary, Blue Eyed Soul, Piano Rock, Singer/Songwriter",1991
3764,Nilï¿½fer Yanya,In Your Head,"Indie Pop, Indie Rock",2019
3765,Foo Fighters,I'll Stick Around,Grunge,1995
3766,The Folk Implosion,Natural One,Alternative Rock,1995
3767,Mötley Crüe,"Girls, Girls, Girls",Glam Metal,1987
3768,Dean Martin,Everybody Loves Somebody,Traditional Pop,1964
3769,The Beach Boys,Surfer Girl,Doo-Wop,1963
3770,The Rolling Stones,Shattered,Rock,1978
3771,Aimee Mann,Save Me,"Film Soundtrack, Folk Pop, Pop Rock, Singer/Songwriter",1999
3772,Merle Haggard,Okie from Muskogee,"Bakersfield Sound, Novelty",1969
3773,George Michael,Jesus to a Child,"Pop Soul, Sophisti-Pop",1996
3774,Taxi Girl,Cherchez le garçon,"French Pop, New Wave, Synthpop",1980
3775,Buddy Holly,Everyday,Pop,1957
3776,The Peerless Quartet,Let Me Call You Sweetheart,"Vaudeville, Vocal Group",1911
3777,David Bowie,Queen Bitch,"Glam Rock, Proto-Punk",1971
3778,Gordon Lightfoot,Sundown,"Contemporary Folk, Singer/Songwriter, Soft Rock",1974
3779,The Beatles,Things We Said Today,Merseybeat,1964
3780,John Lennon,#9 Dream,"Baroque Pop, Soft Rock",1974
3781,Sam & Dave,When Something Is Wrong with My Baby,Deep Soul,1967
3782,The Cars,Let's Go,"New Wave, Power Pop",1979
3783,The The,Uncertain Smile,"Art Pop, New Wave, Post-Punk",1982
3784,The Verve,History,"Britpop, Chamber Pop",1995
3785,Buddy Holly,It Doesn't Matter Anymore,Pop,1959
3786,Sly and the Family Stone,Everybody Is a Star,Psychedelic Soul,1969
3787,Led Zeppelin,Achilles Last Stand,Hard Rock,1976
3788,Fito Páez,El amor después del amor,"Downtempo, Pop Rock",1992
3789,Hüsker Dü,Pink Turns to Blue,"Post-Hardcore, Post-Punk",1984
3790,The Wallflowers,One Headlight,Pop Rock,1996
3791,All Saints,Pure Shores,Ambient Pop,2000
3792,The Last Shadow Puppets,The Age of the Understatement,"Chamber Pop, Indie Rock",2008
3793,James Brown,Funky Drummer,Funk,1970
3794,Common Sense,I Used to Love h.e.r.,"Boom Bap, Conscious Hip Hop",1994
3795,Vampire Weekend,Giving Up the Gun,"Indie Pop, Indietronica",2010
3796,Vince Taylor & The Playboys,Brand New Cadillac,Rockabilly,1959
3797,Jackson Browne,Doctor My Eyes,Singer/Songwriter,1972
3798,Dock Boggs,Country Blues,Old-Time,1927
3799,Bob Marley and The Wailers,Waiting in Vain,Lovers Rock,1977
3800,The Strokes,New York City Cops,"Garage Rock Revival, Indie Rock",2001
3801,Liquid Liquid,Optimo,Dance-Punk,1983
3802,Wings,Silly Love Songs,Pop Rock,1976
3803,Björk,Stonemilker,"Art Pop, Chamber Pop, Downtempo",2015
3804,Kasabian,Club Foot,"Alternative Dance, Indie Rock",2004
3805,Aerosmith,I Don't Want to Miss a Thing,"Film Soundtrack, Soft Rock",1998
3806,Harry Chapin,Cat's in the Cradle,"Folk Rock, Singer/Songwriter",1974
3807,Etta James,"The Wallflower (aka ""Roll with Me Henry"")",Rhythm & Blues,1955
3808,James Taylor,You've Got a Friend,"Folk Pop, Singer/Songwriter",1971
3809,Faron Young,Hello Walls,Nashville Sound,1961
3810,The Beatles,Getting Better,"Pop Rock, Psychedelic Pop, Sunshine Pop",1967
3811,Alice in Chains,Rooster,Grunge,1992
3812,Sonny Rollins,Blue Seven,Hard Bop,1957
3813,The Showmen,It Will Stand,"New Orleans R&B, Rhythm & Blues, Rock & Roll",1961
3814,B.B. King,Rock Me Baby,Electric Blues,1964
3815,Marianne Faithfull,Broken English,"Art Rock, New Wave",1979
3816,Stevie Wonder,"Signed, Sealed, Delivered I'm Yours",Motown Sound,1970
3817,Sting,Fields of Gold,"Adult Contemporary, Soft Rock",1993
3818,Marcy Playground,Sex and Candy,Alternative Rock,1997
3819,Johnny Cash,Delia's Gone,Country,1962
3820,Joy Division,Isolation,"New Wave, Post-Punk",1980
3821,Anne Murray,Snowbird,Country Pop,1969
3822,Iggy Pop,Nightclubbing,Art Rock,1977
3823,Lefty Frizzell,If You've Got the Money (I've Got the Time),Honky Tonk,1950
3824,Mitch Ryder and The Detroit Wheels,Jenny Take a Ride,"Blue Eyed Soul, Garage Rock, Rhythm & Blues, Rock & Roll",1965
3825,The Very Best feat. Ezra Koenig,Warm Heart of Africa,East African Music,2009
3826,Scorpions,Rock You Like a Hurricane,Glam Metal,1984
3827,Roy Ayers,Everybody Loves the Sunshine,Soul Jazz,1976
3828,Charlie Christian,Swing to Bop [Topsy],"Big Band, Swing",1941
3829,Fleetwood Mac,Sara,Pop Rock,1979
3830,"Puff Daddy feat. The Lox, Lil' Kim & The Notorious B.I.G.",It's All About the Benjamins,"East Coast Hip Hop, Pop Rap",1997
3831,Elizabeth Cotten,Freight Train,Piedmont Blues,1958
3832,Phoenix,Long Distance Call,"Indie Pop, Pop Rock",2006
3833,Radiohead,The Bends,Alternative Rock,1995
3834,Kevin Morby,I Have Been to the Mountain,"Indie Folk, Singer/Songwriter",2016
3835,Warren Zevon,Poor Poor Pitiful Me,Singer/Songwriter,1976
3836,Salt 'n' Pepa with En Vogue,Whatta Man,"East Coast Hip Hop, Pop Rap",1993
3837,The Jesus and Mary Chain,April Skies,"Alternative Rock, Indie Pop",1987
3838,Ciara feat. Ludacris,Oh,Contemporary R&B,2004
3839,Dusty Springfield,I Only Want to Be with You,"Blue Eyed Soul, Pop Soul",1963
3840,The Band,I Shall Be Released,Roots Rock,1968
3841,Young Fathers,In My View,"Alternative R&B, Indietronica",2018
3842,Gang of Four,To Hell with Poverty!,Dance-Punk,1981
3843,Cannonball Adderley,"Mercy, Mercy, Mercy",Soul Jazz,1966
3844,Anne Briggs,Blackwater Side,English Folk Music,1971
3845,Charlie Rich,Behind Closed Doors,Nashville Sound,1973
3846,Beyoncï¿½,Partition,"Contemporary R&B, Pop Rap",2013
3847,John Leyton,Johnny Remember Me,Space Age Pop,1961
3848,Leon Bridges,Coming Homeï¿½,"Smooth Soul, Southern Soul",2015
3849,The Carters,APESHIT,"Pop Rap, Trap",2018
3850,John Cougar Mellencamp,Small Town,"Heartland Rock, Pop Rock",1985
3851,Ricky Nelson,Travelin' Man,"Rockabilly, Teen Pop",1961
3852,Betty Hutton,It Had to Be You,"Big Band, Vocal Jazz",1944
3853,Clifford Brown/Max Roach Quintet,Joy Spring,Hard Bop,1954
3854,John Grant feat. Sinéad O'Connor,GMF,"Americana, Indie Folk, Singer/Songwriter",2013
3855,The Rolling Stones,All Down the Line,Blues Rock,1972
3856,Ryan Adams,Come Pick Me Up,"Americana, Singer/Songwriter",2000
3857,Foals,My Number,"New Wave, Post-Punk Revival",2012
3858,"Willie Mae ""Big Mama"" Thornton",Ball 'n' Chain,"Electric Blues, Soul Blues",1968
3859,David Bowie,Warszawa,"Ambient, Progressive Electronic",1977
3860,The Shangri-Las,Give Him a Great Big Kiss,"Brill Building, Girl Group",1964
3861,The Clash,London's Burning,Punk Rock,1977
3862,Billie Holiday,Gloomy Sunday,Vocal Jazz,1941
3863,The Chemical Brothers,Out of Control,"Tech Trance, Techno",1999
3864,Bob Dylan,Boots of Spanish Leather,"Contemporary Folk, Singer/Songwriter",1964
3865,Led Zeppelin,In My Time of Dying,"Blues Rock, Hard Rock",1975
3866,Passion Pit,The Reeling,"Electropop, Indietronica",2009
3867,Passion Pit,Sleepyhead,"Electropop, Indietronica",2008
3868,Oasis,Morning Glory,Britpop,1995
3869,The Chambers Brothers,Time Has Come Today,"Psychedelic Rock, Psychedelic Soul",1967
3870,Johnny and The Hurricanes,Red River Rock,Rock & Roll,1959
3871,Of Montreal,The Past Is a Grotesque Animal,"Indietronica, Neo-Psychedelia",2007
3872,Trust,Antisocial,"Hard Rock, Heavy Metal",1980
3873,Haim,Summer Girl,"Indie Pop, Sophisti-Pop",2019
3874,The Left Banke,Pretty Ballerina,Baroque Pop,1966
3875,Ace of Base,All That She Wants,"Dance-Pop, Europop, Pop Reggae",1992
3876,Dexys Midnight Runners,"There, There, My Dear","Blue Eyed Soul, New Wave",1980
3877,Claudine Clark,Party Lights,Girl Group,1962
3878,Television,Little Johnny Jewel,"Art Rock, Proto-Punk",1975
3879,Billie Holiday,Fine and Mellow,Vocal Jazz,1939
3880,Japan,Nightporter,Art Pop,1980
3881,The Dismemberment Plan,The Ice of Boston,Indie Rock,1997
3882,Bee Gees,You Should Be Dancing,Disco,1976
3883,Josï¿½ Gonzï¿½lez,Heartbeats,Indie Folk,2003
3884,Flipper,Sex Bomb,"Noise Rock, Post-Punk",1981
3885,Artie Shaw,Frenesi,Swing,1940
3886,Orbital,The Box,"Ambient Techno, IDM",1996
3887,Jessie Hill,Ooh Poo Pah Doo,"New Orleans R&B, Rhythm & Blues",1960
3888,Status Quo,Down Down,"Boogie Rock, Hard Rock",1974
3889,Matthew Sweet,Sick of Myself,Power Pop,1995
3890,Kenny Rogers,The Gambler,"Country, Singer/Songwriter",1978
3891,The Louvin Brothers,Knoxville Girl,Close Harmony,1956
3892,R. Kelly,I Believe I Can Fly,Contemporary R&B,1996
3893,U2,Angel of Harlem,"Blue Eyed Soul, Heartland Rock, Pop Rock",1988
3894,Savages,Adore,Post-Punk,2016
3895,Johnny Horton,The Battle of New Orleans,Country,1959
3896,Grateful Dead,Truckin',"Country Rock, Folk Rock, Truck Driving Country",1970
3897,Bruce Springsteen,American Skin (41 Shots),"Heartland Rock, Pop Rock",2001
3898,Bruce Hornsby & The Range,The Way It Is,Piano Rock,1986
3899,Metro Area,Miura,"Electro-Disco, Nu-Disco",2001
3900,Oasis,D'You Know What I Mean?,"Britpop, Neo-Psychedelia",1997
3901,Gene Pitney,(The Man Who Shot) Liberty Valance,Country Pop,1962
3902,U2,"Stay (Faraway, So Close!)","Alternative Rock, Pop Rock",1993
3903,John Barry Seven & Orchestra,James Bond Theme,"Film Score, Surf Rock",1962
3904,AC/DC,T.N.T.,Hard Rock,1975
3905,Yeasayer,Ambling Alp,"Electropop, Neo-Psychedelia, Psychedelic Pop",2009
3906,Can,Spoon,Krautrock,1971
3907,Robert Plant & Alison Krauss,Gone Gone Gone (Done Moved On),Americana,2007
3908,Donny Hathaway,The Ghetto,Chicago Soul,1969
3909,Duke Ellington,Cotton Tail,"Big Band, Swing",1940
3910,Mink DeVille,Spanish Stroll,"Pop Rock, Pub Rock",1977
3911,Sky Ferreira,I Blame Myself,Synthpop,2013
3912,Billy Swan,I Can Help,Pop,1974
3913,The Who,"Anyway, Anyhow, Anywhere","British Rhythm & Blues, Garage Rock, Mod",1965
3914,Bruce Springsteen,Highway Patrolman,"Americana, Contemporary Folk, Singer/Songwriter",1982
3915,Barry White,"You're the First, the Last, My Everything","Disco, Soul",1974
3916,Leonard Cohen,Sisters of Mercy,"Contemporary Folk, Singer/Songwriter",1967
3917,Caroline Polachek,So Hot Youï¿½re Hurting My Feelings,Synthpop,2019
3918,A Tribe Called Quest,Electric Relaxation,"East Coast Hip Hop, Jazz Rap",1993
3919,Vitalic,My Friend Dario,Electroclash,2005
3920,Bruce Springsteen,State Trooper,"Americana, Contemporary Folk, Singer/Songwriter",1982
3921,Sloan,Money City Maniacs,Power Pop,1998
3922,Louis Armstrong,(What Did I Do to Be So) Black and Blue,Vocal Jazz,1929
3923,Hunters & Collectors,Throw Your Arms Around Me,Jangle Pop,1984
3924,Jeff Mills,The Bells,Detroit Techno,1997
3925,The Strokes,Reptilia,"Garage Rock Revival, Post-Punk Revival",2003
3926,Ike and Tina Turner,A Fool in Love,Rhythm & Blues,1960
3927,Charlie Parker,A Night in Tunisia,Bebop,1946
3928,Björk,It's Oh So Quiet,"Swing Revival, Vocal Jazz",1995
3929,The Cardigans,Carnival,"Sunshine Pop, Twee Pop",1995
3930,Rolling Blackouts Coastal Fever,Talking Straight,"Indie Rock, Jangle Pop",2018
3931,Hüsker Dü,Makes No Sense at All,"Alternative Rock, Post-Hardcore",1985
3932,Joe Cocker,Delta Lady,Rhythm & Blues,1969
3933,PJ Harvey,This Mess We're In,"Alternative Rock, Singer/Songwriter",2000
3934,Bob Dylan,Isis,"Folk Rock, Singer/Songwriter",1976
3935,Beastie Boys,Shake Your Rump,East Coast Hip Hop,1989
3936,Marvin Gaye,Ain't That Peculiar,Motown Sound,1965
3937,Drake feat. Rihanna,Take Care,Alternative R&B,2011
3938,Carla Bruni,Quelqu'un m'a dit,"Folk Pop, Nouvelle chanson franï¿½aise",2002
3939,Little Richard,Keep a Knockin',"Rhythm & Blues, Rock & Roll",1957
3940,Joe Tex,Hold What You've Got,"Country Soul, Southern Soul",1964
3941,Digital Underground,Doowutchyalike,West Coast Hip Hop,1989
3942,Nine Inch Nails,The Hand That Feeds,"Alternative Rock, Industrial Rock",2005
3943,ABBA,Take a Chance on Me,Europop,1977
3944,Eddy Grant,Electric Avenue,"Electro-Disco, Pop Reggae, Synthpop",1982
3945,Bob Seger & The Silver Bullet Band,Against the Wind,"Heartland Rock, Pop Rock",1980
3946,The Doors,Roadhouse Blues,Blues Rock,1970
3947,Barry White,"Can't Get Enough of Your Love, Babe",Smooth Soul,1974
3948,The Go-Betweens,Streets of Your Town,"Indie Pop, Jangle Pop",1988
3949,Kraftwerk,Schaufensterpuppen / Showroom Dummies,Synthpop,1977
3950,Lord Kitchener,London Is the Place for Me,Calypso,1951
3951,Son House,Death Letter,Delta Blues,1965
3952,Sam Cooke,Another Saturday Night,Pop Soul,1963
3953,Tricky,Hell Is Round the Corner,"Abstract Hip Hop, Trip Hop",1995
3954,Muse,Starlight,"Alternative Rock, Pop Rock",2006
3955,Alice Cooper,Only Women Bleed,Glam Rock,1975
3956,The Stooges,Loose,"Garage Rock, Hard Rock, Proto-Punk",1970
3957,Little Richard,Slippin' and Slidin' (Peepin' and Hidin'),"Rhythm & Blues, Rock & Roll",1956
3958,Elvis Presley,Baby Let's Play House,Rockabilly,1955
3959,Travis,Sing,"Alternative Rock, Indie Pop, Pop Rock",2001
3960,Los Lobos,La Bamba,"Latin Rock, Rock & Roll",1987
3961,Nelly,Country Grammar (Hot Shit),"Pop Rap, Southern Hip Hop",2000
3962,Ratt,Round and Round,Glam Metal,1984
3963,Chuck Willis,C.C. Rider,"Jump-Blues, Rhythm & Blues",1957
3964,Placebo,Nancy Boy,Noise Pop,1996
3965,Fuck Buttons,Surf Solar,"Electronic, Neo-Psychedelia",2009
3966,Rick Astley,Never Gonna Give You Up,Dance-Pop,1987
3967,Bran Van 3000,Astounded,Neo-Soul,2001
3968,The Smiths,"William, It Was Really Nothing","Indie Pop, Jangle Pop",1984
3969,Joe Liggins,The Honeydripper,Jump-Blues,1945
3970,Cyndi Lauper,True Colors,Pop,1986
3971,Damien Rice,The Blower's Daughter,"Contemporary Folk, Singer/Songwriter",2001
3972,The Byrds,Goin' Back,"Folk Rock, Psychedelic Pop",1967
3973,Tom Petty and The Heartbreakers,Breakdown,"Blues Rock, Heartland Rock, Roots Rock",1976
3974,Kansas,Carry On Wayward Son,"Hard Rock, Progressive Rock",1976
3975,Miles Davis,Boplicity,Cool Jazz,1949
3976,"Evelyn ""Champagne"" King",Shame,Disco,1977
3977,Ramones,Do You Remember Rock'n'Roll Radio,"Power Pop, Punk Rock",1980
3978,Bobby Bland,Ain't No Love in the Heart of the City,Deep Soul,1974
3979,Jacques Dutronc,Les Playboys,"Beat Music, French Pop",1966
3980,Beach House,Norway,"Dream Pop, Indie Rock, Neo-Psychedelia, Psychedelic Pop",2009
3981,Mos Def,Ms. Fat Booty,"Boom Bap, East Coast Hip Hop",1999
3982,Randy Travis,On the Other Hand,Neo-Traditionalist Country,1985
3983,Fever Ray,If I Had a Heart,"Art Pop, Synthpop",2008
3984,Snow Patrol,Chasing Cars,Pop Rock,2006
3985,Sam Cooke,Twistin' the Night Away,Pop Soul,1962
3986,Nat King Cole,Unforgettable,"Traditional Pop, Vocal Jazz",1951
3987,The National,Mistaken for Strangers,Post-Punk Revival,2007
3988,Sean Paul,Get Busy,Ragga,2002
3989,Charles Trenet,Que reste-t-il de nos amours?,Chanson,1942
3990,Ken Boothe,Everything I Own,Pop Reggae,1974
3991,The Four Seasons,Rag Doll,"Doo-Wop, Pop",1964
3992,PJ Harvey,Dress,"Alternative Rock, Singer/Songwriter",1991
3993,Jackson C. Frank,Blues Run the Game,"Contemporary Folk, Singer/Songwriter",1965
3994,Clarence Carter,Patches,Southern Soul,1970
3995,The Paragons,The Tide Is High,Rocksteady,1967
3996,Janis Ian,Society's Child (Baby I've Been Thinking),"Folk Pop, Singer/Songwriter",1966
3997,Cat Stevens,Wild World,"Folk Pop, Singer/Songwriter",1970
3998,Crowded House,Weather with You,Pop Rock,1991
3999,YG feat. Nipsey Hussle,FDT (Fuck Donald Trump),"Hardcore Hip Hop, Political Hip Hop, West Coast Hip Hop",2016
4000,Édith Piaf,Hymne à l'amour,Chanson,1950
4001,TV on the Radio,Golden Age,"Art Rock, Indie Rock",2008
4002,The Beatles,The Ballad of John and Yoko,Pop Rock,1969
4003,Deep Purple,Hush,Hard Rock,1968
4004,Danger Mouse,99 Problems,"Mashup, Rap Rock",2004
4005,Run-D.M.C.,It's Tricky,East Coast Hip Hop,1986
4006,Soundgarden,Burden in My Hand,Grunge,1996
4007,The Pogues,Dirty Old Town,"Celtic Folk Music, Celtic Rock",1985
4008,Van Morrison,And It Stoned Me,"Folk Rock, Singer/Songwriter",1970
4009,Ella Fitzgerald,"Oh, Lady Be Good!",Vocal Jazz,1947
4010,Butthole Surfers,Pepper,"Alternative Rock, Psychedelic Rock",1996
4011,Whitesnake,Here I Go Again,"Glam Metal, Pop Rock",1987
4012,Lennie Tristano,Requiem,"Bebop, Cool Jazz",1956
4013,Len,Steal My Sunshine,Psychedelic Pop,1999
4014,Cybotron,Clear,Electro,1983
4015,Cher,Bang Bang (My Baby Shot Me Down),"Baroque Pop, Folk Pop",1966
4016,OutKast,Spottieottiedopaliscious,"Funk, Neo-Soul, Psychedelic Soul",1998
4017,Aerosmith,Dude (Looks Like a Lady),Hard Rock,1987
4018,Kid Creole and The Coconuts,"Annie, I'm Not Your Daddy","Funk, Latin Disco",1982
4019,Electronic,Getting Away with It,"Alternative Dance, Synthpop",1989
4020,The Style Council,My Ever Changing Moods,"Blue Eyed Soul, Sophisti-Pop",1984
4021,Tex Williams & His Western Caravan,Smoke! Smoke! Smoke! (That Cigarette),"Novelty, Talking Blues, Western Swing",1947
4022,Joey Dee & The Starlighters,Peppermint Twist,"Rhythm & Blues, Rock & Roll",1961
4023,The Brothers Johnson,Strawberry Letter 23,"Funk, Soul",1977
4024,Teenage Fanclub,Star Sign,"Alternative Rock, Power Pop",1991
4025,Art Tatum,Tea for Two,Stride,1933
4026,Bing Crosby,I'll Be Seeing You,Traditional Pop,1944
4027,I-F,Space Invaders Are Smoking Grass,"Electro, Electroclash",1997
4028,Frank Sinatra,I Get a Kick out of You,"Standards, Vocal Jazz",1954
4029,Yeah Yeah Yeahs,Gold Lion,"Garage Rock Revival, Indie Rock",2006
4030,Lee Morgan,The Sidewinder,"Hard Bop, Soul Jazz",1964
4031,War,Why Can't We Be Friends?,"Pop Reggae, Soul",1975
4032,Sister Nancy,Bam Bam,"Dancehall, Deejay",1982
4033,Jerry Reed,Amos Moses,Country Rock,1970
4034,David Bowie,Absolute Beginners,Pop,1986
4035,The Shirelles,Dedicated to the One I Love,"Doo-Wop, Girl Group",1959
4036,The B-52's,Private Idaho,"Dance-Punk, New Wave",1980
4037,Vitalic,La Rock 01,Electroclash,2001
4038,Aerosmith,Toys in the Attic,Hard Rock,1975
4039,Elvis Presley,One Night,"Pop, Rock & Roll",1958
4040,Kristin Hersh & Michael Stipe,Your Ghost,"Indie Folk, Singer/Songwriter",1994
4041,The Velvet Underground,Who Loves the Sun,"Pop Rock, Sunshine Pop",1970
4042,David Bowie,Drive-In Saturday,Glam Rock,1973
4043,The Dovells,Bristol Stomp,Doo-Wop,1961
4044,Elvis Presley,Return to Sender,"Pop Rock, Rock & Roll",1962
4045,Webb Pierce,There Stands the Glass,Honky Tonk,1953
4046,Anthrax feat. Chuck D.,Bring the Noise,"Rap Metal, Thrash Metal",1991
4047,La Ley,El duelo,Pop Rock,1995
4048,Them,"Baby, Please Don't Go","British Rhythm & Blues, Garage Rock",1964
4049,Stone Temple Pilots,Plush,Grunge,1992
4050,Faust,"It's a Rainy Day, Sunshine Girl",Krautrock,1972
4051,Pascal Comelade & PJ Harvey,Love Too Soon,"Art Pop, Tango Nuevo",1998
4052,Jamie T,Sheila,UK Hip Hop,2006
4053,Jay-Z,Roc Boys (And the Winner Is)…,East Coast Hip Hop,2007
4054,Wilco,Impossible Germany,"Alt-Country, Alternative Rock, Pop Rock",2007
4055,Cerrone,Supernature,"Euro-Disco, Space Disco",1977
4056,Van Morrison,Domino,"Pop Rock, Rhythm & Blues",1970
4057,Lykke Li,Little Bit,Indie Pop,2007
4058,Los Gatos,La balsa,Beat Music,1967
4059,Chuck Berry,Too Much Monkey Business,Rock & Roll,1956
4060,The Isley Brothers,Between the Sheets,"Contemporary R&B, Smooth Soul",1983
4061,Glen Campbell,Rhinestone Cowboy,"Nashville Sound, Urban Cowboy",1975
4062,The Presidents of the United States of America,Lump,"Indie Rock, Power Pop",1995
4063,Genesis,Supper's Ready,Symphonic Prog,1972
4064,Bruce Springsteen,Incident on 57th Street,"Heartland Rock, Singer/Songwriter",1973
4065,Venom,Black Metal,"NWOBHM, Speed Metal, Thrash Metal",1982
4066,Dizzy Gillespie,Hot House,Bebop,1945
4067,Howlin' Wolf,How Many More Years,Chicago Blues,1951
4068,Freddy Fender,Wasted Days and Wasted Nights,"Country Rock, Rhythm & Blues",1974
4069,Devo,Mongoloid,"Art Punk, New Wave, Post-Punk",1977
4070,Harold Melvin & The Blue Notes,Bad Luck,"Disco, Philly Soul",1975
4071,Le1f,Wut,"East Coast Hip Hop, Pop Rap",2012
4072,Queen,Crazy Little Thing Called Love,"Pop Rock, Rockabilly",1979
4073,Kris Kristofferson,Sunday Mornin' Coming Down,"Progressive Country, Singer/Songwriter",1970
4074,Kool & The Gang,Jungle Boogie,Funk,1973
4075,Édith Piaf,La Foule,Chanson,1958
4076,Sam Cooke,Having a Party,Soul,1962
4077,Thin Lizzy,Jailbreak,Hard Rock,1976
4078,Blur,There's No Other Way,Baggy / Madchester,1991
4079,Lloyd Cole and The Commotions,Rattlesnakes,Jangle Pop,1984
4080,Duran Duran,The Chauffeur,"Art Pop, Darkwave, New Romantic",1982
4081,Whodini,Friends,"East Coast Hip Hop, Electro",1984
4082,Adele,Chasing Pavements,Blue Eyed Soul,2008
4083,Os Mutantes,Panis et circenses,"Experimental Rock, Psychedelic Rock, Tropicï¿½lia",1968
4084,Devo,Jocko Homo,"New Wave, Post-Punk, Zolo",1977
4085,Wyclef Jean,Gone Till November,"Neo-Soul, Pop Rap",1997
4086,Fabrizio De André,Crêuza de mä,Canzone d'autore,1984
4087,Tori Amos,Silent All These Years,"Piano Rock, Singer/Songwriter",1991
4088,The Isley Brothers,Fight the Power (Part I),"Funk, Soul",1975
4089,The Who,I'm a Boy,Mod,1966
4090,Pet Shop Boys,Go West,"Dance-Pop, Synthpop",1993
4091,"Earth, Wind & Fire",That's the Way of the World,Smooth Soul,1975
4092,John Fogerty,Centerfield,"Country Rock, Heartland Rock",1985
4093,Michael Jackson,Remember the Time,"New Jack Swing, Pop",1991
4094,The Smiths,Reel Around the Fountain,"Indie Pop, Jangle Pop",1984
4095,Gram Parsons,$1000 Wedding,"Country, Singer/Songwriter",1974
4096,Frida Hyvï¿½nen,Dirty Dancing,"Pop, Singer/Songwriter",2008
4097,Marie Davidson,Work It,"Minimal Synth, Tech House",2018
4098,U2,Moment of Surrender,Pop Rock,2009
4099,Common,The Light,"Conscious Hip Hop, Neo-Soul",2000
4100,Future,March Madnessï¿½,"Southern Hip Hop, Trap",2015
4101,Miles Davis,In a Silent Way,"Jazz Fusion, Modal Jazz",1969
4102,LCD Soundsystem,Drunk Girls,"Dance-Punk, Post-Punk Revival",2010
4103,alt-J,Left Hand Free,"Blues Rock, Indie Rock",2014
4104,Prince and The New Power Generation,Gett Off,"Contemporary R&B, Funk",1991
4105,Cut Copy,Need You Now,Synthpop,2011
4106,Claude François,Comme d'habitude,"Chanson, French Pop",1967
4107,Wilco,A Shot in the Arm,"Alt-Country, Alternative Rock, Art Rock",1999
4108,Montell Jordan,This Is How We Do It,New Jack Swing,1995
4109,Oasis,Whatever,Britpop,1994
4110,Ariana Grande feat. Iggy Azalea,Problem,"Contemporary R&B, Dance-Pop",2014
4111,Tim Hardin,Reason to Believe,Contemporary Folk,1966
4112,Naughty by Nature,Hip Hop Hooray,"Boom Bap, East Coast Hip Hop",1992
4113,Roy Orbison,It's Over,"Baroque Pop, Pop Rock",1964
4114,Red Hot Chili Peppers,Otherside,Alternative Rock,1999
4115,The Impressions,It's All Right,Chicago Soul,1963
4116,T La Rock & Jazzy Jay,It's Yours,East Coast Hip Hop,1984
4117,Tyrone Davis,Can I Change My Mind,Chicago Soul,1968
4118,Fairport Convention,A Sailor's Life,"British Folk Rock, Progressive Folk",1969
4119,Sister Sledge,He's The Greatest Dancer,Disco,1978
4120,Todd Terje,Strandbar,"Electro-Disco, Nu-Disco",2013
4121,Joe Simon,Drowning in the Sea of Love,Philly Soul,1971
4122,Garth Brooks,The Dance,"Contemporary Country, Country Pop",1989
4123,Travis,Why Does It Always Rain on Me?,Britpop,1999
4124,Paul Simon,Diamonds on the Soles of Her Shoes,"Folk Pop, Pop Rock, Singer/Songwriter",1986
4125,Madness,It Must Be Love,"2 Tone, Pop",1981
4126,Benny Goodman feat. Charlie Christian,Good Enough to Keep/Air Mail Special,Swing,1941
4127,Billy Riley,Red Hot,Rockabilly,1957
4128,The Libertines,Up the Bracket,"Garage Rock Revival, Indie Rock",2002
4129,ABBA,Mamma Mia,Europop,1975
4130,The Decemberists,The Engine Driver,"Chamber Pop, Indie Folk",2005
4131,Arcade Fire,Neighborhood #2 (Laïka),"Chamber Pop, Post-Punk Revival",2004
4132,Bob Marley and The Wailers,Three Little Birds,"Pop Reggae, Roots Reggae",1977
4133,Daughter,Youth,"Dream Pop, Indie Pop",2011
4134,Daft Punk,Aerodynamic,French House,2001
4135,Christophe,Les Mots bleus,"Art Pop, Chanson, French Pop",1974
4136,The Harptones,A Sunday Kind of Love,Doo-Wop,1953
4137,Duke Ellington,Harlem Air-Shaft,Big Band,1940
4138,Kanye West feat. T-Pain,Good Life,Pop Rap,2007
4139,Bob Dylan,Tombstone Blues,"Blues Rock, Singer/Songwriter",1965
4140,Ray Charles,"Hallelujah, I Love Her So","Rhythm & Blues, Soul",1956
4141,Golden Boy feat. Miss Kittin,Rippin Kittin,"Electroclash, Progressive House",2002
4142,Radiohead,Jigsaw Falling into Place,"Alternative Rock, Art Rock",2007
4143,Indigo Girls,Closer to Fine,"Folk Pop, Singer/Songwriter",1989
4144,N*E*R*D feat. Lee Harvey and Vita,Lapdance,Rap Rock,2002
4145,Toni Basil,Mickey,Bubblegum,1981
4146,Ludacris,Southern Hospitality,"Dirty South, Southern Hip Hop",2000
4147,Led Zeppelin,Good Times Bad Times,Hard Rock,1969
4148,Rilo Kiley,Portions for Foxes,"Indie Pop, Indie Rock, Power Pop",2004
4149,The Replacements,Can't Hardly Wait,"Alternative Rock, Power Pop",1987
4150,PJ Harvey,The Wheel,"Folk Rock, Psychedelic Rock, Singer/Songwriter",2016
4151,The Prodigy,Poison,Big Beat,1994
4152,Jens Lekman,Black Cab,"Chamber Pop, Singer/Songwriter",2003
4153,Gal Costa,Baby,"Psychedelic Pop, Tropicï¿½lia",1968
4154,Anita Baker,Caught Up in a Rapture,"Contemporary R&B, Pop Soul, Smooth Soul",1986
4155,Liz Phair,Supernova,"Indie Rock, Singer/Songwriter",1994
4156,The Streets,Has It Come to This?,"2-Step, UK Hip Hop",2001
4157,Camarón,La leyenda del tiempo,"Flamenco Nuevo, Jazz-Rock",1979
4158,Florence + The Machine,Ship To Wreckï¿½,"Indie Pop, Pop Rock",2015
4159,The Korgis,Everybody's Got to Learn Sometime,"Ambient Pop, Synthpop",1980
4160,The Members,The Sound of the Suburbs,"New Wave, Punk Rock",1979
4161,Queen Latifah,Ladies First,East Coast Hip Hop,1989
4162,Meinrad Jungblut [PeterLicht],Sonnendeck,Electronic,2000
4163,Tweet feat. Missy Elliott,Oops (Oh My),Contemporary R&B,2002
4164,Foghat,Slow Ride,"Blues Rock, Hard Rock",1975
4165,The Ronettes,Walking in the Rain,"Brill Building, Girl Group",1964
4166,Yo La Tengo,Tom Courtenay,"Indie Rock, Noise Pop",1995
4167,The Go-Betweens,Bachelor Kisses,"Indie Pop, Jangle Pop",1984
4168,Lorde,Perfect Places,"Electropop, Synthpop",2017
4169,Bryan Ferry,Slave to Love,"Pop Rock, Sophisti-Pop",1985
4170,Bob Marley and The Wailers,Concrete Jungle,Roots Reggae,1973
4171,Miami Sound Machine,Conga,"Latin Freestyle, Latin Pop",1985
4172,Daryl Hall & John Oates,Maneater,Pop Rock,1982
4173,Bad Brains,Pay to Cum,Hardcore Punk,1980
4174,Big Thief,Cattails,"Alt-Country, Americana, Indie Folk",2019
4175,Count Basie,Lil' Darlin',"Big Band, Swing",1958
4176,George Strait,Amarillo By Morning,Contemporary Country,1982
4177,Depeche Mode,Precious,Synthpop,2005
4178,Simon and Garfunkel,I Am a Rock,"Folk Pop, Singer/Songwriter",1966
4179,Santana,Samba pa ti,"Blues Rock, Latin Rock",1970
4180,Chaka Demus & Pliers,Murder She Wrote,Dancehall,1992
4181,Marianne Faithfull,The Ballad of Lucy Jordan,"New Wave, Synthpop",1979
4182,Kendrick Lamar,Backseat Freestyle,"Hardcore Hip Hop, West Coast Hip Hop",2012
4183,Panda Bear,Comfy in Nautica,"Neo-Psychedelia, Plunderphonics, Psychedelic Pop",2005
4184,Talk Talk,Such a Shame,"Art Pop, New Wave, Synthpop",1984
4185,Jens Lekman,Maple Leaves,"Chamber Pop, Singer/Songwriter",2003
4186,Love,Andmoreagain,"Baroque Pop, Psychedelic Folk, Psychedelic Pop",1967
4187,Françoise Hardy,Message personnel,"Chanson, French Pop",1973
4188,"The ""5"" Royales",Dedicated to the One I Love,Doo-Wop,1957
4189,Smokey Robinson,Being with You,"Contemporary R&B, Pop Soul, Smooth Soul",1981
4190,La Unión,Lobo hombre en París,"New Wave, Pop Rock",1984
4191,2Pac,Keep Ya Head Up,"Conscious Hip Hop, West Coast Hip Hop",1993
4192,Fucked Up,Queen of Hearts,"Indie Rock, Post-Hardcore",2011
4193,Paul Hardcastle,19,"Electro, Synthpop",1985
4194,Ice-T,6 in the Mornin',West Coast Hip Hop,1986
4195,Death Cab for Cutie,I Will Possess Your Heart,Indie Rock,2008
4196,Tone-Lōc,Funky Cold Medina,"Pop Rap, West Coast Hip Hop",1989
4197,"Earth, Wind & Fire",Fantasy,Smooth Soul,1977
4198,The Flirtations,Nothing But a Heartache,"Girl Group, Motown Sound, Northern Soul",1968
4199,Josh Wink,Higher State of Consciousness,"Acid House, Big Beat",1995
4200,Christina Aguilera,Genie in a Bottle,Teen Pop,1999
4201,Dire Straits,Tunnel of Love,Pop Rock,1980
4202,Gipsy Kings,Bamboleo,"Rumba Catalana, Rumba Flamenca",1988
4203,Depeche Mode,Master and Servant,Synthpop,1984
4204,Spandau Ballet,TRUE,"Blue Eyed Soul, Sophisti-Pop",1983
4205,Kanye West,We Don't Care,Pop Rap,2004
4206,Elvis Presley,If I Can Dream,Blue Eyed Soul,1968
4207,Paula Abdul,Straight Up,"Dance-Pop, Synthpop",1988
4208,The Swell Season,Falling Slowly,"Chamber Folk, Film Soundtrack, Singer/Songwriter",2006
4209,The Strokes,Juicebox,"Garage Rock Revival, Post-Punk Revival",2005
4210,Iceage,The Lord's Favorite,Punk Blues,2014
4211,Led Zeppelin,Babe I'm Gonna Leave You,Folk Rock,1969
4212,Lana Del Rey,Love,Art Pop,2017
4213,Janelle Monáe,Dance Apocalyptic,"Contemporary R&B, Dance-Pop",2013
4214,Katy Perry,I Kissed a Girl,Pop Rock,2008
4215,Horace Silver,The Preacher,"Hard Bop, Soul Jazz",1955
4216,Booker T. & The MG's,Time Is Tight,"Rhythm & Blues, Southern Soul",1969
4217,Doves,The Cedar Room,"Britpop, Dream Pop, Indie Rock",1998
4218,Nino Ferrer,Le Sud,Psychedelic Pop,1975
4219,Jacques Dutronc,(Il est 5 heures) Paris s'éveille,"Chanson, French Pop, Yï¿½-yï¿½",1968
4220,Joe South,Games People Play,"Country Pop, Psychedelic Pop",1968
4221,Ozzy Osbourne,Bark at the Moon,"Hard Rock, Heavy Metal",1983
4222,Chuck Willis,It's Too Late,Rhythm & Blues,1956
4223,Spacehog,In the Meantime,Alternative Rock,1995
4224,James Taylor,Sweet Baby James,"Singer/Songwriter, Soft Rock",1970
4225,Mecano,Cruz de Navajas,Sophisti-Pop,1986
4226,Mama Cass with The Mamas and the Papas,Dream a Little Dream of Me,Traditional Pop,1968
4227,El Tri,Triste canciï¿½n,"Blues Rock, Hard Rock",1984
4228,Big Country,In a Big Country,"Celtic Rock, New Wave",1983
4229,Motï¿½rhead,Overkill,Heavy Metal,1979
4230,Tommy Dorsey,Opus No. 1,Swing,1944
4231,Elton John and Kiki Dee,Don't Go Breaking My Heart,Pop,1976
4232,Juvenile feat. Mannie Fresh & Lil Wayne,Back That Azz Up,"Bounce, Dirty South, Southern Hip Hop",1998
4233,Nick Lowe,So It Goes,"New Wave, Power Pop, Pub Rock",1976
4234,Elvis Presley,(Marie's the Name) His Latest Flame,"Pop Rock, Rock & Roll",1961
4235,Curtis Mayfield,We the People Who Are Darker Than Blue,Chicago Soul,1970
4236,Tony Joe White,Polk Salad Annie,Swamp Rock,1968
4237,Neil Young,Don't Let It Bring You Down,"Folk Rock, Singer/Songwriter",1970
4238,Cloud Nothings,Wasted Days,"Emo, Indie Rock, Post-Hardcore",2012
4239,Gram Parsons with Emmylou Harris,Love Hurts,"Country Rock, Singer/Songwriter",1974
4240,Vic Mensa,Down on My Luck,"Future House, Hip House",2014
4241,Console,14 Zero Zero,"Electropop, Indietronica",1999
4242,Judy Garland,The Man That Got Away,"Film Soundtrack, Traditional Pop",1954
4243,Miles Davis,All Blues,Cool Jazz,1959
4244,Them,Here Comes the Night,"Beat Music, British Rhythm & Blues",1965
4245,Palma Violets,Best of Friends,Indie Rock,2012
4246,Serge Gainsbourg,Initials B.B,"Baroque Pop, French Pop",1967
4247,Luiz Gonzaga,Asa Branca,"Baiï¿½o, Marchinha",1947
4248,Genesis,Carpet Crawlers,Progressive Rock,1974
4249,Eagles,New Kid in Town,"Country Rock, Soft Rock",1976
4250,T. Rex,Ride a White Swan,Glam Rock,1970
4251,SZA,Drew Barrymore,"Alternative R&B, Neo-Soul",2017
4252,The Tokens,The Lion Sleeps Tonight,Doo-Wop,1961
4253,Jay-Z,Heart of the City (Ain't No Love),East Coast Hip Hop,2001
4254,The Beatles,You're Going to Lose That Girl,Merseybeat,1965
4255,The Walkmen,In the New Year,Indie Rock,2008
4256,Grizzly Bear,Knife,"Psychedelic Folk, Psychedelic Pop",2006
4257,Blood Orange,You're Not Good Enough,"Alternative R&B, Funk, Sophisti-Pop",2013
4258,Bon Iver,22 (Over Soon),Art Pop,2016
4259,Stormzy,Big for Your Boots,Grime,2017
4260,Billy Bragg,Between the Wars,"Folk Rock, Singer/Songwriter",1985
4261,Stevie Wonder,Boogie On Reggae Woman,"Funk, Soul",1974
4262,Bonnie Raitt,Angel from Montgomery,"Folk Pop, Soft Rock",1974
4263,Dan Le Sac vs. Scroobius Pip,Thou Shalt Always Kill,"Spoken Word, UK Hip Hop",2007
4264,Ahmad Jamal,Poinciana,Cool Jazz,1958
4265,UNKLE,Rabbit in Your Headlights,Downtempo,1998
4266,Manu Chao,Me gustas tú,"Latin Alternative, Pop Reggae",2001
4267,Stormzy,Shut Up,Grime,2015
4268,Clara Ward & The Ward Singers,How I Got Over,Traditional Black Gospel,1950
4269,New Order,Age of Consent,"New Wave, Post-Punk",1983
4270,Michael Jackson & Janet Jackson,Scream,Dance-Pop,1995
4271,Roy Acuff and His Crazy Tennesseans,Great Speckled Bird,Traditional Country,1936
4272,Smash Mouth,Walkin' on the Sun,Pop Rock,1997
4273,The Rolling Stones,Bitch,Hard Rock,1971
4274,Elvis Costello and The Attractions,Accidents Will Happen,"New Wave, Pop Rock",1979
4275,Joe Tex,Show Me,Southern Soul,1967
4276,Tindersticks,Kathleen,Chamber Pop,1994
4277,Jacques Brel,Orly,Chanson ï¿½ texte,1977
4278,Téléphone,Un autre monde,Pop Rock,1984
4279,Kanye West,Famous,Pop Rap,2016
4280,Jack White,Lazaretto,"Alternative Rock, Blues Rock",2014
4281,The Adverts,One Chord Wonders,Punk Rock,1977
4282,Pulp,Help the Aged,"Art Rock, Britpop",1997
4283,Pink Floyd,The Great Gig in the Sky,"Art Rock, Piano Rock",1973
4284,Chromatics,I Can Never Be Myself When You're Around,"Dream Pop, Synthpop, Synthwave",2015
4285,Black Rebel Motorcycle Club,Whatever Happened to My Rock'n'roll? (Punk Song),"Garage Rock Revival, Punk Rock",2001
4286,Kylie Minogue,I Should Be So Lucky,"Dance-Pop, Teen Pop",1987
4287,Pharoahe Monch,Simon Says,"Boom Bap, East Coast Hip Hop, Hardcore Hip Hop",1999
4288,Orbital,Halcyon,"Ambient Techno, Ambient Trance",1992
4289,Pantera,Walk,Groove Metal,1992
4290,Fela Ransome Kuti & Africa 70,Water No Get Enemy,Afrobeat,1975
4291,Marianne Faithfull,Sister Morphine,Folk Rock,1969
4292,DJ Shadow,Six Days,"Instrumental Hip Hop, Trip Hop, Turntablism",2002
4293,Wu-Tang Clan,Gravel Pit,"Boom Bap, East Coast Hip Hop, Hardcore Hip Hop",2000
4294,Kylie Minogue,Slow,Electropop,2003
4295,Lucienne Boyer,Parlez-moi d'amour,Chanson,1930
4296,The Jesus and Mary Chain,Sidewalking,Noise Pop,1988
4297,Patsy Cline,She's Got You,Nashville Sound,1962
4298,Souls of Mischief,93 'Til Infinity,"Jazz Rap, West Coast Hip Hop",1993
4299,ABBA,Gimme! Gimme! Gimme! (A Man After Midnight),"Euro-Disco, Europop",1979
4300,Chaka Khan,I'm Every Woman,Disco,1978
4301,Beck,Nobody's Fault But My Own,"Neo-Psychedelia, Singer/Songwriter",1998
4302,The Disposable Heroes of Hiphoprisy,"Television, the Drug of the Nation","Conscious Hip Hop, Political Hip Hop, West Coast Hip Hop",1992
4303,Rufus Wainwright,Going to a Town,Singer/Songwriter,2007
4304,Chicago,Saturday in the Park,Piano Rock,1972
4305,The Capitols,Cool Jerk,"Rhythm & Blues, Soul",1966
4306,Talking Heads,And She Was,"New Wave, Pop Rock",1985
4307,Warpaint,Undertow,"Dream Pop, Indie Rock",2010
4308,Romeo Void,Never Say Never,New Wave,1981
4309,The Beatles,Yellow Submarine,"Children's Music, Pop Rock",1966
4310,Jackie Wilson,Doggin' Around,Traditional Pop,1960
4311,Inspiral Carpets,This Is How It Feels,"Baggy / Madchester, Indie Pop",1990
4312,U2,Lemon,Alternative Dance,1993
4313,Dion,"Abraham, Martin and John","Chamber Folk, Folk Pop",1968
4314,Yeah Yeah Yeahs,Date with the Night,"Garage Punk, Garage Rock Revival",2003
4315,Trio,Da da da ich lieb dich nicht du liebst mich nicht aha aha aha,"Minimal Wave, Neue Deutsche Welle",1982
4316,Tim Buckley,Buzzin' Fly,"Psychedelic Folk, Singer/Songwriter",1969
4317,The Everly Brothers,Bird Dog,"Close Harmony, Pop",1958
4318,Thompson Twins,Hold Me Now,"New Romantic, Synthpop",1983
4319,Garth Brooks,Friends in Low Places,Contemporary Country,1990
4320,Linkin Park,In the End,"Nu Metal, Rap Rock",2000
4321,Radiohead,You and Whose Army?,"Art Rock, Experimental Rock",2001
4322,The Temptations,I Wish It Would Rain,Soul,1967
4323,Louis Armstrong,Ain't Misbehavin',Vocal Jazz,1929
4324,Hüsker Dü,Sorry Somehow,Alternative Rock,1986
4325,The Chemical Brothers,Star Guitar,"Progressive House, Tech House",2002
4326,Merle Haggard,Sing Me Back Home,Bakersfield Sound,1967
4327,The Divine Comedy,Tonight We Fly,Chamber Pop,1994
4328,The Jackson 5,Never Can Say Goodbye,Pop Soul,1971
4329,Human Resource,Dominator,"Hardcore [EDM], Techno, UK Hard House",1991
4330,George Thorogood & The Destroyers,Bad to the Bone,"Blues Rock, Hard Rock",1982
4331,Unknown Mortal Orchestra,Multi-Love,Psychedelic Pop,2015
4332,Frank Ocean,Pink + White,"Contemporary R&B, Neo-Soul",2016
4333,Wilco,Misunderstood,"Alt-Country, Country Rock, Roots Rock",1996
4334,D.N.A. feat. Suzanne Vega,Tom's Diner,Downtempo,1990
4335,Bill Withers,Grandma's Hands,"Rhythm & Blues, Soul",1971
4336,Courtney Barnett,"Nameless, Faceless",Indie Rock,2018
4337,Denzel Curry,Ricky,"Southern Hip Hop, Trap",2019
4338,The Weeknd,The Hillsï¿½,Alternative R&B,2015
4339,Broken Social Scene,Almost Crimes,Indie Rock,2002
4340,Belle and Sebastian,"Get Me Away From Here, I'm Dying","Folk Pop, Twee Pop",1996
4341,Chuck Berry,Carol,Rock & Roll,1958
4342,Blue Rodeo,Lost Together,"Alt-Country, Country Rock, Pop Rock",1992
4343,Nancy & Frank Sinatra,Somethin' Stupid,Traditional Pop,1967
4344,Broken Bells,The High Road,Indie Pop,2009
4345,Jimmie Rodgers,Blue Yodel No. 9 (Standin' on the Corner),Country Yodeling,1930
4346,The Beatles,And I Love Her,Folk Pop,1964
4347,Eric Dolphy,Hat and Beard,Avant-Garde Jazz,1964
4348,The Chemical Brothers feat. Q-Tip,Go,"Big Beat, Hip House",2015
4349,!!!,Heart of Hearts,"Dance-Punk, Indie Rock",2007
4350,Harold Melvin & The Blue Notes,Don't Leave Me This Way,"Disco, Philly Soul",1975
4351,Ted Nugent,Cat Scratch Fever,"Boogie Rock, Hard Rock",1977
4352,Santana,Evil Ways,Latin Rock,1969
4353,Jerry Butler,He Will Break Your Heart,"Rhythm & Blues, Soul",1960
4354,Cesï¿½ria ï¿½vora,Sodade,Morna,1992
4355,Nick Cave & The Bad Seeds,"Dig!!! Lazarus, Dig!!!",Alternative Rock,2007
4356,Kaiser Chiefs,Ruby,"Indie Rock, Pop Rock",2007
4357,Weezer,Hash Pipe,"Alternative Rock, Power Pop",2001
4358,The Shirelles,Tonight's the Night,Girl Group,1960
4359,Bruce Springsteen,Glory Days,"Heartland Rock, Pop Rock",1984
4360,Koko Taylor,Wang Dang Doodle,"Chicago Blues, Soul Blues",1966
4361,Sheck Wes,Mo Bamba,"East Coast Hip Hop, Trap",2017
4362,Phoenix,Entertainment!,Indie Pop,2013
4363,Natalie Prass,My Baby Don't Understand Meï¿½,"Chamber Pop, Pop Soul",2015
4364,Lady Gaga,Born This Way,"Dance-Pop, Electro House, Electropop",2011
4365,Caifanes,La cï¿½lula que explota,"Latin Rock, Post-Punk",1990
4366,Stone Temple Pilots,Vasoline,"Grunge, Hard Rock",1994
4367,Sonny Boy Williamson (II),Don't Start Me Talkin',Chicago Blues,1955
4368,"Clarence ""Tom"" Ashley",The Coo Coo Bird,"Appalachian Folk Music, Old-Time",1929
4369,Sleater-Kinney,One More Hour,"Indie Rock, Punk Rock",1997
4370,Genesis,Mama,"Pop Rock, Progressive Pop",1983
4371,Moby,Honey,Trip Hop,1998
4372,The-Dream,Yamaha,"Contemporary R&B, Synth Funk",2010
4373,The Black Crowes,Hard to Handle,Southern Rock,1990
4374,Hot Chip,One Life Stand,"Electropop, Indietronica",2009
4375,Lucio Dalla,Com'e profondo il mare,Canzone d'autore,1977
4376,Eagles,Take It to the Limit,"Country Rock, Soft Rock",1975
4377,The Cure,The Love Cats,"New Wave, Pop Rock",1983
4378,Azzido Da Bass,Dooms Night,Tech House,1999
4379,Nina Simone,Don't Let Me Be Misunderstood,Pop Soul,1964
4380,The Postal Service,The District Sleeps Alone Tonight,"Indie Pop, Indietronica",2003
4381,Sergio Mendes & Brasil '66,Mas que nada,"Bossa Nova, Lounge",1966
4382,Dinosaur Jr.,Start Choppin',Indie Rock,1993
4383,Barry Manilow,Mandy,"Adult Contemporary, Easy Listening",1974
4384,Kylie Minogue,Love at First Sight,Dance-Pop,2001
4385,Silverchair,Tomorrow,Grunge,1994
4386,Jeans Team,Das Zelt,Indie Pop,2006
4387,Stevie Nicks with Tom Petty and The Heartbreakers,Stop Draggin' My Heart Around,Pop Rock,1981
4388,Thom Yorke,Suspirium,"Art Pop, Chamber Pop, Film Soundtrack",2018
4389,Faces,Ooh La La,"Folk Pop, Folk Rock",1973
4390,Enanitos Verdes,Lamento Boliviano,"Alternative Rock, Pop Rock",1994
4391,Muse,Muscle Museum,Alternative Rock,1999
4392,Blood Orange,Charcoal Baby,"Alternative R&B, Sophisti-Pop",2018
4393,Gino Paoli,Sapore di sale,"Canzone d'autore, Italo Pop",1963
4394,Justin Timberlake,Lovestoned / I Think She Knows,Dance-Pop,2006
4395,Four Tet,Love Cry,Microhouse,2009
4396,"Huey ""Piano"" Smith & The Clowns",Don't You Just Know It,New Orleans R&B,1958
4397,Ella Mai,Boo'd Up,Contemporary R&B,2018
4398,Jethro Tull,Living in the Past,"Folk Rock, Progressive Rock",1969
4399,The House of Love,Christine,"Indie Pop, Noise Pop",1988
4400,The Notwist,Pick Up the Phone,Indietronica,2002
4401,The Replacements,I'll Be You,"Alternative Rock, Power Pop",1989
4402,Minutemen,This Ain't No Picnic,"Post-Hardcore, Post-Punk",1984
4403,Jay-Z,Dead Presidents,"East Coast Hip Hop, Hardcore Hip Hop",1996
4404,The Beach Boys,Surfin' Safari,"Surf Rock, Vocal Surf",1962
4405,Miguel Rï¿½os,Bienvenidos,Rock,1982
4406,Stars,Your Ex-Lover Is Dead,Chamber Pop,2004
4407,Ace,How Long,Soft Rock,1974
4408,Tindersticks,City Sickness,Chamber Pop,1993
4409,Mariah Carey,Vision of Love,"Adult Contemporary, Pop Soul",1990
4410,Walter Huston,September Song,"Film Soundtrack, Standards",1938
4411,Coldplay,Speed of Sound,Pop Rock,2005
4412,The Clash,Janie Jones,Punk Rock,1977
4413,"Jay Rock, Kendrick Lamar, Future & James Blake",King's Dead,"Film Soundtrack, Trap",2018
4414,Bo Diddley,Say Man,"Rhythm & Blues, Spoken Word",1959
4415,Wire,Ex Lion Tamer,"Art Rock, Post-Punk",1977
4416,Burial + Four Tet,Moth,"Future Garage, Microhouse",2009
4417,The Beatles,I'm So Tired,Pop Rock,1968
4418,Father John Misty,Bored in the USA,"Chamber Pop, Piano Rock, Singer/Songwriter",2014
4419,Trio Matamoros,Lágrimas negras,Bolero son,1932
4420,Patrick Wolf,The Magic Position,"Chamber Pop, Singer/Songwriter",2007
4421,Travis Scott & Young Thug feat. Quavo,Pick Up the Phone,"Pop Rap, Southern Hip Hop, Trap",2016
4422,Led Zeppelin,Going to California,Contemporary Folk,1971
4423,Michael Jackson,Ben,"Film Soundtrack, Pop Soul",1972
4424,Blur,Under the Westway,"Alternative Rock, Chamber Pop",2012
4425,Hardfloor,Acperience,"Acid Techno, Acid Trance",1992
4426,The KLF,Justified and Ancient,Dance-Pop,1991
4427,New York Dolls,Looking for a Kiss,"Glam Punk, Glam Rock, Proto-Punk",1973
4428,Rancid,Time Bomb,Ska Punk,1995
4429,Pink Floyd,Set the Controls for the Heart of the Sun,"Experimental Rock, Space Rock",1968
4430,Status Quo,Pictures of Matchstick Men,"Psychedelic Pop, Psychedelic Rock",1968
4431,Soccer Mommy,Your Dog,Indie Pop,2018
4432,Led Zeppelin,The Battle of Evermore,"Contemporary Folk, Folk Rock",1971
4433,Creedence Clearwater Revival,Suzie Q,"Blues Rock, Swamp Rock",1968
4434,Seals and Crofts,Summer Breeze,"Soft Rock, Yacht Rock",1972
4435,The Clovers,One Mint Julep,"Doo-Wop, Rhythm & Blues",1952
4436,Bob Wills and His Texas Playboys,Take Me Back to Tulsa,Western Swing,1941
4437,Ol' Dirty Bastard,Shimmy Shimmy Ya,"Boom Bap, East Coast Hip Hop, Hardcore Hip Hop",1995
4438,The Hives,Walk Idiot Walk,Garage Rock Revival,2004
4439,The Tammys,Egyptian Shumba,"Brill Building, Girl Group",1963
4440,Erykah Badu feat. Andre 3000,Hello,"Contemporary R&B, Neo-Soul",2015
4441,Badfinger,Come and Get It,Piano Rock,1969
4442,Tony Bennett,"Cold, Cold Heart","Traditional Pop, Vocal Jazz",1951
4443,Wu-Tang Clan,Triumph,"Boom Bap, East Coast Hip Hop",1997
4444,Jim Reeves,He'll Have to Go,Nashville Sound,1959
4445,Tortoise,Djed,"Krautrock, Post-Rock",1996
4446,Frank Ocean,Bad Religion,Alternative R&B,2012
4447,Michelle Shocked,Anchorage,"Folk Pop, Singer/Songwriter",1988
4448,Cat Stevens,Peace Train,"Folk Pop, Singer/Songwriter",1971
4449,The Clash,Career Opportunities,Punk Rock,1977
4450,Sampha,Blood on Me,"Alternative R&B, UK Bass",2016
4451,Nirvana,Scentless Apprentice,"Grunge, Noise Rock, Post-Hardcore",1993
4452,The Emotions,Best of My Love,Disco,1977
4453,Toto,Hold the Line,AOR,1978
4454,Broadcast,Come On Let's Go,"Dream Pop, Neo-Psychedelia",2000
4455,Los Abuelos de la Nada,Mil horas,"New Wave, Pop Rock",1983
4456,Robin Thicke feat. T.I. & Pharrell,Blurred Lines,"Contemporary R&B, Dance-Pop",2013
4457,Scritti Politti,Wood Beez (Pray Like Aretha Franklin),"Boogie, Dance-Pop, Sophisti-Pop, Synthpop",1984
4458,Sui Generis,Rasguña las piedras,"Folk Rock, Progressive Pop",1973
4459,Herbie Hancock,Cantaloupe Island,"Hard Bop, Latin Jazz, Soul Jazz",1964
4460,Fleetwood Mac,Gypsy,Soft Rock,1982
4461,Big Brother and The Holding Company,Ball and Chain,"Acid Rock, Blues Rock",1968
4462,LL Cool J,Going Back to Cali,East Coast Hip Hop,1987
4463,Lefty Frizzell,The Long Black Veil,Country,1959
4464,Pete Seeger,Where Have All the Flowers Gone,Contemporary Folk,1964
4465,Fine Young Cannibals,Johnny Come Home,Sophisti-Pop,1985
4466,Andrés,New for U,Deep House,2012
4467,Migos,T-Shirt,"Southern Hip Hop, Trap",2017
4468,Skepta,Man,Grime,2016
4469,Ricardo Villalobos,Fizheuer Zieheuer,"Microhouse, Minimal Techno",2006
4470,Queens of the Stone Age,My God Is the Sun,Alternative Rock,2013
4471,Kool & The Gang,Summer Madness,Funk,1974
4472,Refused,New Noise,Post-Hardcore,1998
4473,Bob Dylan,One of Us Must Know (Sooner or Later),"Folk Rock, Singer/Songwriter",1966
4474,Big Thief,U.F.O.F.,Indie Folk,2019
4475,Wilco,Ashes of American Flags,Indie Rock,2002
4476,Orchestral Manoeuvres in the Dark,If You Leave,"Film Soundtrack, New Wave, Synthpop",1986
4477,Beyoncï¿½,XO,"Contemporary R&B, Pop",2013
4478,The Wedding Present,My Favourite Dress,"C86, Indie Rock, Jangle Pop",1987
4479,Major Lazer feat. Vybz Kartel,Pon de Floor,"Dancehall, Dutch House",2009
4480,Bruce Springsteen,No Surrender,"Heartland Rock, Pop Rock",1984
4481,Michel Polnareff,Le Bal des laze,"Baroque Pop, Chanson, French Pop",1968
4482,Bobby Caldwell,What You Won't Do for Love,"Blue Eyed Soul, Smooth Soul",1978
4483,Bob Dylan,Chimes of Freedom,"Contemporary Folk, Singer/Songwriter",1964
4484,Chris Kenner,"I Like It Like That, Part 1","New Orleans R&B, Rhythm & Blues",1961
4485,Don Gibson,Oh Lonesome Me,Nashville Sound,1958
4486,The White Stripes,The Hardest Button to Button,"Alternative Rock, Garage Rock Revival",2003
4487,Jessie Ware,110% / If You're Never Gonna Move,"Synthpop, UK Bass",2012
4488,The Romantics,What I Like About You,"New Wave, Power Pop",1979
4489,Duke Ellington,Reminiscing in Tempo,Big Band,1935
4490,Portishead,All Mine,"Acid Jazz, Trip Hop",1997
4491,The The,This Is the Day,"Art Pop, New Wave",1983
4492,Serge Gainsbourg,La Javanaise,Chanson ï¿½ texte,1963
4493,John Paul Young,Love Is in the Air,"Disco, Pop",1977
4494,New Order,World in Motion,"Alternative Dance, Synthpop",1990
4495,Propellerheads Feat. Shirley Bassey,History Repeating,Big Beat,1997
4496,Ciara,Body Party,Contemporary R&B,2013
4497,Orange Juice,Blue Boy,"Indie Pop, Jangle Pop",1980
4498,Russell Morris,The Real Thing,"Psychedelic Pop, Psychedelic Rock",1969
4499,Ornette Coleman,Free Jazz,Free Jazz,1961
4500,ï¿½tienne Daho,Tombé pour la France,"French Pop, Synthpop",1985
4501,Donald Fagen,I.G.Y. (What a Beautiful World),"Jazz Pop, Sophisti-Pop",1982
4502,Gene Autry,Deep in the Heart of Texas,Cowboy,1942
4503,R.E.M.,Don't Go Back to Rockville,"Country Rock, Jangle Pop",1984
4504,Anton Karas,Harry Lime Theme,Film Soundtrack,1949
4505,Frank Sinatra,Fly Me to the Moon,"Standards, Vocal Jazz",1964
4506,Deerhunter,Agoraphobia,"Neo-Psychedelia, Psychedelic Pop",2008
4507,The Stooges,Gimme Danger,"Garage Rock, Hard Rock, Proto-Punk",1973
4508,Biz Markie,Nobody Beats the Biz,East Coast Hip Hop,1987
4509,Van Morrison,Have I Told You Lately?,Pop Rock,1989
4510,Radiohead,My Iron Lung,Alternative Rock,1994
4511,Ian and Sylvia,Four Strong Winds,Folk Pop,1963
4512,Bee Gees,How Can You Mend a Broken Heart,Baroque Pop,1971
4513,Aphex Twin,Aboriginal Mix / Digeridoo,Acid Techno,1991
4514,The Rolling Stones,Doo Doo Doo Doo Doo (Heartbreaker),"Funk Rock, Hard Rock",1973
4515,Sixpence None the Richer,Kiss Me,Pop Rock,1997
4516,Taylor Swift,We Are Never Ever Getting Back Together,Teen Pop,2012
4517,Diamond Head,Am I Evil?,NWOBHM,1980
4518,Soda Stereo,Persiana Americana,"New Wave, Pop Rock",1986
4519,Better Oblivion Community Center,Dylan Thomas,"Indie Folk, Indie Rock, Singer/Songwriter",2019
4520,10cc,The Things We Do for Love,Pop Rock,1976
4521,R.E.M.,World Leader Pretend,Jangle Pop,1988
4522,Nas,It Ain't Hard to Tell,"Boom Bap, East Coast Hip Hop, Jazz Rap",1994
4523,Grimes feat. Blood Diamonds,Go,"Electropop, Trap [EDM]",2014
4524,Billy Bragg,Sexuality,"Jangle Pop, Singer/Songwriter",1991
4525,KC and The Sunshine Band,Get Down Tonight,"Disco, Funk",1975
4526,Captain and Tennille,Love Will Keep Us Together,"Adult Contemporary, Yacht Rock",1975
4527,Justin Bieber,What Do You Mean?ï¿½,"Dance-Pop, Tropical House",2015
4528,Dr. Octagon,Blue Flowers,"Abstract Hip Hop, East Coast Hip Hop",1996
4529,John Lennon,Mind Games,"Pop Rock, Singer/Songwriter",1973
4530,Les Paul & Mary Ford,Vaya Con Dios (May God Be with You),Traditional Pop,1953
4531,Evanescence,Bring Me to Life,Nu Metal,2003
4532,Deutsch Amerikanische Freundschaft,Der Mussolini,"EBM, Neue Deutsche Welle, Synth Punk",1981
4533,Rick Ross feat. Styles P,B.M.F. (Blowin' Money Fast),"Southern Hip Hop, Trap",2010
4534,AC/DC,Let There Be Rock,Hard Rock,1977
4535,Paul Revere & The Raiders,Hungry,"Garage Rock, Pop Rock",1966
4536,Gang Gang Dance,Glass Jar,"Indietronica, Neo-Psychedelia",2011
4537,Todd Terje,Delorean Dynamite,"Electro-Disco, Synthwave",2014
4538,Arlo Guthrie,The City of New Orleans,"Folk Pop, Singer/Songwriter",1972
4539,Hot Chocolate,You Sexy Thing,"Disco, Funk, Pop Soul",1975
4540,Alain Bashung,Vertige de l'amour,Heartland Rock,1980
4541,James & Bobby Purify,I'm Your Puppet,"Pop Soul, Southern Soul",1966
4542,Oasis,Stand by Me,Britpop,1997
4543,EPMD,Strictly Business,"Boom Bap, East Coast Hip Hop",1988
4544,Tears for Fears,Sowing the Seeds of Love,"Art Pop, Pop Rock, Progressive Pop, Psychedelic Pop",1989
4545,Thelonious Monk,Brilliant Corners,Hard Bop,1957
4546,The Rolling Stones,Stray Cat Blues,Roots Rock,1968
4547,Suzanne Vega,Marlene on the Wall,"Folk Pop, Singer/Songwriter",1985
4548,Big Star,Holocaust,"Art Pop, Singer/Songwriter",1978
4549,Nirvana,Polly,"Acoustic Rock, Alternative Rock",1991
4550,Goldfrapp,A&E,"Art Pop, Folktronica, Indie Pop",2008
4551,Keane,Somewhere Only We Know,Piano Rock,2004
4552,"DJ Khaled feat. Drake, Rick Ross and Lil Wayne",I'm on One,"Pop Rap, Southern Hip Hop, Trap",2011
4553,Ricardo Villalobos,Dexter,"Microhouse, Minimal Techno, Tech House",2003
4554,Right Said Fred,I'm Too Sexy,"Dance-Pop, Novelty",1991
4555,Black Flag,TV Party,Hardcore Punk,1981
4556,Bloc Party,Helicopter,Post-Punk Revival,2004
4557,Elvis Costello,Lipstick Vogue,New Wave,1978
4558,John Fogerty,Rockin' All Over the World,"Heartland Rock, Roots Rock",1975
4559,Katy B,Katy on a Mission,Dubstep,2010
4560,Paolo Conte,Via con me,Jazz Pop,1981
4561,Professor Longhair and His Blues Scholars,Mardi Gras in New Orleans,"New Orleans Blues, New Orleans R&B",1950
4562,Caribou,Melody Day,"Indietronica, Neo-Psychedelia, Psychedelic Pop",2007
4563,Cat Stevens,Lady D'Arbanville,"Folk Pop, Folk Rock, Singer/Songwriter",1970
4564,Jessie Ware,Tough Love,Alternative R&B,2014
4565,The Sons of the Pioneers,Cool Water,Cowboy,1941
4566,Young Marble Giants,Final Day,"Indie Pop, Post-Punk",1980
4567,The Bob Seger System,Ramblin' Gamblin' Man,Rock,1968
4568,Del Shannon,Keep Searchin' (We'll Follow The Sun),Pop Rock,1964
4569,The Roches,Hammond Song,Folk Pop,1979
4570,The Who,I'm Free,Rock Opera,1969
4571,Kurt Vile,Jesus Fever,"Folk Rock, Singer/Songwriter",2011
4572,Tommy Johnson,Cool Drink of Water Blues,Delta Blues,1928
4573,Ike and Tina Turner,Proud Mary,Soul,1970
4574,Peter and Gordon,A World Without Love,Folk Pop,1964
4575,Kaytranada,Lite Spots,Funky House,2016
4576,Frank Sinatra,Someone to Watch Over Me,Vocal Jazz,1946
4577,Death in Vegas,Aisha,Big Beat,1999
4578,Janet Jackson,If,"Contemporary R&B, Dance-Pop",1993
4579,David Bowie,TVC 15,Art Rock,1976
4580,The Shins,Kissing the Lipless,Indie Pop,2003
4581,Scott Walker,The Old Man's Back Again (Dedicated to the Neo-Stalinist Regime),"Baroque Pop, Singer/Songwriter",1969
4582,The Capris,There's a Moon Out Tonight,Doo-Wop,1958
4583,The Ink Spots,The Gypsy,Vocal Group,1946
4584,Daryl Hall & John Oates,Rich Girl,"Blue Eyed Soul, Pop Rock",1976
4585,Neko Case,Man,"Indie Rock, Singer/Songwriter",2013
4586,Beach House,Silver Soul,"Dream Pop, Indie Pop",2010
4587,Simple Minds,Belfast Child,Pop Rock,1989
4588,Stray Cats,Stray Cat Strut,Rockabilly,1981
4589,The Notorious B.I.G.,Unbelievable,"Boom Bap, East Coast Hip Hop",1994
4590,Duke Ellington,Concerto for Cootie,Big Band,1940
4591,The Birthday Party,Release the Bats,"Gothic Rock, Noise Rock",1981
4592,Four Tops,7 Rooms of Gloom,Motown Sound,1967
4593,Elvis Presley,(You're the) Devil in Disguise,Rockabilly,1963
4594,The Folkes Brothers,Oh Carolina,Mento,1960
4595,David Sylvian & Ryuichi Sakamoto,Forbidden Colours,"Art Pop, Film Soundtrack",1983
4596,Orchestral Manoeuvres in the Dark,Enola Gay,"New Wave, Synthpop",1980
4597,The Clash,Clash City Rockers,Punk Rock,1978
4598,Prince,U Got the Look,"Contemporary R&B, Dance-Pop, Synth Funk",1987
4599,Led Zeppelin,What Is and What Should Never Be,"Blues Rock, Hard Rock",1969
4600,TLC,Unpretty,Pop,1999
4601,Harry Richman,Puttin' On the Ritz,"Big Band, Vocal Jazz",1930
4602,Muddy Waters,I Just Want to Make Love to You,Chicago Blues,1954
4603,Bob Dylan,"If You See Her, Say Hello","Contemporary Folk, Singer/Songwriter",1975
4604,Janis Joplin,Little Girl Blue,Soul,1969
4605,Pavement,Shady Lane,Indie Rock,1997
4606,Tracy Chapman,Talkin' Bout a Revolution,"Folk Pop, Singer/Songwriter",1988
4607,Madonna,Secret,"Contemporary R&B, Pop",1994
4608,M83,Don't Save Us from the Flames,"Indietronica, Shoegaze",2005
4609,David Gray,Babylon,"Folk Pop, Folktronica, Singer/Songwriter",1998
4610,The Kinks,Shangri-La,"Pop Rock, Psychedelic Pop",1969
4611,Benny Goodman,Don't Be That Way,"Big Band, Swing",1938
4612,Mtume,Juicy Fruit,"Contemporary R&B, Synth Funk",1983
4613,Jo Stafford,You Belong to Me,"Traditional Pop, Vocal Jazz",1952
4614,The Paris Sisters,I Love How You Love Me,"Brill Building, Girl Group",1961
4615,Cannibal & The Headhunters,Land of 1000 Dances,"Garage Rock, Soul",1965
4616,Bersuit Vergarabat,Sr. Cobranza,"Funk Metal, Rap Rock",1998
4617,Tom Petty and The Heartbreakers,Don't Do Me Like That,"Heartland Rock, Pop Rock, Roots Rock",1979
4618,Van Morrison,Caravan,"Folk Rock, Singer/Songwriter",1970
4619,Elvis vs JXL,A Little Less Conversation,"Big Beat, Pop Rock",2002
4620,The Kinks,See My Friend,Psychedelic Rock,1965
4621,Buzzcocks,Breakdown,Punk Rock,1977
4622,Bill Callahan,Riding for the Feeling,"Americana, Contemporary Folk, Singer/Songwriter",2011
4623,Boyz II Men,End of the Road,"Contemporary R&B, Pop Soul, Smooth Soul",1992
4624,Alice in Chains,No Excuses,"Acoustic Rock, Alternative Rock",1994
4625,Frankie Valli,Can't Take My Eyes Off You,"Blue Eyed Soul, Pop Soul",1967
4626,Georges Brassens,La Mauvaise réputation,Chanson ï¿½ texte,1952
4627,Elton John,The Bitch Is Back,Piano Rock,1974
4628,Ricky Nelson,Lonesome Town,Country Pop,1958
4629,The Youngbloods,Get Together,Latin American Music,1967
4630,Marvin Gaye & Tammi Terrell,Ain't Nothing Like the Real Thing,Motown Sound,1968
4631,Perfume Genius,Hood,"Chamber Pop, Singer/Songwriter",2012
4632,Spoon,You Got Yr Cherry Bomb,"Indie Pop, Indie Rock",2007
4633,The Shangri-Las,Out in the Streets,"Brill Building, Girl Group",1965
4634,Ray Charles with The Raylettes,(Night Time) Is the Right Time,Rhythm & Blues,1959
4635,Wilco,Handshake Drugs,Alternative Rock,2004
4636,The White Stripes,Blue Orchid,"Alternative Rock, Garage Rock Revival",2005
4637,Robert Johnson,Come On in My Kitchen,Delta Blues,1936
4638,The War on Drugs,An Ocean in Between the Waves,"Heartland Rock, Indie Rock",2014
4639,Judy Collins,Amazing Grace,"Folk Pop, Hymns",1970
4640,OutKast,"So Fresh, So Clean",Southern Hip Hop,2000
4641,Sleaford Mods,Tied Up in Nottz,Post-Punk,2014
4642,Janelle Monáe feat. Erykah Badu,Q.U.E.E.N.,Contemporary R&B,2013
4643,Whitney Houston,Saving All My Love for You,"Adult Contemporary, Pop Soul, Smooth Soul",1985
4644,Georges Brassens,Le gorille,Chanson ï¿½ texte,1952
4645,You Am I,Berlin Chair,Indie Rock,1993
4646,Donna Summer,Last Dance,Disco,1978
4647,The Kinks,I'm Not Like Everybody Else,"Garage Rock, Mod",1966
4648,Sufjan Stevens,Casimir Pulaski Day,"Chamber Folk, Folk Pop, Indie Folk, Singer/Songwriter",2005
4649,Ought,Habit,"Art Punk, Post-Punk",2014
4650,Corey Hart,Sunglasses at Night,"New Wave, Pop Rock, Synthpop",1983
4651,XTC,This Is Pop?,"New Wave, Power Pop",1978
4652,The Beatles,Because,Baroque Pop,1969
4653,Wilco,Via Chicago,"Indie Rock, Pop Rock",1999
4654,Bob Dylan,Jokerman,"Pop Rock, Singer/Songwriter",1983
4655,The Sundays,Can't Be Sure,"Dream Pop, Indie Pop, Jangle Pop",1989
4656,Musical Youth,Pass the Dutchie,Pop Reggae,1982
4657,Jimmy Buffett,Margaritaville,"Soft Rock, Yacht Rock",1977
4658,Double Dee & Steinski,"The Payoff Mix (Mastermix Of G.L.O.B.E. And Whizkid's ""Play That Beat, Mr. D.J."")","Plunderphonics, Turntablism",1984
4659,Wham!,Wake Me Up Before You Go-Go,Pop,1984
4660,Ian Hunter,"Once Bitten, Twice Shy",Glam Rock,1975
4661,Los Del Rï¿½o,Macarena (Bayside Boys Mix),"Dance-Pop, Flamenco Pop",1995
4662,Etta James,Tell Mama,"Soul Blues, Southern Soul",1967
4663,King Sunny Adé,365 Is My Number/The Message,Jï¿½jï¿½,1982
4664,Rodriguez,Sugar Man,"Folk Rock, Psychedelic Folk, Singer/Songwriter",1970
4665,Bonnie Raitt,Something to Talk About,"Adult Contemporary, Country Pop, Pop Rock",1991
4666,Charles Brown,Black Night,"Electric Blues, Piano Blues",1951
4667,Ride,Leave Them All Behind,"Noise Pop, Shoegaze",1992
4668,The Shondells,Hanky Panky,Pop Rock,1964
4669,The Jayhawks,Blue,"Alt-Country, Country Rock, Folk Rock",1995
4670,U2,"Hold Me, Thrill Me, Kiss Me, Kill Me",Alternative Rock,1995
4671,Depeche Mode,Policy of Truth,Synthpop,1990
4672,Eminem feat. Dr. Dre,Guilty Conscience,Hardcore Hip Hop,1999
4673,Queen,You're My Best Friend,Pop Rock,1975
4674,Sam & Dave,I Thank You,Southern Soul,1968
4675,Sidney Bechet,Maple Leaf Rag,Dixieland,1932
4676,Mick Jagger,Memo from Turner,"Blues Rock, Film Soundtrack",1970
4677,Flamin' Groovies,Slow Death,"Garage Rock, Proto-Punk",1972
4678,Tove Lo,Habits (Stay High),"Chillstep, Downtempo, Electropop",2014
4679,Carpenters,Yesterday Once More,Pop,1973
4680,Janet Jackson,The Pleasure Principle,"Contemporary R&B, Freestyle, Synth Funk",1986
4681,Muse,Time Is Running Out,Alternative Rock,2003
4682,Shaggy,Boombastic,Dancehall,1995
4683,Spandau Ballet,To Cut a Long Story Short,"New Romantic, Synthpop",1980
4684,Mercury Rev,Holes,"Chamber Pop, Dream Pop, Neo-Psychedelia, Shoegaze",1998
4685,The Bad Plus,Smells Like Teen Spirit,Avant-Garde Jazz,2003
4686,Roy Orbison,Blue Bayou,Pop Rock,1963
4687,Marvin Gaye & Tammi Terrell,You're All I Need to Get By,Motown Sound,1968
4688,John & Yoko & The Plastic Ono Band with the Harlem Community Choir,Happy Xmas (War Is Over),"Christmas Music, Pop Rock",1971
4689,Hello Seahorse!,Bestia,"Dream Pop, Indie Pop",2009
4690,Dave Brubeck Quartet,Blue Rondo ï¿½ la Turk,Cool Jazz,1959
4691,Guns N' Roses,Patience,Acoustic Rock,1988
4692,Paul Simon,Me and Julio Down by the School Yard,"Folk Pop, Pop Rock, Singer/Songwriter",1972
4693,Simon and Garfunkel,A Hazy Shade of Winter,"Folk Pop, Folk Rock",1966
4694,The Velvet Underground,Foggy Notion,Art Rock,1985
4695,Stories,Brother Louie,Pop Rock,1973
4696,10cc,Dreadlock Holiday,Pop Reggae,1978
4697,Traffic,John Barleycornï¿½,Psychedelic Rock,1970
4698,Barbara,Ma plus belle histoire d'amour,Chanson ï¿½ texte,1966
4699,Metronomy,Heartbreaker,"Alternative Dance, Electropop, Indie Pop, Synthpop",2008
4700,Super Furry Animals,Juxtaposed with You,"Indie Pop, Indietronica, Neo-Psychedelia",2001
4701,U2,All I Want Is You,Pop Rock,1988
4702,The Boswell Sisters,Alexander's Ragtime Band,Traditional Pop,1934
4703,Bob Dylan,Most of the Time,"Pop Rock, Singer/Songwriter",1989
4704,Franz Ferdinand,Ulysses,Post-Punk Revival,2008
4705,George Baker Selection,Little Green Bag,"Nederbeat, Palingsound",1969
4706,Crowded House,Into Temptation,Baroque Pop,1988
4707,Kate Bush,Wow,"Art Pop, Baroque Pop, Progressive Pop",1978
4708,George Benson,Give Me the Night,"Disco, Funk",1980
4709,Manfred Mann,Pretty Flamingo,Beat Music,1966
4710,Tame Impala,Cause I'm a Man,"Chillwave, Psychedelic Pop",2015
4711,De La Soul,Ring Ring Ring (Ha Ha Hey),"East Coast Hip Hop, Jazz Rap, Pop Rap",1991
4712,Lykke Li,No Rest for the Wicked,"Art Pop, Indie Pop",2014
4713,Jackie Wilson,Baby Workout,"Rhythm & Blues, Soul",1963
4714,Yardbirds,Happenings Ten Years Time Ago,"Freakbeat, Psychedelic Rock",1966
4715,Louis Prima,Just a Gigolo/I Ain't Got Nobody,"Big Band, Swing, Traditional Pop",1956
4716,Paul Simon,Still Crazy After All These Years,"Pop, Singer/Songwriter",1975
4717,Etta James,I Just Want to Make Love to You,"Rhythm & Blues, Soul",1960
4718,Destiny's Child,"Bills, Bills, Bills","Contemporary R&B, Pop",1999
4719,The Human Beinz,Nobody But Me,"Garage Rock, Rhythm & Blues",1967
4720,Nada Surf,Popular,"Alternative Rock, Power Pop",1996
4721,De La Soul,Buddy,East Coast Hip Hop,1989
4722,Paul and Linda McCartney,Another Day,Pop Rock,1971
4723,Sinéad O'Connor,Troy,Art Pop,1987
4724,OMC,How Bizarre,Dance-Pop,1995
4725,Rick Ross,Hustlin',"Southern Hip Hop, Trap",2006
4726,The Rolling Stones,Sway,Blues Rock,1971
4727,Richard Ashcroft,A Song for the Lovers,"Alternative Rock, Pop Rock",2000
4728,Cassie,Me & U,Contemporary R&B,2006
4729,Red Hot Chili Peppers,Soul to Squeeze,"Acoustic Rock, Alternative Rock",1991
4730,Judee Sill,Jesus Was a Cross Maker,"Chamber Folk, Singer/Songwriter",1971
4731,Silver Jews,Random Rules,Indie Rock,1998
4732,The Doobie Brothers,Listen to the Music,Yacht Rock,1972
4733,Heatwave,Boogie Nights,"Disco, Funk",1976
4734,Steely Dan,Hey Nineteen,Yacht Rock,1980
4735,Father John Misty,Hollywood Forever Cemetery Sings,Indie Rock,2012
4736,The Beatles,I'm Down,"British Rhythm & Blues, Rock & Roll",1965
4737,Midnight Oil,Blue Sky Mine,Alternative Rock,1990
4738,Megan Thee Stallion feat. DaBaby,Cash Shit,"Southern Hip Hop, Trap",2019
4739,Anthony Red Rose,Tempo,Digital Dancehall,1985
4740,Nora Bayes,Over There,Vaudeville,1917
4741,The Undertones,My Perfect Cousin,"New Wave, Pop Punk, Power Pop",1980
4742,Iron Maiden,Phantom of the Opera,NWOBHM,1980
4743,Buffy Sainte-Marie,The Universal Soldier,"Contemporary Folk, Singer/Songwriter",1964
4744,LFO,LFO,Bleep Techno,1990
4745,MJ Cole feat. Caspar Nova & Jay Dee,Sincere,2-Step,1998
4746,Madness,My Girl,2 Tone,1979
4747,Pretenders,Precious,"New Wave, Post-Punk, Punk Rock",1980
4748,Creedence Clearwater Revival,Down on the Corner,Swamp Rock,1969
4749,Caribou,Sun,Microhouse,2010
4750,Japanese Breakfast,Road Head,"Dream Pop, Indie Pop",2017
4751,Paul Revere & The Raiders,Kicks,"Garage Rock, Pop Rock",1966
4752,Pere Ubu,30 Seconds over Tokyo,"Art Rock, Post-Punk",1975
4753,Belle and Sebastian,I'm a Cuckoo,"Jangle Pop, Twee Pop",2003
4754,Tom Tom Club,Wordy Rappinghood,"Disco Rap, New Wave",1981
4755,Cannonball Adderley,Autumn Leaves,Hard Bop,1958
4756,Wolf Parade,I'll Believe in Anything,Indie Rock,2005
4757,Pete Wingfield,Eighteen with a Bullet,Blue Eyed Soul,1975
4758,Tom Petty and The Heartbreakers,Don't Come Around Here No More,"Neo-Psychedelia, Pop Rock",1985
4759,Bryan Adams,(Everything I Do) I Do It for You,"Adult Contemporary, Soft Rock",1991
4760,The Thrills,Big Sur,"Indie Pop, Soft Rock",2003
4761,Pharrell feat. Jay-Z,Frontin',Contemporary R&B,2003
4762,Irma Thomas,Time Is on My Side,Southern Soul,1964
4763,The Guess Who,These Eyes,Pop Rock,1968
4764,The Slits,I Heard It Through the Grapevine,"Art Punk, Post-Punk",1979
4765,Crowded House,Better Be Home Soon,Soft Rock,1988
4766,Brenda Holloway,Every Little Bit Hurts,Deep Soul,1964
4767,Gregory Abbott,Shake You Down,"Pop Soul, Smooth Soul",1986
4768,Yes,Close to the Edge,Symphonic Prog,1972
4769,Eve feat. Gwen Stefani,Let Me Blow Ya Mind,"East Coast Hip Hop, Pop Rap",2001
4770,The Kinks,The Village Green Preservation Society,Pop Rock,1968
4771,Carole King,(You Make Me Feel Like) A Natural Woman,"Pop Soul, Singer/Songwriter",1971
4772,Cocteau Twins,Lorelei,"Dream Pop, Ethereal Wave",1984
4773,Broken Social Scene,Cause = Time,Indie Rock,2002
4774,Marvin Gaye,Too Busy Thinking About My Baby,Motown Sound,1969
4775,Marian Anderson,He's Got the Whole World in His Hands,Spirituals,1932
4776,Belle and Sebastian,The Stars of Track and Field,"Indie Folk, Twee Pop",1996
4777,Barry White,"Never, Never Gonna Give Ya Up",Smooth Soul,1973
4778,Oasis,Roll with It,Britpop,1995
4779,Todd Rundgren,Can We Still Be Friends,"Piano Rock, Soft Rock",1978
4780,Liars,Plaster Casts of Everything,Post-Punk,2007
4781,Foo Fighters,Times Like These,Alternative Rock,2002
4782,The Ramsey Lewis Trio,"The ""In"" Crowd",Soul Jazz,1965
4783,*NSYNC,Bye Bye Bye,Boy Band,2000
4784,Ludacris,Rollout (My Business),Southern Hip Hop,2001
4785,Arctic Monkeys,R U Mine?,"Hard Rock, Indie Rock",2012
4786,Depeche Mode,It's No Good,"Alternative Dance, Synthpop",1997
4787,The Dream Academy,Life in a Northern Town,"Art Pop, Sophisti-Pop",1985
4788,Bing Crosby & The Andrews Sisters,Don't Fence Me In,Traditional Pop,1944
4789,Carl Perkins,Matchbox,Rockabilly,1957
4790,Camila Cabello feat. Young Thug,Havana,Contemporary R&B,2017
4791,Isaac Hayes,By the Time I Get to Phoenix,"Psychedelic Soul, Smooth Soul",1969
4792,Clipse feat. Slim Thug,Wamp Wamp (What It Do),"Gangsta Rap, Southern Hip Hop",2006
4793,Everlast,What It's Like,Pop Rock,1998
4794,The Beatles,From Me to You,Merseybeat,1963
4795,McLusky,To Hell with Good Intentions,"Noise Rock, Post-Hardcore",2002
4796,Bon Iver,Flume,"Indie Folk, Singer/Songwriter",2007
4797,The Chemical Brothers,Got to Keep On,Nu-Disco,2019
4798,Jay-Z feat. The Notorious B.I.G.,Brooklyn's Finest,"East Coast Hip Hop, Gangsta Rap",1996
4799,Bob Seger & The Silver Bullet Band,Old Time Rock and Roll,"Heartland Rock, Pop Rock",1978
4800,CHVRCHES,Leave a Trace,"Electropop, Synthpop",2015
4801,Snow Patrol,Run,"Alternative Rock, Pop Rock",2003
4802,Simple Minds,Promised You a Miracle,"New Romantic, Synthpop",1982
4803,Rosanne Cash,Seven Year Ache,"Country Pop, Singer/Songwriter",1981
4804,The Ting Tings,Great DJ,"Alternative Dance, Indie Pop",2008
4805,Death Grips,Hacker,"Electro House, Glitch Hop, Hardcore Hip Hop, Industrial Hip Hop",2012
4806,Antony and The Johnsons,Cripple And The Starfish,"Chamber Pop, Singer/Songwriter",2000
4807,Led Zeppelin,Trampled Under Foot,"Funk Rock, Hard Rock",1975
4808,Rï¿½yksopp feat. Karin Dreijer,What Else Is There?,"Art Pop, Downtempo",2005
4809,Ray Charles,You Don't Know Me,Soul,1962
4810,Blondie,Sunday Girl,"New Wave, Pop Rock",1978
4811,Lene Lovich,Lucky Number,"Art Pop, New Wave",1978
4812,BabyBird,You're Gorgeous,"Britpop, Indie Pop",1996
4813,Alain Bashung,Madame Rêve,"Baroque Pop, Chanson, French Pop",1991
4814,Green Day,Brain Stew / Jaded,"Alternative Rock, Pop Punk",1995
4815,Kings of Convenience,Toxic Girl,"Indie Folk, Indie Pop",1999
4816,Beach House,Space Songï¿½,Dream Pop,2015
4817,Jackson Browne,The Pretender,"Singer/Songwriter, Soft Rock",1976
4818,The Beatles,Everybody's Got Something to Hide Except Me and My Monkey,Hard Rock,1968
4819,Irma Thomas,Wish Someone Would Care,Deep Soul,1964
4820,Gerry and The Pacemakers,You'll Never Walk Alone,Merseybeat,1963
4821,Phillip Bailey with Phil Collins,Easy Lover,Pop Rock,1984
4822,Marilyn Manson,The Dope Show,"Alternative Rock, Industrial Rock",1998
4823,Led Zeppelin,Gallows Pole,Folk Rock,1970
4824,Jawbox,Savory,"Alternative Rock, Post-Hardcore",1994
4825,Jack White,Sixteen Saltines,"Blues Rock, Garage Rock",2012
4826,David Bowie,Wild Is the Wind,"Art Rock, Blue Eyed Soul",1976
4827,Miles Davis,Miles Runs the Voodoo Down,"Avant-Garde Jazz, Jazz Fusion",1970
4828,The Band,Tears of Rage,Roots Rock,1968
4829,Roy Orbison,You Got It,Pop Rock,1989
4830,Ian Dury and The Blockheads,"Reasons to Be Cheerful, Part 3","Disco Rap, Funk, New Wave, UK Hip Hop",1979
4831,"Bertha ""Chippie"" Hill",Trouble in Mind,Vaudeville Blues,1926
4832,Roy Davis Jr.,Gabriel,"Garage House, UK Garage",1997
4833,Mississippi John Hurt,Frankie,Piedmont Blues,1928
4834,Bangles,Eternal Flame,Adult Contemporary,1988
4835,Barbara,Gï¿½ttingen,Chanson ï¿½ texte,1965
4836,Dream Warriors,My Definition of a Boombastic Jazz Style,"Boom Bap, Jazz Rap",1990
4837,Liz Phair,Divorce Song,Lo-Fi / Slacker Rock,1993
4838,Juliana Hatfield Three,My Sister,"Alternative Rock, Power Pop",1993
4839,Subway Sect,Ambition,Punk Rock,1978
4840,Regina Spektor,Fidelity,"Chamber Pop, Singer/Songwriter",2006
4841,Lana Del Rey,High by the Beach,Art Pop,2015
4842,Technotronic,Pump Up the Jam,"Euro House, Eurodance, Hip House",1989
4843,Triï¿½ngulo de Amor Bizarro,De la monarquía a la criptocracia,"Indie Rock, Noise Pop, Shoegaze",2010
4844,The J. Geils Band,Must of Got Lost,"Blues Rock, Pop Rock",1974
4845,The Seekers,The Carnival Is Over,Folk Pop,1965
4846,Focus,Hocus Pocus,"Hard Rock, Progressive Rock",1971
4847,Mission of Burma,Academy Fight Song,Post-Punk,1980
4848,Echo and the Bunnymen,Bring On the Dancing Horses,"Alternative Rock, Neo-Psychedelia",1985
4849,LCD Soundsystem,Home,"Alternative Dance, Dance-Punk, Indietronica",2010
4850,Johnny Cash,Cocaine Blues,"Outlaw Country, Rockabilly",1968
4851,Faith No More,Midlife Crisis,"Alternative Metal, Alternative Rock",1992
4852,The Cramps,Goo Goo Muck,Psychobilly,1981
4853,St. Vincent,Prince Johnny,Art Pop,2014
4854,Michael Jackson,The Way You Make Me Feel,"Contemporary R&B, Dance-Pop",1987
4855,Sade,Your Love Is King,"Jazz Pop, Smooth Jazz, Sophisti-Pop",1984
4856,dEUS,Suds & Soda,"Alternative Rock, Art Rock",1994
4857,Art Blakey & The Jazz Messengers,Moanin',Hard Bop,1959
4858,Interpol,All The Rage Back Home,Post-Punk Revival,2014
4859,Brenda Lee,Sweet Nothin's,"Country Pop, Rock & Roll",1959
4860,Billie Holiday,"Lover Man (Oh, Where Can You Be?)",Vocal Jazz,1945
4861,Father John Misty,The Night Josh Tillman Came to Our Apartment,"Indie Folk, Singer/Songwriter",2015
4862,Coldplay,Trouble,Piano Rock,2000
4863,R.E.M.,At My Most Beautiful,Chamber Pop,1998
4864,Ace of Base,The Sign,"Dance-Pop, Europop",1993
4865,Bush,Glycerine,Post-Grunge,1994
4866,Air France,Collapsing at Your Doorstep,Balearic Beat,2008
4867,Supertramp,Goodbye Stranger,"Pop Rock, Progressive Pop",1979
4868,The Velvet Underground,I Heard Her Call My Name,"Art Rock, Experimental Rock, Noise Rock, Proto-Punk",1968
4869,Loverboy,Working for the Weekend,"AOR, Pop Rock",1981
4870,Virus,Imágenes paganas,"New Romantic, Synthpop",1986
4871,A Tribe Called Quest feat. Trugoy,Award Tour,"East Coast Hip Hop, Jazz Rap",1993
4872,Charlie Poole & the North Carolina Ramblers,Don't Let Your Deal Go Down,Old-Time,1925
4873,Salt-n-Pepa,Let's Talk About Sex,Pop Rap,1990
4874,The Stranglers,No More Heroes,"New Wave, Punk Rock",1977
4875,Aerosmith,Livin' on the Edge,Hard Rock,1993
4876,Rihanna,Love on the Brain,"Contemporary R&B, Pop Soul",2016
4877,Underworld,Two Months Off,Progressive House,2002
4878,Paperclip People,Throw,"Detroit Techno, Tech House",1994
4879,Babasï¿½nicos,Putita,"Alternative Rock, Chamber Pop",2003
4880,Faces,Debris,Blues Rock,1971
4881,Bruce Cockburn,Lovers in a Dangerous Time,"Pop Rock, Singer/Songwriter",1984
4882,Kylie Minogue,Confide in Me,"Art Pop, Trip Hop",1994
4883,Fred Astaire,The Way You Look Tonight,Standards,1936
4884,Quincy Jones,Soul Bossa Nova,"Big Band, Bossa Nova",1962
4885,Animal Collective,Grass,"Neo-Psychedelia, Psychedelic Pop",2005
4886,Tom Waits,16 Shells from a Thirty-Ought-Six,"Blues Rock, Singer/Songwriter",1983
4887,Radiohead,Weird Fishes / Arpeggi,"Alternative Rock, Art Rock",2007
4888,Johnny Moore's Three Blazers,"Merry Christmas, Baby","Christmas Music, Piano Blues",1947
4889,The Tymes,So Much in Love,Doo-Wop,1963
4890,The Pains of Being Pure at Heart,Higher Than the Stars,"Dream Pop, Twee Pop",2009
4891,Mocedades,Eres Tú,Canciï¿½n melï¿½dica,1973
4892,Burning Spear,Slavery Days,Roots Reggae,1975
4893,XTC,The Mayor of Simpleton,"Jangle Pop, Power Pop",1989
4894,Lou Reed,Sweet Jane (Live),"Art Rock, Glam Rock",1974
4895,Van Halen,Hot For Teacher,Glam Metal,1984
4896,Belly,Feed the Tree,Alternative Rock,1993
4897,The Smiths,I Know It's Over,"Indie Pop, Jangle Pop",1986
4898,Ramones,Bonzo Goes to Bitburg,Punk Rock,1985
4899,Bruce Springsteen,The Promise,"Heartland Rock, Singer/Songwriter",1999
4900,John Lennon,Watching the Wheels,"Pop Rock, Singer/Songwriter",1980
4901,Beach House,Lemon Glow,"Dream Pop, Neo-Psychedelia",2018
4902,James Brown,Living in America,"Film Soundtrack, Synth Funk",1985
4903,Orange Juice,Falling and Laughing,"Indie Pop, Jangle Pop, Post-Punk",1980
4904,Blur,End of a Century,Britpop,1994
4905,Bob Lind,Elusive Butterfly,Baroque Pop,1965
4906,Huggy Bear,Her Jazz,Riot Grrrl,1993
4907,The Temptations,Since I Lost My Baby,Motown Sound,1965
4908,The Beach Boys,Do It Again,"Pop Rock, Sunshine Pop",1968
4909,Nick Cave & The Bad Seeds,"There She Goes, My Beautiful World",Alternative Rock,2004
4910,Radiohead,Nude,"Art Pop, Dream Pop",2007
4911,The Beach Boys,Don't Talk (Put Your Head on My Shoulder),"Baroque Pop, Sunshine Pop",1966
4912,Alice Cooper,Halo of Flies,"Garage Rock, Glam Rock, Hard Rock",1971
4913,Donovan,Wear Your Love Like Heaven,Psychedelic Pop,1967
4914,ABBA,The Day Before You Came,"Europop, Synthpop",1982
4915,Green Day,Wake Me Up When September Ends,"Alternative Rock, Pop Rock",2004
4916,R. Kelly,Trapped in the Closet (Chapter 1 of 5),Contemporary R&B,2005
4917,Commodores,Brick House,Funk,1977
4918,The Association,Windy,Sunshine Pop,1967
4919,Matching Mole,O Caroline,Canterbury Scene,1972
4920,Ohio Players,Fire,Funk,1974
4921,Suicidal Tendencies,Institutionalized,Crossover Thrash,1983
4922,Badly Drawn Boy,The Shining,"Indie Pop, Singer/Songwriter",2000
4923,Skream,Midnight Request Line,Dubstep,2005
4924,Avril Lavigne,Complicated,"Alternative Rock, Pop Rock",2002
4925,Rosalï¿½a,Aute cuture,"Contemporary R&B, Flamenco Pop",2019
4926,Amy Winehouse,You Know I'm No Good,"Jazz Pop, Neo-Soul",2006
4927,Fats Domino,I'm in Love Again,New Orleans R&B,1956
4928,The Source feat. Candi Staton,You Got the Love,"Breakbeat, House, Pop Soul",1991
4929,Cold Chisel,Khe Sanh,Pub Rock,1978
4930,The Plimsouls,A Million Miles Away,Power Pop,1981
4931,Bo Diddley,Hey! Bo Diddley,"Electric Blues, Rhythm & Blues, Rock & Roll",1957
4932,Jr. Walker & The All Stars,(I'm a) Road Runner,"Rhythm & Blues, Soul",1966
4933,Jeanne Moreau,Le Tourbillon,Chanson,1962
4934,Bobby Bland,I Pity the Fool,"Rhythm & Blues, Soul Blues",1961
4935,Paul Simon,Late in the Evening,"Film Soundtrack, Folk Pop, Pop Rock",1980
4936,Sandie Shaw,(There's) Always Something There to Remind Me,Pop,1964
4937,The Weeknd,The Morning,Alternative R&B,2011
4938,Nico,Chelsea Girls,Chamber Folk,1967
4939,Titus Andronicus,Dimed Outï¿½,Punk Rock,2015
4940,Stereophonics,Dakota,"Alternative Rock, Pop Rock",2005
4941,Ray Charles,Drown in My Own Tears,Rhythm & Blues,1956
4942,The Crickets,Maybe Baby,Rock & Roll,1957
4943,John Cale,Fear Is a Man's Best Friend,Piano Rock,1974
4944,Steve Harley & Cockney Rebel,Sebastian,"Art Pop, Baroque Pop, Glam Rock, Progressive Pop",1973
4945,Morrissey,"The More You Ignore Me, The Closer I Get","Indie Pop, Pop Rock",1994
4946,Stick McGhee,Drinking Wine Spo-Dee O-Dee,"Rhythm & Blues, Rock & Roll",1950
4947,The Nerves,Hanging on the Telephone,Power Pop,1976
4948,The Smiths,The Headmaster Ritual,"Indie Pop, Jangle Pop",1985
4949,U2,Bullet the Blue Sky,"Alternative Rock, Pop Rock",1987
4950,Destiny's Child,Survivor,"Contemporary R&B, Pop",2001
4951,Fred Neil,The Dolphins,"Folk Rock, Singer/Songwriter",1966
4952,The Flying Burrito Bros,Christine's Tune (Devil in Disguise),Country Rock,1969
4953,The Beach Boys,Barbara Ann,"Doo-Wop, Vocal Surf",1965
4954,Daft Punk feat. Giorgio Moroder,Giorgio by Moroder,Electro-Disco,2013
4955,David Bowie,China Girl,"New Wave, Pop Rock, Synthpop",1983
4956,Jay-Z,Takeover,"East Coast Hip Hop, Hardcore Hip Hop",2001
4957,Joni Mitchell,Amelia,"Folk Rock, Singer/Songwriter",1976
4958,Alicia Keys,No One,"Contemporary R&B, Neo-Soul",2007
4959,Depeche Mode,Strangelove,Synthpop,1987
4960,Usher,You Make Me Wanna…,Contemporary R&B,1997
4961,Diana Ross and The Supremes,Someday We'll Be Together,"Girl Group, Pop Soul",1969
4962,Chuck Jackson,Any Day Now (My Wild Beautiful Bird),Soul,1962
4963,Sigur Rï¿½s,Starï¿½lfur,Chamber Pop,1999
4964,LCD Soundsystem,Tribulations,"Alternative Dance, Electro-Disco",2005
4965,Kanye West feat. Lupe Fiasco,Touch the Sky,Pop Rap,2005
4966,Michael Andrews feat. Gary Jules,Mad World,"Art Pop, Chamber Pop, Film Soundtrack",2002
4967,Peter Frampton,Do You Feel Like We Do,Rock,1976
4968,The Beatles,Lady Madonna,"Piano Rock, Rock & Roll",1968
4969,Womack and Womack,Teardrops,Pop Soul,1988
4970,Mystikal,Shake Ya Ass,"Pop Rap, Southern Hip Hop",2000
4971,Paul Simon,The Obvious Child,"Batucada, Folk Pop",1990
4972,Otis Redding,Hard to Handle,Southern Soul,1968
4973,Omni Trio,Renegade Snares,Jungle,1993
4974,A Flock of Seagulls,I Ran (So Far Away),"New Wave, Synthpop",1982
4975,Keith West,"Excerpt from ""A Teenage Opera""",Psychedelic Pop,1967
4976,Bola De Nieve,Vete de mi,Bolero,1958
4977,Nick Cave & The Bad Seeds,The Weeping Song,"Gothic Rock, Punk Blues, Singer/Songwriter",1990
4978,The Kinks,Victoria,Pop Rock,1969
4979,Frank Ocean,Swim Good,"Alternative R&B, Neo-Soul",2011
4980,Lisa Stansfield,All Around the World,"Blue Eyed Soul, Pop Soul",1989
4981,Lead Belly,Rock Island Line (Railroad Song),"American Folk Music, Contemporary Folk",1942
4982,The Cure,Let's Go to Bed,"New Wave, Synthpop",1982
4983,Kraftwerk,Die Mensch-Maschine / The Man Machine,Minimal Synth,1978
4984,Bruce Springsteen,Tunnel of Love,Pop Rock,1987
4985,Ella Fitzgerald,Let's Do It (Let's Fall in Love),"Standards, Vocal Jazz",1956
4986,Rachel Stevens,Some Girls,"Electropop, Synthpop",2004
4987,Lee Dorsey,"Get Out of My Life, Woman","New Orleans R&B, Rhythm & Blues",1965
4988,Tiffany,I Think We're Alone Now,Teen Pop,1987
4989,Madonna,Deeper and Deeper,Dance-Pop,1992
4990,The Coasters,Charlie Brown,"Doo-Wop, Rhythm & Blues, Rock & Roll",1959
4991,Led Zeppelin,Misty Mountain Hop,Hard Rock,1971
4992,James Blake feat. Bon Iver,I Need a Forest Fire,"Ambient Pop, Art Pop",2016
4993,Martin Denny,Quiet Village,Exotica,1957
4994,The Proclaimers,I'm Gonna Be (500 Miles),"Folk Pop, Pop Rock",1988
4995,Urge Overkill,Sister Havana,Alternative Rock,1993
4996,Rubén Blades,Desapariciones,"Reggae, Singer/Songwriter",1984
4997,Queens of the Stone Age,Little Sister,"Alternative Rock, Hard Rock",2005
4998,Sarah McLachlan,Possession,"Pop Rock, Singer/Songwriter",1993
4999,Willie Colï¿½n & Ruben Blades,Pedro Navaja,Salsa Dura,1978
5000,Bright Eyes,Lua,"Folk Pop, Indie Folk, Singer/Songwriter",2004
5001,The Rolling Stones,Emotional Rescue,"Funk Rock, Pop Rock",1980
5002,Erasure,A Little Respect,Synthpop,1988
5003,"Jim Europe's 369th Infantry ""Hellfighters"" Band",Memphis Blues,Ragtime,1919
5004,Belle and Sebastian,"Step into My Office, Baby",Twee Pop,2003
5005,Death Cab for Cutie,Soul Meets Body,"Indie Pop, Indie Rock",2005
5006,Janet Jackson,Control,"Contemporary R&B, Dance-Pop, Synth Funk",1986
5007,Dinosaur Jr.,The Wagon,"Indie Rock, Noise Rock",1990
5008,Tom Jones,Delilah,"Easy Listening, Soft Rock",1968
5009,Helen Kane,I Wanna Be Loved By You,Standards,1928
5010,Travis,Writing to Reach You,Britpop,1999
5011,Grateful Dead,St. Stephen,Psychedelic Rock,1969
5012,Wire,Three Girl Rhumba,Art Punk,1977
5013,The Fall,Lost in Music,Indie Rock,1993
5014,James Brown,Lost Someone,Soul,1961
5015,P. P. Arnold,The First Cut Is the Deepest,"Baroque Pop, Pop Soul",1967
5016,New Order,Love Vigilantes,New Wave,1985
5017,Ghostface Killah,Daytona 500,"Boom Bap, East Coast Hip Hop",1996
5018,The Spaniels,"Goodnite Sweetheart, Goodnite",Doo-Wop,1954
5019,Steve Winwood,While You See a Chance,"Pop Rock, Singer/Songwriter",1980
5020,Al Green,Let's Get Married,"Smooth Soul, Southern Soul",1973
5021,Ohio Players,Love Rollercoaster,Funk,1975
5022,JVC Force,Strong Island,East Coast Hip Hop,1987
5023,Glen Campbell,Gentle On My Mind,Country Pop,1967
5024,Hurray for the Riff Raff,Pa'lante,Nueva canciï¿½n latinoamericana,2017
5025,Cat Stevens,Matthew & Son,"Baroque Pop, Folk Pop",1966
5026,Acen,Trip II the Moon,Breakbeat Hardcore,1992
5027,Judy Collins,Send in the Clowns,Adult Contemporary,1975
5028,The Lightning Seeds,Pure,"Indie Pop, Synthpop",1989
5029,PJ Harvey,50 Ft. Queenie,"Alternative Rock, Noise Rock",1993
5030,The Byrds,My Back Pages,Folk Rock,1967
5031,Flume feat. Kai,Never Be Like You,"Alternative R&B, Future Bass, Glitch Pop",2016
5032,AlunaGeorge,"Your Drums, Your Love",Alternative R&B,2012
5033,John Lee Hooker,I'm in the Mood,Electric Blues,1951
5034,Eric Carmen,All by Myself,Pop Rock,1975
5035,Django Django,Default,"Indie Pop, Neo-Psychedelia",2011
5036,Leon Russell,A Song for You,Singer/Songwriter,1970
5037,Charly García,Los Dinosaurios,"Art Pop, Piano Rock",1983
5038,Sepultura,Roots Bloody Roots,"Groove Metal, Nu Metal",1996
5039,Nine Inch Nails,The Perfect Drug,"Electronic, Industrial Rock",1997
5040,Led Zeppelin,Fool in the Rain,"Pop Rock, Samba-Rock",1979
5041,Georgia,About Work the Dancefloor,"Dance-Pop, Electropop, Synthpop",2019
5042,The Toys,A Lover's Concerto,"Girl Group, Pop Soul",1965
5043,OutKast,Elevators (Me & You),Southern Hip Hop,1996
5044,Smash Mouth,All Star,Power Pop,1999
5045,Black Box,Everybody Everybody,Italo House,1990
5046,Willie Nelson,On the Road Again,Country,1980
5047,Sleater-Kinney,Bury Our Friends,Indie Rock,2014
5048,Francesco De Gregori,Rimmel,Canzone d'autore,1975
5049,Death from Above 1979,Romantic Rights,Dance-Punk,2004
5050,Jay-Z,The Story of O.J.,"Conscious Hip Hop, East Coast Hip Hop",2017
5051,Louis Armstrong,"Hello, Dolly!","Jazz Pop, Vocal Jazz",1964
5052,N.W.A,Gangsta Gangsta,"Gangsta Rap, West Coast Hip Hop",1988
5053,Iggy Pop,Gardenia,Alternative Rock,2016
5054,"Crosby, Stills & Nash",Marrakesh Express,"Folk Rock, Soft Rock",1969
5055,Gin Blossoms,Hey Jealousy,"Jangle Pop, Power Pop",1992
5056,David Bowie,The Stars (Are Out Tonight),"Alternative Rock, Art Rock",2013
5057,Beastie Boys,Ch-Check It Out,East Coast Hip Hop,2004
5058,Bee Gees,I've Gotta Get a Message to You,Pop Rock,1968
5059,The Cure,Fascination Street,"Alternative Rock, Gothic Rock, Post-Punk",1989
5060,Wilbert Harrison,"Let's Work Together, Part 1",Rhythm & Blues,1969
5061,Kiss,Black Diamond,Hard Rock,1974
5062,Jamie xx,Far Nearer,"Future Garage, UK Bass, UK Funky",2011
5063,The Streets,It's Too Late,"UK Garage, UK Hip Hop",2002
5064,Chick Corea & Return to Forever,Spain,Jazz Fusion,1973
5065,Otis Rush,Double Trouble,Electric Blues,1958
5066,Savages,She Will,"Gothic Rock, Post-Punk",2013
5067,Manu Chao,Desaparecido,Latin Alternative,1998
5068,Bee Gees,Nights on Broadway,"Blue Eyed Soul, Disco",1975
5069,Sir Mix-A-Lot,Baby Got Back,Pop Rap,1992
5070,Loretta Lynn feat. Jack White,"Portland, Oregon",Alt-Country,2004
5071,The Rolling Stones,Not Fade Away,"British Rhythm & Blues, Rockabilly",1964
5072,AC/DC,Touch Too Much,Hard Rock,1979
5073,Teena Marie,Lovergirl,"Contemporary R&B, Dance-Pop",1984
5074,The Rolling Stones,Out of Time,Blues Rock,1966
5075,Quicksilver Messenger Service,Who Do You Love,Psychedelic Rock,1969
5076,slowthai + Mura Masa,Doorman,"Post-Punk, UK Hip Hop",2018
5077,Bobby Hebb,Sunny,Soul,1966
5078,Hot Chip,I Feel Better,"Electropop, Indietronica",2010
5079,Shabba Ranks with Chevelle Franklyn,Mr. Loverman,"Pop Reggae, Ragga",1992
5080,Bruce Springsteen,Tenth Avenue Freeze-Out,Heartland Rock,1975
5081,Tom Waits,Ol' 55,Singer/Songwriter,1973
5082,Feist,My Moon My Man,"Indie Pop, Singer/Songwriter",2007
5083,Radiohead,A Wolf at the Door,"Alternative Rock, Art Rock",2003
5084,Ginuwine,Pony,Contemporary R&B,1996
5085,Manic Street Preachers,Faster,Alternative Rock,1994
5086,Live,I Alone,Post-Grunge,1994
5087,Electric Light Orchestra,Don't Bring Me Down,Pop Rock,1979
5088,Live,Lightning Crashes,Post-Grunge,1994
5089,Nat King Cole,When I Fall in Love,Standards,1957
5090,Nick Cave & The Bad Seeds,Straight to You,"Alternative Rock, Art Rock, Singer/Songwriter",1992
5091,Nelly Furtado,I'm Like a Bird,"Contemporary R&B, Pop",2000
5092,Faye Adams,Shake a Hand,Rhythm & Blues,1953
5093,The Castaways,"Liar, Liar",Garage Rock,1965
5094,The Beach Boys,Til I Die,"Art Pop, Progressive Pop, Psychedelic Pop",1971
5095,Tom Petty and The Heartbreakers,I Need to Know,"Heartland Rock, Power Pop",1978
5096,Jeff Buckley,Everybody Here Wants You,"Contemporary R&B, Singer/Songwriter",1998
5097,Red Hot Chili Peppers,Can't Stop,"Alternative Rock, Funk Rock",2002
5098,"Killer Mike feat. Bun B, T.I. & Trouble",Big Beast,"Hardcore Hip Hop, Southern Hip Hop",2012
5099,Ian Brown,F.E.A.R.,Downtempo,2001
5100,M.I.A.,XXXO,"Dance-Pop, Electropop",2010
5101,Hugh Roy and John Holt,Wear You to the Ball,Deejay,1970
5102,The xx,Say Something Loving,"Dream Pop, Indietronica",2017
5103,Stray Cats,Rock This Town,Rockabilly,1981
5104,Kyu Sakamoto,Ue o muite aruk?/Sukiyaki,Kay?kyoku,1961
5105,The Beatles,This Boy,Merseybeat,1963
5106,Lauryn Hill,Lost Ones,Conscious Hip Hop,1998
5107,Red Foley,Chattanoogie Shoe Shine Boy,Country Boogie,1950
5108,The Radio Dept.,Heaven's On Fire,"Dream Pop, Indie Pop",2010
5109,Sugar,If I Can't Change Your Mind,"Jangle Pop, Power Pop",1992
5110,Natalia Lafourcade,Azul,"Art Pop, Chamber Pop, Twee Pop",2009
5111,Fletcher Henderson,Queer Notions,"Big Band, Swing",1933
5112,The Fall,Hit the North,"Alternative Dance, Post-Punk",1987
5113,Scott Walker,My Death,"Baroque Pop, Chanson",1967
5114,The Avalanches,Frankie Sinatra,"Electro Swing, Experimental Hip Hop",2016
5115,Jay Electronica,Exhibit C,"Conscious Hip Hop, Hardcore Hip Hop, Southern Hip Hop",2009
5116,The Beatles,It Won't Be Long,Merseybeat,1963
5117,The B-52's,Roam,"New Wave, Pop Rock",1989
5118,Conjunto Bernal,Mi unico camino,Tejano,1958
5119,Tommy Dorsey with Frank Sinatra & The Pied Pipers,I'll Never Smile Again,Traditional Pop,1940
5120,Tom Waits,Jersey Girl,Singer/Songwriter,1980
5121,Rhoda Dakar,The Boiler,"2 Tone, New Wave, Spoken Word",1982
5122,Dr. Dre,Let Me Ride,"G-Funk, West Coast Hip Hop",1992
5123,Sleigh Bells,Crown on the Ground,"Lo-Fi / Slacker Rock, Noise Pop",2009
5124,Timex Social Club,Rumors,"Contemporary R&B, Synth Funk",1986
5125,Built to Spill,Car,Indie Rock,1994
5126,Dinosaur Jr.,Feel the Pain,Indie Rock,1994
5127,Dire Straits,Telegraph Road,"Art Rock, Heartland Rock",1982
5128,Nick Cave & PJ Harvey,Henry Lee,"Chamber Pop, Folk Rock",1996
5129,The Cure,Why Can't I Be You?,"Alternative Rock, New Wave, Pop Rock",1987
5130,Depeche Mode,Stripped,Synthpop,1986
5131,Bee Gees,New York Mining Disaster 1941,"Baroque Pop, Psychedelic Pop",1967
5132,Fabolous,Breathe,"East Coast Hip Hop, Pop Rap",2004
5133,Sweet,Fox on the Run,"Glam Rock, Power Pop",1974
5134,Frankie Lymon and The Teenagers,I'm Not a Juvenile Delinquent,Doo-Wop,1956
5135,Johnny Rivers,Secret Agent Man,"Rock & Roll, Television Music",1966
5136,Simple Minds,Waterfront,New Wave,1983
5137,Elvis Costello and The Attractions,I Can't Stand Up for Falling Down,"New Wave, Power Pop",1980
5138,tUnE-yArDs,Water Fountain,"Art Pop, Freak Folk",2014
5139,Chuck Willis,Hang Up My Rock and Roll Shoes,Rhythm & Blues,1958
5140,Deftones,My Own Summer (Shove It),Nu Metal,1997
5141,The Clash,Police and Thieves,Punk Rock,1977
5142,Big Daddy Kane,Raw,"Boom Bap, East Coast Hip Hop, Hardcore Hip Hop",1987
5143,Primal Scream,Country Girl,Rock,2006
5144,Queen,I Want to Break Free,Pop Rock,1984
5145,Elvis Costello,Tramp the Dirt Down,"Contemporary Folk, Pop Rock, Singer/Songwriter",1989
5146,The Specials,Nite Klub,2 Tone,1979
5147,Belle and Sebastian,Sleep the Clock Around,"Chamber Pop, Twee Pop",1998
5148,The Afghan Whigs,Debonair,Grunge,1993
5149,Lynyrd Skynyrd,Saturday Night Special,"Hard Rock, Southern Rock",1975
5150,Paul Simon with The Dixie Hummingbirds,Loves Me Like a Rock,"Pop Rock, Singer/Songwriter",1973
5151,Bruce Springsteen,Stolen Car,"Heartland Rock, Pop Rock, Singer/Songwriter",1980
5152,Hüsker Dü,I Apologize,"Alternative Rock, Post-Hardcore",1985
5153,AC/DC,Thunderstruck,Hard Rock,1990
5154,Kingdom feat. Kelela,Bank Head,UK Bass,2013
5155,Simon and Garfunkel,My Little Town,"Folk Pop, Singer/Songwriter",1975
5156,Soft Cell,"Say Hello, Wave Goodbye","New Wave, Synthpop",1981
5157,Positive K,I Got a Man,"East Coast Hip Hop, Pop Rap",1992
5158,The Replacements,Unsatisfied,Alternative Rock,1984
5159,Familjen,Det snurrar i min skalle,Electropop,2007
5160,Public Enemy,You're Gonna Get Yours,"East Coast Hip Hop, Hardcore Hip Hop, Political Hip Hop",1987
5161,Beck,Jack-Ass,"Alternative Rock, Contemporary Folk, Singer/Songwriter",1996
5162,The Impressions,Choice of Colors,Chicago Soul,1969
5163,The Comet Is Coming,Summon the Fire,"Jazz Fusion, Nu Jazz",2019
5164,Dirty Projectors and David Byrne,Knotty Pine,Chamber Pop,2009
5165,Erykah Badu,The Healer,"Neo-Soul, Psychedelic Soul",2008
5166,Grover Washington Jr. feat. Bill Withers,Just the Two of Us,"Smooth Jazz, Smooth Soul, Soul Jazz",1980
5167,Guns N' Roses,Rocket Queen,Hard Rock,1987
5168,Green Day,Holiday,Pop Punk,2004
5169,The Chemical Brothers,Let Forever Be,"Big Beat, Neo-Psychedelia",1999
5170,Electric Six,Gay Bar,"Comedy Rock, Dance-Punk, Glam Punk",2003
5171,Minnie Riperton,Lovin' You,"Pop Soul, Smooth Soul",1974
5172,The Mamas and the Papas,"Monday, Monday",Sunshine Pop,1966
5173,Enanitos Verdes,La muralla verde,Power Pop,1986
5174,La Maldita Vecindad y Los Hijos del Quinto Patio,Pachuco,"Latin Alternative, Third Wave Ska",1991
5175,Alice Cooper,Under My Wheels,"Glam Rock, Hard Rock",1971
5176,Daniel Balavoine,L'Aziza,"French Pop, Synthpop",1985
5177,Sarah Vaughan,Lullaby of Birdland,Vocal Jazz,1955
5178,LCD Soundsystem,Tonite,"Alternative Dance, Indietronica, Synthpop",2017
5179,Jimmy Reed,Baby What You Want Me to Do,Chicago Blues,1959
5180,John Cale,Andalucia,"Folk Pop, Singer/Songwriter",1973
5181,Badly Drawn Boy,Something to Talk About,"Film Soundtrack, Piano Rock, Singer/Songwriter",2002
5182,Pixies,Wave of Mutilation,Indie Rock,1989
5183,Bad Company,Feel Like Makin' Love,Hard Rock,1975
5184,Maestro Fresh Wes,Let Your Backbone Slide,Hip Hop,1989
5185,Louis Armstrong,Mack the Knife,Vocal Jazz,1955
5186,Hole,Malibu,"Alternative Rock, Pop Rock",1998
5187,Lil Wayne feat. Static Major,Lollipop,"Pop Rap, Southern Hip Hop",2008
5188,J Hus,Did You See,"Afroswing, Contemporary R&B, Pop Rap, UK Hip Hop",2017
5189,The Jackson 5,Dancing Machine,Funk,1974
5190,T. Rex,Hot Love,"Glam Rock, Pop Rock",1971
5191,Algiers,The Underside of Power,"Post-Punk, Punk Blues",2017
5192,Aretha Franklin,Angel,Southern Soul,1973
5193,Dick Annegarn,Bruxelles,Chanson,1973
5194,The Rolling Stones,Heart of Stone,British Rhythm & Blues,1964
5195,Mötley Crüe,Dr. Feelgood,Glam Metal,1989
5196,Lenny Kravitz,Always on the Run,Funk Rock,1991
5197,The The,Infected,"Art Pop, Post-Punk",1986
5198,Flowered Up,Weekender,"Alternative Dance, Baggy / Madchester",1992
5199,The Lotus Eaters,The First Picture of You,"Jangle Pop, New Romantic, Sophisti-Pop",1983
5200,Eminem,Kim,Horrorcore,2000
5201,Fearless Four,Rockin' It,"East Coast Hip Hop, Electro",1982
5202,Jimmie Rodgers,In the Jailhouse Now,Country Yodeling,1928
5203,SWV,Right Here,Contemporary R&B,1992
5204,Lee Ann Womack with Sons of the Desert,I Hope You Dance,"Adult Contemporary, Contemporary Country",2000
5205,Primal Scream,Kill All Hippies,Alternative Dance,2000
5206,Fountains of Wayne,Radiation Vibe,"Indie Rock, Power Pop",1996
5207,Alaska y Dinarama,A quién le importa,"Dance-Pop, Hi-NRG",1986
5208,Kate Nash,Foundations,Indie Pop,2007
5209,Creedence Clearwater Revival,Run Through the Jungle,Swamp Rock,1970
5210,Fever Ray,When I Grow Up,"Art Pop, Indietronica",2009
5211,Eno,Another Green World,Ambient,1975
5212,The Supremes,Stoned Love,"Girl Group, Motown Sound",1970
5213,Elton John,Saturday Night's Alright for Fighting,"Glam Rock, Piano Rock",1973
5214,The Heptones,Book of Rules,Roots Reggae,1973
5215,Metallica,The Unforgiven,"Hard Rock, Heavy Metal",1991
5216,The Beatles,Within You Without You,"Psychedelic Pop, Raga Rock",1967
5217,Metallica,Fade to Black,"Heavy Metal, Thrash Metal",1984
5218,Michael Jackson,I Wanna Be Where You Are,Soul,1972
5219,Glasvegas,Geraldine,"Indie Rock, Shoegaze",2008
5220,The Impressions,Keep On Pushing,"Chicago Soul, Pop Soul",1964
5221,Grand Funk Railroad,Bad Time,Pop Rock,1974
5222,The Beatles,I'm a Loser,Folk Rock,1964
5223,Gang Starr,Jazz Thing,"East Coast Hip Hop, Jazz Rap",1990
5224,Grandaddy,A.M. 180,"Indie Pop, Indie Rock, Indietronica",1997
5225,Hüsker Dü,Eight Miles High,"Hardcore Punk, Post-Hardcore",1984
5226,Dion,Born to Be with You,"Baroque Pop, Pop Rock",1975
5227,Simon and Garfunkel,Cecilia,Folk Pop,1970
5228,Al Green,L-O-V-E (Love),Southern Soul,1975
5229,Berlin,Take My Breath Away,"Film Soundtrack, Synthpop",1986
5230,Green Velvet,Flash,"Acid House, Acid Techno, Tech House",1995
5231,The Gap Band,Outstanding,"Boogie, Funk",1982
5232,Nick Lowe,Heart of the City,"New Wave, Power Pop, Pub Rock",1976
5233,Paul Simon,The Boy in the Bubble,"Folk Pop, Pop Rock",1986
5234,Fleetwood Mac,Gold Dust Woman,"Folk Rock, Pop Rock",1977
5235,Procol Harum,Conquistador,Psychedelic Rock,1967
5236,Bauhaus,She's in Parties,"Gothic Rock, Post-Punk",1983
5237,Sylvia,Pillow Talk,Smooth Soul,1973
5238,Gil Scott-Heron,New York Is Killing Me,"Blues, Electronic, Experimental, Soul",2010
5239,James Blake feat. Rosalï¿½a,Barefoot in the Park,"Alternative R&B, Art Pop, Flamenco Pop",2019
5240,Ash,Kung Fu,"Pop Punk, Power Pop",1995
5241,Vitalic,Poney Part 1,"Electro House, Electroclash",2001
5242,Bill Justis,Raunchy,Rock & Roll,1957
5243,Tom Jones,"Green, Green Grass of Home",Blue Eyed Soul,1966
5244,Jimmie Lunceford,Organ Grinder's Swing,Swing,1936
5245,The Crystals,He's Sure the Boy I Love,"Brill Building, Girl Group",1962
5246,Bessie Smith,Nobody Knows When You're Down and Out,"Vaudeville Blues, Vocal Jazz",1929
5247,Stevie Wonder,My Cherie Amour,Motown Sound,1969
5248,Extreme,More Than Words,"Acoustic Rock, Soft Rock",1990
5249,The Jimi Hendrix Experience,Burning of the Midnight Lamp,Psychedelic Rock,1967
5250,The Clash,1977,Punk Rock,1977
5251,David Essex,Rock On,"Glam Rock, Pop Rock",1973
5252,DeFord Bailey,Pan American Blues,Country Blues,1927
5253,The Shirelles,Soldier Boy,Girl Group,1962
5254,Carole King,So Far Away,"Folk Pop, Singer/Songwriter, Soft Rock",1971
5255,Sun Kil Moon,Ben's My Friend,"Folk Rock, Singer/Songwriter",2014
5256,Nazz,Open My Eyes,"Garage Rock, Psychedelic Rock",1968
5257,Memphis Jug Band,Stealin' Stealin',Jug Band,1929
5258,The Rolling Stones,Sweet Virginia,"Country Rock, Roots Rock",1972
5259,Sol Hoopii,Hula Girl,Hawaiian Music,1933
5260,León Gieco,Sï¿½lo le pido a dios,"Folk Rock, Singer/Songwriter",1978
5261,David Crosby,Laughing,"Folk Pop, Folk Rock, Singer/Songwriter",1971
5262,David Bowie,Panic in Detroit,Glam Rock,1973
5263,The Staple Singers,Uncloudy Day,Gospel,1956
5264,Bob Dylan,Maggie's Farm,"Blues Rock, Folk Rock, Singer/Songwriter",1965
5265,Filter,Hey Man Nice Shot,"Alternative Rock, Industrial Rock",1995
5266,Perry Como,Till the End of Time,Traditional Pop,1945
5267,The Rolling Stones,Undercover of the Night,Pop Rock,1983
5268,Bon Iver,Blood Bank,"Indie Folk, Singer/Songwriter",2009
5269,Alice in Chains,Man in the Box,"Alternative Metal, Grunge",1990
5270,Madonna,Who's That Girl,"Dance-Pop, Film Soundtrack, Synthpop",1987
5271,Waylon Jennings,Are You Sure Hank Done It This Way,Outlaw Country,1975
5272,Tom Jones,What's New Pussycat?,"Film Soundtrack, Pop",1965
5273,The Zombies,Care of Cell 44,"Baroque Pop, Psychedelic Pop, Sunshine Pop",1967
5274,Foxygen,San Francisco,Psychedelic Pop,2013
5275,Lee Dorsey,Working in the Coal Mine,"New Orleans R&B, Soul",1966
5276,Unknown Mortal Orchestra,Can't Keep Checking My Phoneï¿½,"Alternative Dance, Neo-Psychedelia, Psychedelic Pop",2015
5277,Maxwell,Ascension (Don't Ever Wonder),"Neo-Soul, Smooth Soul",1996
5278,Sun Kil Moon,Carissa,"Contemporary Folk, Singer/Songwriter",2014
5279,The Horrors,Something to Remember Me By,"Alternative Dance, Synthpop",2017
5280,Whitney Houston,It's Not Right But It's Okay,"Contemporary R&B, Pop",1998
5281,The Dead Milkmen,Punk Rock Girl,Pop Punk,1988
5282,Solomon Burke,Just Out of Reach (Of My Two Empty Arms),Country Soul,1961
5283,The Premiers,Farmer John,Garage Rock,1964
5284,James Brown,Super Bad,Funk,1970
5285,Del Shannon,Hats Off to Larry,"Pop Rock, Rock & Roll",1961
5286,Nazareth,Love Hurts,"AOR, Hard Rock, Soft Rock",1974
5287,The Jam,English Rose,"Contemporary Folk, Singer/Songwriter",1978
5288,The Clash,Spanish Bombs,New Wave,1979
5289,Rihanna,Kiss It Better,Alternative R&B,2016
5290,Dr. Feelgood,She Does It Right,"British Blues, Pub Rock",1975
5291,Black Eyed Peas,I Gotta Feeling,"Dance-Pop, Electropop",2009
5292,Gil Scott-Heron,Me and the Devil,"Soul, Trip Hop",2010
5293,Solange,Stay Flo,Alternative R&B,2019
5294,Manfred Mann,Mighty Quinn (Quinn the Eskimo),Pop Rock,1968
5295,Aerosmith,Love in an Elevator,Hard Rock,1989
5296,Steve Miller Band,Jet Airliner,Rock,1977
5297,Justice,Waters of Nazareth,Fidget House,2005
5298,Los Brincos,Mejor,Beat Music,1966
5299,Johnny Cash,Wanted Man,Outlaw Country,1969
5300,Green Day,Welcome to Paradise,Pop Punk,1994
5301,The Statler Brothers,Flowers on the Wall,"Close Harmony, Country Pop",1965
5302,Parliament,Up for the Down Stroke,P-Funk,1974
5303,The Whispers,And The Beat Goes On,Boogie,1979
5304,Stevie Wonder,I Just Called to Say I Love You,"Film Soundtrack, Pop Soul",1984
5305,Mano Negra,Pas assez de toi,"Folk Punk, Pop Rock",1989
5306,Blondie,X-Offender,New Wave,1976
5307,The Beloved,The Sun Rising,"House, Synthpop",1989
5308,The Morning Benders,Excuses,"Indie Pop, Psychedelic Pop",2010
5309,Duran Duran,A View to a Kill,"Film Soundtrack, Synthpop",1985
5310,The Pogues,Sally MacLennane,"Celtic Punk, Celtic Rock",1985
5311,Moby,Natural Blues,Downtempo,1999
5312,Al Green,Look What You Done for Me,"Smooth Soul, Southern Soul",1972
5313,Salt 'n' Pepa,Shoop,"East Coast Hip Hop, Pop Rap",1993
5314,The Teardrop Explodes,Treason (It's Just a Story),"New Wave, Post-Punk",1980
5315,Henry Mancini,Peter Gunn,"Big Band, Television Music",1958
5316,Gerry and The Pacemakers,Ferry Cross the Mersey,Merseybeat,1964
5317,Half Pint,Greetings,"Dancehall, Deejay",1986
5318,Lizzo,Boys,Pop Rap,2018
5319,LaVern Baker,Soul on Fire,Rhythm & Blues,1953
5320,Lee Dorsey,Ya Ya,"New Orleans R&B, Rhythm & Blues",1961
5321,Shaggy,Oh Carolina,"Dancehall, Pop Reggae",1993
5322,Charlie Parker,Lover Man,Bebop,1946
5323,Public Image Ltd.,Poptones,"Experimental Rock, Post-Punk",1979
5324,Les Rita Mitsouko,Andy,French Pop,1986
5325,Mark Dinning,Teen Angel,"Country Pop, Teen Pop",1959
5326,Mistinguett,Mon homme,Chanson rï¿½aliste,1920
5327,Genesis,Follow You Follow Me,"Pop Rock, Progressive Pop",1978
5328,Air,Cherry Blossom Girl,"Ambient Pop, Downtempo",2004
5329,Addison Groove,Footcrab,"Juke, UK Bass",2010
5330,The Police,Wrapped Around Your Finger,"New Wave, Pop Rock",1983
5331,Jimmy Cliff,Viet Nam,Pop Reggae,1969
5332,Simon and Garfunkel,El condor pasa (If I Could),Folk Pop,1970
5333,Girls Aloud,No Good Advice,Dance-Pop,2003
5334,Lambchop,Up with People,Chamber Pop,2000
5335,Angel Olsen,White Fire,"Psychedelic Folk, Singer/Songwriter",2014
5336,Clean Bandit feat. Jess Glynne,Rather Be,"Dance-Pop, House, UK Funky",2014
5337,Sweet,Blockbuster,Glam Rock,1973
5338,Blur,To the End,"Britpop, Chamber Pop",1994
5339,Archie Roach,Took the Children Away,Contemporary Folk,1990
5340,Art Tatum,Tiger Rag,Stride,1933
5341,Lana Del Rey,Blue Jeans,"Art Pop, Chamber Pop, Trip Hop",2011
5342,Guns N' Roses,Civil War,Hard Rock,1990
5343,The Move,Blackberry Way,"Baroque Pop, Psychedelic Pop",1968
5344,Louis Armstrong,Heebie Jeebies,Dixieland,1926
5345,Teenage Fanclub,Everything Flows,"Alternative Rock, Power Pop",1990
5346,Britney Spears,Womanizer,"Dance-Pop, Electropop",2008
5347,Smiley Lewis,I Hear You Knocking,New Orleans R&B,1955
5348,The Fleetwoods,Come Softly to Me,Doo-Wop,1959
5349,The Lemonheads,My Drug Buddy,"Alternative Rock, Power Pop",1992
5350,Nick Cave & The Bad Seeds,Higgs Boson Blues,"Art Rock, Blues Rock, Singer/Songwriter",2013
5351,The Clash,Stay Free,Punk Rock,1978
5352,Wah!,The Story of the Blues,"Blue Eyed Soul, Pop Soul",1982
5353,The Notorious B.I.G. feat. Faith Evans,One More Chance (Stay with Me Remix),"Boom Bap, East Coast Hip Hop",1995
5354,Glass Candy,Warm in the Winter,"Electro-Disco, Synthwave",2011
5355,Denise LaSalle,Trapped By a Thing Called Love,Southern Soul,1971
5356,Mississippi John Hurt,Candy Man Blues,Piedmont Blues,1929
5357,Fletcher Henderson,Copenhagen,Big Band,1924
5358,Pretenders,Talk of the Town,"New Wave, Pop Rock",1980
5359,Night Ranger,Sister Christian,"AOR, Pop Rock",1983
5360,The Weeknd,High for This,Alternative R&B,2011
5361,Tim Hardin,If I Were a Carpenter,"Contemporary Folk, Singer/Songwriter",1967
5362,Bob Dylan,With God on Our Side,"Contemporary Folk, Singer/Songwriter",1964
5363,Morrissey,The Last of the Famous International Playboys,Indie Pop,1989
5364,The Jam,The Modern World,"Mod Revival, New Wave",1977
5365,Art Blakey & The Jazz Messengers,Blues March/Blues March for Europe No. 1,Hard Bop,1958
5366,Depeche Mode,Blasphemous Rumours,Synthpop,1984
5367,Bangles,Hazy Shade of Winter,Pop Rock,1987
5368,Lana Del Rey,Doin' Time,"Film Soundtrack, Psychedelic Pop, Trip Hop",2019
5369,Okkervil River,Our Life Is Not a Movie or Maybe,"Folk Rock, Indie Rock",2007
5370,Supertramp,Give a Little Bit,Pop Rock,1977
5371,Iggy Pop,China Girl,Art Rock,1977
5372,Big Star,Kanga Roo,"Art Pop, Art Rock",1978
5373,Beyoncï¿½,1+1?,"Adult Contemporary, Contemporary R&B",2011
5374,The Doors,The Crystal Ship,Psychedelic Rock,1967
5375,The Rolling Stones,Monkey Man,Blues Rock,1969
5376,Destiny's Child,Jumpin' Jumpin',"Contemporary R&B, Pop",1999
5377,Funkadelic,(Not Just) Knee Deep,"P-Funk, Synth Funk",1979
5378,Adam and The Ants,Antmusic,New Wave,1980
5379,Major Lazer feat. Mr Lexx and Santigold,Hold the Line,Ragga,2009
5380,The Boo Radleys,Lazarus,"Indie Rock, Neo-Psychedelia",1992
5381,Caifanes,Afuera,"Alternative Rock, Latin Rock",1994
5382,Aretha Franklin,Baby I Love You,Pop Soul,1967
5383,"Earth, Wind & Fire",Let's Groove,"Disco, Synth Funk",1981
5384,Prefab Sprout,Cars and Girls,"New Wave, Sophisti-Pop",1988
5385,Al Green,I Can't Get Next to You,Southern Soul,1970
5386,The Reels,Quasimodo's Dream,Synthpop,1981
5387,Bow Wow Wow,C·30 C·60 C·90 Go,"New Wave, Post-Punk",1980
5388,Kraftwerk,Taschenrechner / Pocket Calculator,Synthpop,1981
5389,Nirvana,You Know You're Right,Grunge,2002
5390,The Waitresses,I Know What Boys Like,"New Wave, Pop Rock",1982
5391,Aeroplane feat. Kathy Diamond,Whispers,Nu-Disco,2008
5392,Little Dragon,Ritual Union,"Art Pop, Electropop",2011
5393,Lescop,La Forï¿½t,"New Wave, Synthpop",2011
5394,Drake,Worst Behavior,Pop Rap,2013
5395,U2,Stuck in a Moment You Can't Get Out Of,Pop Rock,2000
5396,En Vogue,Hold On,Contemporary R&B,1990
5397,John Lee Hooker feat. Carlos Santana & The Santana Band,The Healer,Blues,1989
5398,Beastie Boys,It's the New Style,"East Coast Hip Hop, Experimental Hip Hop",1986
5399,Clubbed to Death [Rob Dougan],Clubbed to Death,Trip Hop,1995
5400,Gustavo Cerati,Puente,"Alternative Rock, Neo-Psychedelia",1999
5401,Beck,Tropicalia,Indie Pop,1998
5402,Nick Drake,Hazey Jane II,"British Folk Rock, Chamber Folk, Singer/Songwriter",1971
5403,"Kanye West Feat. Allan Kingdom, Theophilus London, Paul McCartney",All Dayï¿½,"Pop Rap, Trap",2015
5404,SOS Band,Just Be Good to Me,"Contemporary R&B, Synth Funk",1983
5405,The Pretty Things,S.F. Sorrow is Born,"Psychedelic Rock, Rock Opera",1968
5406,Mosca,Bax,Speed Garage,2011
5407,Jean Ferrat,La Montagne,Chanson,1964
5408,Emmett Miller & His Georgia Crackers,Lovesick Blues,"Vaudeville Blues, Vocal Jazz",1928
5409,Eno,St. Elmo's Fire,"Art Pop, Art Rock, Experimental Rock",1975
5410,Patrice Rushen,Forget Me Nots,Boogie,1982
5411,Michel Polnareff,La Poupée qui fait non,"Chanson, French Pop",1966
5412,Siouxsie and The Banshees,Happy House,Post-Punk,1980
5413,Neil Diamond,Cracklin' Rosie,"Adult Contemporary, Soft Rock",1970
5414,Danny Brown,Dirty Laundry,Experimental Hip Hop,2019
5415,Aerosmith,Rag Doll,Hard Rock,1987
5416,Anderson .Paak feat. Kendrick Lamar,Tints,"Pop Rap, Synth Funk, West Coast Hip Hop",2018
5417,Sugababes,Push the Button,"Dance-Pop, Electropop",2005
5418,Pet Shop Boys,New York City Boy,"Dance-Pop, Synthpop",1999
5419,Buffalo Springfield,Broken Arrow,"Progressive Pop, Psychedelic Pop",1967
5420,DJ Zinc,Super Sharp Shooter,Jump-Up,1995
5421,Hamilton Leithauser + Rostam,A 1000 Times,"Indie Pop, Indie Rock, Pop Rock",2016
5422,"Crosby, Stills, Nash & Young",Carry On,"Folk Rock, Psychedelic Rock",1970
5423,Paul McCartney,Coming Up,"Funk Rock, New Wave, Pop Rock",1980
5424,Marvin Gaye & Tammi Terrell,If I Could Build My Whole World Around You,Motown Sound,1967
5425,Diana Ross and The Supremes,Reflections,"Girl Group, Motown Sound, Psychedelic Soul",1967
5426,A$AP Ferg feat. A$AP Rocky,Shabba,"East Coast Hip Hop, Trap",2013
5427,Pharoah Sanders,The Creator Has a Masterplan,Spiritual Jazz,1969
5428,Rainbow,Stargazer,Heavy Metal,1976
5429,The Rolling Stones,Dandelion,"Psychedelic Pop, Psychedelic Rock",1967
5430,Gene Pitney,Twenty Four Hours from Tulsa,Brill Building,1963
5431,Cold War Kids,Hang Me Up to Dry,"Garage Rock Revival, Indie Rock",2006
5432,Miles Davis,Footprints,"Modal Jazz, Post-Bop",1967
5433,Barbara,L'Aigle Noir,Chanson ï¿½ texte,1970
5434,Led Zeppelin,The Ocean,Hard Rock,1973
5435,America,Sister Golden Hair,"Folk Pop, Soft Rock",1975
5436,The Harmonicats,Peg O' My Heart,"Rhythm & Blues, Space Age Pop, Traditional Pop",1947
5437,Goldfrapp,Ooh La La,"Dance-Pop, Electroclash, Electropop, Synthpop",2005
5438,Led Zeppelin,D'yer Mak'er,"Pop Reggae, Pop Rock",1973
5439,The Pharcyde,Runnin',"Boom Bap, West Coast Hip Hop",1995
5440,William Sheller,Un homme heureux,Chanson,1991
5441,The Byrds,Chestnut Mare,Folk Rock,1970
5442,The Soggy Bottom Boys,I Am a Man of Constant Sorrow,"Bluegrass, Film Soundtrack, Old-Time",2000
5443,The Dismemberment Plan,The City,Indie Rock,1999
5444,The Who,The Real Me,Hard Rock,1973
5445,Guns N' Roses,Estranged,Hard Rock,1991
5446,Fiona Apple,Paper Bag,"Jazz Pop, Piano Rock, Singer/Songwriter",1999
5447,Kings of Convenience,I'd Rather Dance with You,"Folk Pop, Indie Pop",2004
5448,The Velvet Underground,What Goes On,Garage Rock,1969
5449,Eric Clapton,Change the World,Pop Rock,1996
5450,Soap&Skin,Spiracle,"Art Pop, Singer/Songwriter",2009
5451,Uffie,Pop the Glock,"Electropop, Pop Rap",2006
5452,Parquet Courts,Human Performance,"Indie Rock, Post-Punk",2016
5453,Sting,Englishman in New York,Sophisti-Pop,1987
5454,Kenny Loggins,Footloose,"Film Soundtrack, Pop Rock",1984
5455,Fun Lovin' Criminals,Scooby Snacks,Rap Rock,1996
5456,Deftones,Change (In the House of Flies),"Alternative Metal, Alternative Rock",2000
5457,Felix Da Housecat,"Silver Screen, Shower Scene",Electroclash,2001
5458,Crash Test Dummies,Mmm Mmm Mmm Mmm,Pop Rock,1993
5459,Ride,Vapour Trail,"Dream Pop, Shoegaze",1990
5460,Joanna Newsom,Sapokanikan,"Art Pop, Progressive Pop, Singer/Songwriter",2015
5461,Coleman Hawkins,The Man I Love,Bebop,1944
5462,REO Speedwagon,Keep On Loving You,"AOR, Soft Rock",1980
5463,Alain Bashung,Osez Josephine,"Chanson, French Pop, Pop Rock",1991
5464,Dinosaur L,#5 (Go Bang!),Disco,1981
5465,The Human League,Human,Sophisti-Pop,1986
5466,Van Morrison,Tupelo Honey,"Blue Eyed Soul, Soul",1971
5467,Bush,Everything Zen,Post-Grunge,1994
5468,Donna Summer,On the Radio,"Disco, Pop Soul",1979
5469,black midi,953,"Experimental Rock, Math Rock, Noise Rock",2019
5470,Donovan,Catch the Wind,"Contemporary Folk, Singer/Songwriter",1965
5471,The Nutmegs,Story Untold,Doo-Wop,1955
5472,Neil Diamond,Solitary Man,"Folk Pop, Pop Rock, Singer/Songwriter",1966
5473,Erykah Badu,Otherside of the Game,Neo-Soul,1997
5474,Rancid,Ruby Soho,Ska Punk,1995
5475,Angelo Badalamenti,Twin Peaks Theme,"Ambient, Television Music",1990
5476,King Floyd,Groove Me,"Funk, Soul",1970
5477,Neutral Milk Hotel,Oh Comely,Indie Folk,1998
5478,Ruth Etting,Love Me or Leave Me,Standards,1929
5479,XTC,Generals and Majors,"New Wave, Pop Rock",1980
5480,Pretenders,Message of Love,"New Wave, Pop Rock",1981
5481,The Velvet Underground,There She Goes Again,"Art Rock, Experimental Rock",1967
5482,Francis Cabrel,Je l'aime à mourir,Chanson,1979
5483,Bob Seger & The Silver Bullet Band,Mainstreet,"Heartland Rock, Pop Rock",1976
5484,The Miracles,Mickey's Monkey,Motown Sound,1963
5485,Katerine,"Louxor, j'adore","Electropop, French Pop, Novelty",2005
5486,Tocotronic,Hi Freaks,Hamburger Schule,2002
5487,The Robins,Smokey Joe's Cafe,"Doo-Wop, Rhythm & Blues",1955
5488,Dizzee Rascal,Stand Up Tall,Grime,2004
5489,The Housemartins,The Caravan of Love,"A cappella, Doo-Wop",1986
5490,Cocteau Twins,Iceblink Luck,Dream Pop,1990
5491,William Bell,You Don't Miss Your Water,Deep Soul,1961
5492,Jimi Hendrix,Machine Gun,"Blues Rock, Heavy Psych",1970
5493,Bob Dylan,I Threw It All Away,"Country, Country Rock, Singer/Songwriter",1969
5494,Foals,Inhaler,Indie Rock,2012
5495,B.G.,Bling Bling,Southern Hip Hop,1999
5496,Young Thug feat. Birdman,Constantly Hating,"Southern Hip Hop, Trap",2015
5497,Seal,Kiss from a Rose,Pop Soul,1994
5498,Drake,God's Plan,"Pop Rap, Trap",2018
5499,Mariah Carey,Emotions,"Contemporary R&B, Dance-Pop",1991
5500,Jerry Lee Lewis,Breathless,Rock & Roll,1958
5501,The Alan Parsons Project,Eye in the Sky,Soft Rock,1982
5502,Kajagoogoo,Too Shy,"New Romantic, Synthpop",1982
5503,Radiohead,Life in a Glasshouse,"Jazz-Rock, Vocal Jazz",2001
5504,Kokomo Arnold,Milk Cow Blues,Country Blues,1934
5505,FKA twigs,Pendulum,"Alternative R&B, Art Pop, Wonky",2014
5506,Madonna,Burning Up,"Dance-Pop, Hi-NRG",1983
5507,The Chemical Brothers feat. Tim Burgess,Life Is Sweet,Big Beat,1995
5508,Donovan,Universal Soldier,"Contemporary Folk, Singer/Songwriter",1965
5509,Pearl Jam,Even Flow,Grunge,1991
5510,Édith Piaf,Milord,Chanson,1959
5511,Angel Olsen,Sister,"Alt-Country, Indie Rock, Psychedelic Rock, Singer/Songwriter",2016
5512,The Louvin Brothers,When I Stop Dreaming,Close Harmony,1955
5513,Elliott Smith,Ballad of Big Nothing,"Indie Folk, Indie Pop, Singer/Songwriter",1997
5514,Elvis Presley,Blue Suede Shoes,Rockabilly,1956
5515,W.H. Stepp,Bonaparte's Retreat,Old-Time,1937
5516,The War on Drugs,Holding On,Heartland Rock,2017
5517,Chamillionaire feat. Krayzie Bone,Ridin',"Pop Rap, Southern Hip Hop",2005
5518,Keith LeBlanc/Malcolm X,No Sell Out,Synth Funk,1983
5519,Chuck Berry,Almost Grown,Rock & Roll,1959
5520,Lou Reed,Caroline Says I,Art Rock,1973
5521,Johnny Cash,The Man Comes Around,"Americana, Singer/Songwriter",2002
5522,Don Covay,It's Better to Have (And Don't Need),Rhythm & Blues,1974
5523,Leonard Cohen,Who by Fire,"Contemporary Folk, Singer/Songwriter",1974
5524,Sebadoh,The Freed Pig,Lo-Fi / Slacker Rock,1991
5525,Michael Penn,No Myth,Jangle Pop,1989
5526,M.A.N.D.Y. vs. Booka Shade,Body Language,Tech House,2005
5527,Pusha T,The Story of Adidon,"Hardcore Hip Hop, Southern Hip Hop",2018
5528,Alex Reece,Pulp Fiction,Jazzstep,1995
5529,X-Ray Spex,Identity,Punk Rock,1978
5530,En Vogue,Free Your Mind,"Contemporary R&B, Funk Rock, Pop Rock",1992
5531,Donovan,Atlantis,"Folk Pop, Psychedelic Pop, Singer/Songwriter",1968
5532,Prefab Sprout,Appetite,"Pop Rock, Sophisti-Pop",1985
5533,Nick Cave & The Bad Seeds,Tupelo,"Post-Punk, Punk Blues",1985
5534,Pierre Henry & Michel Colombier,Psyché Rock,"Experimental Rock, Psychedelic Rock",1967
5535,Little Walter,My Babe,"Chicago Blues, Rhythm & Blues",1955
5536,Metallica,Disposable Heroes,Thrash Metal,1986
5537,Katerine,Je vous emmerde,"French Pop, Indie Pop",1999
5538,Eagles,Best of My Love,"Country Rock, Soft Rock",1974
5539,Modjo,Lady (Hear Me Tonight),French House,2000
5540,Loudon Wainwright III,Motel Blues,"Contemporary Folk, Singer/Songwriter",1971
5541,Max Tundra,Which Song,Glitch Pop,2008
5542,Gene Austin,Bye Bye Blackbird,Traditional Pop,1926
5543,King Crimson,I Talk to the Wind,"Art Rock, Progressive Folk, Psychedelic Rock",1969
5544,Nirvana,Pennyroyal Tea,Grunge,1993
5545,The Jarmels,A Little Bit of Soap,"Doo-Wop, Soul",1961
5546,Jimmy Smith,The Sermon,Soul Jazz,1959
5547,The Supremes,Come See About Me,"Girl Group, Motown Sound",1964
5548,Lead Belly,The Gallis Pole,Delta Blues,1939
5549,The Falcons,I Found a Love,"Doo-Wop, Soul",1962
5550,Soda Stereo,En la ciudad de la furia,"Gothic Rock, Post-Punk",1988
5551,ESG,UFO,Dance-Punk,1981
5552,Elliott Smith,Pretty (Ugly Before),"Indie Pop, Singer/Songwriter",2003
5553,Pale Saints,Sight of You,"Dream Pop, Shoegaze",1989
5554,Vanilla Fudge,You Keep Me Hangin' On,Heavy Psych,1967
5555,Bright Eyes,Lover I Don't Have to Love,"Indie Pop, Indie Rock",2002
5556,Bert Jansch,Needle of Death,"Folk Baroque, Singer/Songwriter",1965
5557,WU LYF,We Bros,"Art Rock, Indie Rock",2011
5558,Shanice,I Love Your Smile,"Contemporary R&B, Pop",1991
5559,Johnny Cash,A Boy Named Sue,"Country, Rockabilly",1969
5560,The Go! Team,Ladyflash,"Alternative Dance, Indietronica",2004
5561,Lana Del Rey,Hope Is a Dangerous Thing for a Woman Like Me to Have ï¿½ but I Have It,Singer/Songwriter,2019
5562,Shuggie Otis,Inspiration Information,"Funk, Psychedelic Soul",1974
5563,W.A.S.P.,Animal (F**k Like a Beast),Heavy Metal,1984
5564,Prince & The New Power Generation,Diamonds and Pearls,Pop Soul,1991
5565,Hole,Teenage Whore,"Grunge, Riot Grrrl",1991
5566,Hot Chip,Huarache Lights,"Indietronica, Synthpop",2015
5567,Eddie Kendricks,Girl You Need a Change of Mind,Pop Soul,1972
5568,Bruce Springsteen,Candy's Room,Heartland Rock,1978
5569,Solange,Binz,"Alternative R&B, Art Pop",2019
5570,Pretenders,Stop Your Sobbing,"Folk Rock, New Wave, Pop Rock",1979
5571,Mel and Tim,Starting All Over Again,Southern Soul,1972
5572,The Isley Brothers,Summer Breeze,Pop Soul,1973
5573,"Steve ""Silk"" Hurley",Jack Your Body,Chicago House,1986
5574,Ray Ventura et ses Collï¿½giens,Tout va trï¿½s bien madame la marquise,"Chanson, Satire",1935
5575,DMX,Party Up (Up in Here),"East Coast Hip Hop, Hardcore Hip Hop",1999
5576,Beirut,Santa Fe,Indie Pop,2011
5577,Dire Straits,Private Investigations,"Art Rock, Experimental Rock",1982
5578,Kate Bush,Breathing,"Art Pop, Progressive Pop",1980
5579,Florence + The Machine,You've Got the Love,"Art Pop, Pop Soul",2008
5580,Wilson Pickett,Funky Broadway,"Funk, Southern Soul",1967
5581,The Knife,Pass This On,"Electropop, Synthpop",2003
5582,King Crimson,Starless,"Art Rock, Progressive Rock",1974
5583,Iggy Azalea feat. Charli XCX,Fancy,Pop Rap,2014
5584,50 Cent,I Get Money,East Coast Hip Hop,2007
5585,Imagination,Just an Illusion,"Boogie, Contemporary R&B, Synth Funk",1982
5586,Michael Kiwanuka,You Ain't the Problem,Psychedelic Soul,2019
5587,Nancy Sinatra,You Only Live Twice,"Baroque Pop, Film Soundtrack",1967
5588,The Stylistics,You Make Me Feel Brand New,"Philly Soul, Pop Soul",1973
5589,Spinners,One of a Kind (Love Affair),"Philly Soul, Pop Soul",1973
5590,Janet Jackson,No Sleeepï¿½,Contemporary R&B,2015
5591,Deerhunter,Monomania,"Indie Rock, Neo-Psychedelia, Noise Rock",2013
5592,BTS feat. Halsey,Boy with Luv,"Contemporary R&B, K-Pop",2019
5593,Roy Head,Treat Her Right,"Blue Eyed Soul, Rhythm & Blues, Rock & Roll",1965
5594,Bow Wow Wow,I Want Candy,"New Wave, Pop Rock",1982
5595,Patti Smith,People Have the Power,"Art Rock, Pop Rock",1988
5596,The Embassy,Some Indulgence,Indie Pop,2005
5597,Mekons,Where Were You?,"Post-Punk, Punk Rock",1978
5598,Troye Sivan,My My My!,"Dance-Pop, Electropop",2018
5599,Foreigner,Waiting for a Girl Like You,"AOR, Soft Rock",1981
5600,Amii Stewart,Knock on Wood,Disco,1979
5601,Carla Thomas,Gee Whiz (Look at His Eyes),"Rhythm & Blues, Southern Soul",1960
5602,The Prodigy,Charly,Breakbeat Hardcore,1991
5603,Eagles,Tequila Sunrise,Country Rock,1973
5604,Anderson .Paak feat. ScHoolboy Q,Am I Wrong,"Neo-Soul, Nu-Disco, Synth Funk",2015
5605,Japandroids,Younger Us,"Indie Rock, Noise Pop",2010
5606,Jesse Belvin,Goodnight My Love (Pleasant Dreams),Rhythm & Blues,1956
5607,Kim Wilde,Kids in America,"New Wave, Pop Rock",1981
5608,Prince,Dirty Mind,Synth Funk,1980
5609,Neko Case,"Hold On, Hold On","Alt-Country, Singer/Songwriter",2006
5610,Mahalia Jackson,His Eye Is on the Sparrow,Gospel,1951
5611,England Dan & John Ford Coley,I'd Really Love to See You Tonight,Soft Rock,1976
5612,Ella Fitzgerald,Mack the Knife,"Standards, Vocal Jazz",1960
5613,The Fleetwoods,Mr. Blue,"Doo-Wop, Traditional Pop",1959
5614,Slam,Positive Education,Tech House,1993
5615,Janet Jackson,Together Again,"Contemporary R&B, Dance-Pop, Garage House",1997
5616,El Guincho,Palmitos Park,"Neo-Psychedelia, Psychedelic Folk",2007
5617,Time Zone,World Destruction,"East Coast Hip Hop, Electro, Political Hip Hop, Rap Rock",1984
5618,Illya Kuryaki & The Valderramas,Abarájame,"Funk, Latin Rap",1995
5619,Keith Jarrett,The Köln Concert Part I,ECM Style Jazz,1975
5620,Bettye LaVette,Let Me Down Easy,Deep Soul,1965
5621,Pet Shop Boys,Always on My Mind,"Dance-Pop, Synthpop",1987
5622,100 Gecs,Money Machine,"Bubblegum Bass, Emo Rap, Pop Rap",2019
5623,Umberto Tozzi,Gloria,"Europop, Italo Pop",1979
5624,Adam Ant,Goody Two Shoes,"New Wave, Rock & Roll",1982
5625,Eddy Arnold & His Tennessee Plowboys,Bouquet of Roses,Country,1948
5626,Bob Marley and The Wailers,Buffalo Soldier,Roots Reggae,1983
5627,El Último de la Fila,Insurrección,Jangle Pop,1986
5628,Garbage,Push It,Alternative Rock,1998
5629,Betty Everett,It's in His Kiss (The Shoop-Shoop Song),Pop Soul,1963
5630,Isham Jones Orchestra,It Had to Be You,"Big Band, Dixieland",1924
5631,The Chemical Brothers,Leave Home,Big Beat,1995
5632,Sampa the Great,Final Form,"Conscious Hip Hop, Neo-Soul",2019
5633,Meredith Brooks,Bitch,"Pop Rock, Singer/Songwriter",1997
5634,Quad City DJ's,C'mon N' Ride It (The Train),"Miami Bass, Pop Rap",1996
5635,Broken Social Scene,7/4 (Shoreline),Indie Rock,2005
5636,Primal Scream,Velocity Girl,"C86, Jangle Pop",1986
5637,DMX Feat. Sheek (The Lox),Get at Me Dog,"East Coast Hip Hop, Hardcore Hip Hop",1998
5638,Belle and Sebastian,The Fox in the Snow,"Chamber Folk, Chamber Pop",1996
5639,Otis Redding,Fa-Fa-Fa-Fa-Fa (Sad Song),Deep Soul,1966
5640,Goo Goo Dolls,Name,"Acoustic Rock, Alternative Rock",1995
5641,Lil Mama,Lip Gloss,Pop Rap,2007
5642,Björk & Thom Yorke,I've Seen It All,"Art Pop, Film Soundtrack, Trip Hop",2000
5643,Garbage,#1 Crush,Alternative Rock,1995
5644,Bright Eyes,Four Winds,"Alt-Country, Indie Folk",2007
5645,Miles Davis,Bitches Brew,"Avant-Garde Jazz, Jazz Fusion",1970
5646,The Mighty Mighty Bosstones,The Impression That I Get,Ska Punk,1997
5647,U2,Even Better Than the Real Thing,Alternative Dance,1991
5648,Barbra Streisand,People,"Show Tunes, Traditional Pop",1964
5649,Little Anthony and The Imperials,Hurt So Bad,Brill Building,1965
5650,The McCoys,Hang On Sloopy,"Pop Rock, Sunshine Pop",1965
5651,Terence Trent D'Arby,Wishing Well,"Contemporary R&B, Pop Soul",1987
5652,Edison Lighthouse,Love Grows (Where My Rosemary Goes),"Baroque Pop, Bubblegum, Sunshine Pop",1970
5653,The National,Slow Show,Post-Punk Revival,2007
5654,Bobby Vee,Take Good Care of My Baby,Brill Building,1961
5655,X-Ray Spex,The Day the World Turned Day-Glo,Punk Rock,1978
5656,Thelonious Monk,Blue Monk,Hard Bop,1954
5657,Tommy Johnson,Big Road Blues,Delta Blues,1928
5658,Mary Lou Williams,Night Life,Stride,1930
5659,Portishead,Roads,Trip Hop,1994
5660,Pixies,Planet of Sound,Indie Rock,1991
5661,Men at Work,Who Can It Be Now?,"New Wave, Pop Rock",1981
5662,Magazine,The Light Pours Out of Me,Post-Punk,1978
5663,Buchanan and Goodman,The Flying Saucer (Parts 1 and 2),"Novelty, Sound Collage",1956
5664,Sonny Charles & The Checkmates Ltd.,Black Pearl,"Brill Building, Soul",1969
5665,Charles Aznavour,Je m'voyais deja,Chanson,1960
5666,Charlie Parker,Yardbird Suite,Bebop,1946
5667,Billy Joel,New York State of Mind,"Piano Rock, Singer/Songwriter",1976
5668,The Weather Girls,It's Raining Men,"Dance-Pop, Hi-NRG",1982
5669,Aretha Franklin,Until You Come Back to Me (That's What I'm Gonna Do),Pop Soul,1973
5670,The Everly Brothers,Love Hurts,"Close Harmony, Pop",1960
5671,Duran Duran,Save a Prayer,"New Romantic, Synthpop",1982
5672,Wings,Mull of Kintyre,Folk Pop,1977
5673,Jimmie Lunceford,For Dancers Only,Swing,1937
5674,Captain Beefheart and His Magic Band,Electricity,"Experimental Rock, Psychedelic Rock",1967
5675,Talking Heads,Crosseyed and Painless,"Funk Rock, New Wave, Post-Punk",1980
5676,Paul McCartney,Here Today,"Folk Pop, Singer/Songwriter",1982
5677,LaVern Baker,Tweedle Dee,Rhythm & Blues,1954
5678,Erykah Badu,Window Seat,"Neo-Soul, Psychedelic Soul",2010
5679,Villagers,Becoming a Jackal,"Indie Folk, Indie Pop",2010
5680,El-P,The Full Retard,"East Coast Hip Hop, Experimental Hip Hop, Hardcore Hip Hop",2012
5681,Sugababes,Round Round,Dance-Pop,2002
5682,David Bowie,Diamond Dogs,Glam Rock,1974
5683,The Style Council,Walls Come Tumbling Down!,"New Wave, Pop Soul",1985
5684,Gang of Four,I Love a Man in Uniform,"New Wave, Post-Punk",1982
5685,Joan Baez,Diamonds and Rust,"Contemporary Folk, Singer/Songwriter",1975
5686,Buddy Knox,Party Doll,Rockabilly,1956
5687,Blink-182,Dammit,"Pop Punk, Skate Punk",1997
5688,ABBA,Fernando,Europop,1976
5689,Stevie Ray Vaughan and Double Trouble,Texas Flood,Electric Texas Blues,1983
5690,Tavares,It Only Takes a Minute,"Disco, Pop Soul",1975
5691,Bob Dylan,Man in the Long Black Coat,"Folk Rock, Gothic Country, Singer/Songwriter",1989
5692,Klaxons,Atlantis to Interzone,"Alternative Dance, Dance-Punk",2006
5693,Doris Troy,Just One Look,Soul,1963
5694,Alain Bashung,Gaby Oh! Gaby,"Chanson, French Pop, New Wave, Pop Rock",1980
5695,Green Day,Jesus of Suburbia,"Alternative Rock, Pop Punk",2004
5696,AlunaGeorge,Attracting Flies,"Electropop, UK Garage",2013
5697,Rosie and The Originals,Angel Baby,Doo-Wop,1960
5698,Vampire Weekend,Cousins,"Indie Pop, Indie Rock",2009
5699,Sonny and Cher,The Beat Goes On,"Pop Rock, Sunshine Pop",1967
5700,Noir Désir,L'homme pressé,Indie Rock,1996
5701,Carmen Miranda,O que ï¿½ que a Bahiana tem,Marchinha,1939
5702,The Farm,Groovy Train,"Alternative Dance, Baggy / Madchester",1990
5703,Basement Jaxx,Raindrops,"Electro House, Funky House",2009
5704,Frank Zappa,Willie the Pimp (Parts I and II),"Blues Rock, Jazz-Rock",1969
5705,King Sunny Adé,Ja funmi,Jï¿½jï¿½,1982
5706,Mary Hopkin,Those Were the Days,"Baroque Pop, Folk Pop",1968
5707,Dr. Hook,Sylvia's Mother,Soft Rock,1971
5708,Suzanne Vega,Tom's Diner,"A cappella, Art Pop, Singer/Songwriter",1987
5709,"Arthur ""Big Boy"" Crudup",That's All Right,"Electric Blues, Rhythm & Blues",1947
5710,Spandau Ballet,Gold,New Romantic,1983
5711,The Rolling Stones,Loving Cup,Blues Rock,1972
5712,Led Zeppelin,The Song Remains the Same,Hard Rock,1973
5713,Altered Images,Happy Birthday,"New Wave, Pop",1981
5714,Tom Waits,In the Neighborhood,"Brass Band, Singer/Songwriter",1983
5715,Black Eyed Peas,Where Is the Love?,"Conscious Hip Hop, Pop Rap",2003
5716,The Stranglers,Always the Sun,"New Wave, Pop Rock",1986
5717,Bobby Darin,Splish Splash,"Novelty, Rock & Roll",1958
5718,Skee-Lo,I Wish,"Pop Rap, West Coast Hip Hop",1995
5719,Eric Donaldson,Cherry Oh Baby,"Reggae, Rocksteady",1971
5720,Spinners,The Rubberband Man,"Funk, Philly Soul",1976
5721,Duran Duran,The Reflex,"New Wave, Synthpop",1983
5722,Madonna,Die Another Day,"Dance-Pop, Electroclash, Electropop, Film Soundtrack",2002
5723,Muddy Waters,I'm Ready,Chicago Blues,1954
5724,Angel Olsen,Windows,"Indie Folk, Singer/Songwriter",2014
5725,St. Vincent,Birth in Reverse,"Art Pop, Art Rock, Noise Pop",2013
5726,Frank Sinatra,I've Got the World on a String,"Standards, Vocal Jazz",1953
5727,Richard Hell & The Voidoids,Love Comes in Spurts,Art Punk,1977
5728,PJ Harvey,C'mon Billy,"Alternative Rock, Singer/Songwriter",1995
5729,Seeed,Dickes B,"Dancehall, Hip Hop",2000
5730,Dizzee Rascal,Sirens,"Gangsta Rap, Industrial Hip Hop, Rap Rock, UK Hip Hop",2007
5731,Jenny Lewis,Just One of the Guys,"Alt-Country, Pop Rock",2014
5732,Speedy Ortiz,No Below,Indie Rock,2013
5733,Aesop Rock,Daylight,"Abstract Hip Hop, Conscious Hip Hop, East Coast Hip Hop",2001
5734,The Tough Alliance,First Class Riot,"Balearic Beat, Indie Pop",2007
5735,Mew,Am I Wry? No,"Dream Pop, Indie Pop, Indie Rock",2000
5736,Billy Murray,Give My Regards to Broadway,Show Tunes,1905
5737,Michel Fugain,Une belle histoire,"Chanson, French Pop",1972
5738,Snap!,Rhythm Is a Dancer,"Euro House, Eurodance",1992
5739,Tobias Jesso Jr.,How Could You Babe,"Piano Rock, Singer/Songwriter",2015
5740,Blonde Redhead,23,"Dream Pop, Shoegaze",2007
5741,Eels,Mr. E's Beautiful Blues,"Alternative Rock, Indie Pop",2000
5742,Memphis Minnie,Me and My Chauffeur Blues,Country Blues,1941
5743,Sasha,Xpander,Progressive Trance,1999
5744,Green Velvet,La La Land,Electroclash,2001
5745,De La Soul,Say No Go,"Conscious Hip Hop, East Coast Hip Hop",1989
5746,Lady Gaga,Paparazzi,"Dance-Pop, Electropop",2008
5747,The Lemon Pipers,Green Tambourine,Psychedelic Pop,1967
5748,Sigrid,Don't Kill My Vibe,Electropop,2017
5749,Heaven 17,Temptation,"New Wave, Synthpop",1983
5750,Ory's Sunshine Orchestra,Ory's Creole Trombone,Dixieland,1922
5751,Maria Muldaur,Midnight at the Oasis,"Folk Pop, Singer/Songwriter",1973
5752,The Ohio Express,Yummy Yummy Yummy,"Bubblegum, Pop Rock",1968
5753,Little Feat,Dixie Chicken,Southern Rock,1973
5754,Bob Marley and The Wailers,Duppy Conqueror,Roots Reggae,1970
5755,Mary J. Blige,My Life,"Contemporary R&B, Soul",1994
5756,Wreckx N' Effect,Rump Shaker,East Coast Hip Hop,1992
5757,Wir Sind Helden,Guten Tag (Die Reklamation),"Indie Pop, Pop Rock",2002
5758,Joan Jett and The Blackhearts,Bad Reputation,Punk Rock,1980
5759,Yardbirds,Heart Full of Soul,"Blues Rock, British Rhythm & Blues, Freakbeat, Garage Rock",1965
5760,Aaliyah,One in a Million,Contemporary R&B,1996
5761,The Golden Gate Quartet,Rock My Soul,Traditional Black Gospel,1938
5762,Hudson Mohawke,Ryderz,"Future Bass, Trap [EDM]",2015
5763,The Beatles,Being for the Benefit of Mr. Kite!,"Art Pop, Psychedelic Pop, Vaudeville",1967
5764,Björk,Earth Intruders,"Art Pop, Tribal House",2007
5765,Fifth Harmony feat. Ty Dolla $ign,Work from Home,Contemporary R&B,2016
5766,Rod Stewart,Mandolin Wind,"Pop Rock, Roots Rock",1971
5767,Van Halen,Dance the Night Away,"Hard Rock, Pop Rock",1979
5768,Sonics Rendezvous Band,City Slang,"Garage Punk, Hard Rock",1978
5769,Candido,Jingo,Latin Disco,1979
5770,Wilson Pickett,Ninety-Nine and a Half (Won't Do),Southern Soul,1966
5771,Thomas Dolby,She Blinded Me with Science,"New Wave, Synthpop",1982
5772,Ofra Haza,Im nin'alu (English Mix),"Dance-Pop, Jewish Music, Mizrahi Music",1988
5773,Frank Sinatra,Night and Day,"Standards, Vocal Jazz",1942
5774,Beach House,Sparks,"Dream Pop, Shoegaze",2015
5775,Pat Metheny Group,Are You Going with Me?,"ECM Style Jazz, Jazz Fusion",1982
5776,X-Press 2 feat. David Byrne,Lazy,"Dance-Pop, House",2002
5777,James Blake,If the Car Beside You Moves Ahead,"Art Pop, Glitch Pop",2018
5778,Tocotronic,Let There Be Rock,Hamburger Schule,1999
5779,Grace Jones,I've Seen That Face Before (Libertango),"Art Pop, Dub, Sophisti-Pop",1981
5780,INXS,New Sensation,Pop Rock,1987
5781,The Beatles,It's All Too Much,Acid Rock,1969
5782,Guns N' Roses,You Could Be Mine,"Film Soundtrack, Hard Rock",1991
5783,The Rolling Stones,I'm Free,British Rhythm & Blues,1965
5784,John Lennon,Whatever Gets You Thru the Night,Pop Rock,1974
5785,Bob Dylan & The Band,This Wheel's on Fire,"Folk Rock, Roots Rock",1975
5786,Haim,Forever,"Indie Pop, Pop Rock",2012
5787,Daddy Cool,Eagle Rock,Boogie Rock,1971
5788,Pixies,Dig for Fire,Indie Rock,1990
5789,The Pointer Sisters,I'm So Excited,Dance-Pop,1982
5790,The Clash,This Is Radio Clash,"Dance-Punk, Funk, Funk Rock",1981
5791,alt-J,Hunger of the Pine,"Art Pop, Indietronica",2014
5792,Beyoncï¿½,Sorry,Contemporary R&B,2016
5793,The Box Tops,Cry Like a Baby,"Blue Eyed Soul, Pop Rock",1968
5794,Ray Charles,Let's Go Get Stoned,Pop Soul,1966
5795,Franz Ferdinand,The Dark of the Matinï¿½e / Matinï¿½e,Post-Punk Revival,2004
5796,Charlie Parker,Embraceable You,Bebop,1948
5797,Ray Noble & His Orchestra,The Very Thought of You,British Dance Band,1934
5798,The Blues Brothers,Everybody Needs Somebody To Love,"Film Soundtrack, Rhythm & Blues",1980
5799,Daryl Hall & John Oates,Kiss on My List,"Blue Eyed Soul, Yacht Rock",1980
5800,Change,The Glow of Love,Boogie,1980
5801,Elvin Bishop,Fooled Around and Fell in Love,"Blue Eyed Soul, Southern Rock",1975
5802,Bonnie Raitt,Love Has No Pride,"Blues Rock, Singer/Songwriter",1972
5803,Joy Division,New Dawn Fades,Post-Punk,1979
5804,Dusty Springfield,Breakfast in Bed,"Blue Eyed Soul, Pop Soul",1969
5805,Jelly Roll Morton,Grandpa's Spells,Big Band,1923
5806,Warren Zevon,"Lawyers, Guns and Money","Piano Rock, Singer/Songwriter",1978
5807,Eric B. & Rakim,Microphone Fiend,"Boom Bap, East Coast Hip Hop",1988
5808,Caifanes,Viento,"Gothic Rock, Post-Punk",1988
5809,Laura Branigan,Self Control,Dance-Pop,1984
5810,"Raekwon feat. Ghostface Killah, Cappadonna & Method Man",Ice Cream,"Boom Bap, East Coast Hip Hop",1995
5811,Eurythmics,Would I Lie to You?,"Pop Rock, Pop Soul",1985
5812,The Hives,Main Offender,"Garage Punk, Garage Rock Revival",2000
5813,The National,Graceless,Post-Punk Revival,2013
5814,Charly García,Demoliendo hoteles,New Wave,1984
5815,Motï¿½rhead,Bomber,"Hard Rock, Heavy Metal",1979
5816,White Zombie,More Human Than Human,"Groove Metal, Industrial Metal",1995
5817,Sarah Harmer,Basement Apartment,Singer/Songwriter,2000
5818,Machine,There But for the Grace of God Go I,Disco,1979
5819,The Move,Flowers in the Rain,"Freakbeat, Mod, Psychedelic Pop, Sunshine Pop",1967
5820,Mitski,Geyser,"Art Pop, Indie Rock",2018
5821,Nick Cave & The Bad Seeds,"Babe, I'm On Fire",Alternative Rock,2003
5822,The Zombies,A Rose for Emily,Baroque Pop,1968
5823,Del Shannon,Stranger in Town,Pop Rock,1965
5824,Bruce Springsteen,Point Blank,Heartland Rock,1980
5825,Blind Willie Johnson,Mother's Children Have a Hard Time,Acoustic Texas Blues,1928
5826,Washed Out,Amor Fati,Chillwave,2011
5827,Julie Driscoll with Brian Auger & The Trinity,This Wheel's on Fire,Psychedelic Rock,1968
5828,Bryan Ferry,Let's Stick Together,Pop Rock,1976
5829,Run-D.M.C.,Run's House (What's It All About?),"East Coast Hip Hop, Hardcore Hip Hop",1988
5830,Bloodstone,Natural High,Smooth Soul,1973
5831,Molotov,Frijolero,"Latin Alternative, Norteï¿½o, Rap Rock",2003
5832,Schoolly D,Saturday Night,"East Coast Hip Hop, Gangsta Rap",1987
5833,Backstreet Boys,Everybody (Backstreet's Back),Boy Band,1997
5834,Taylor Swift,Style,"Dance-Pop, Synthpop",2014
5835,INXS,Suicide Blonde,"Funk Rock, Pop Rock",1990
5836,Duncan Dhu,En algï¿½n lugar,Jangle Pop,1987
5837,Wizzard,See My Baby Jive,"Glam Rock, Pop Rock",1973
5838,Aphrodite's Child,Rain and Tears,"Baroque Pop, Psychedelic Pop",1968
5839,Bon Jovi,You Give Love a Bad Name,Glam Metal,1986
5840,Aloe Blacc,I Need a Dollar,Neo-Soul,2010
5841,Gladys Knight and The Pips,I've Got to Use My Imagination,Soul,1973
5842,Alain Souchon,Foule sentimentale,Chanson,1993
5843,Superorganism,Something for your M.I.N.D.,"Indie Pop, Indietronica, Neo-Psychedelia",2017
5844,Steve Perry,Oh Sherrie,"AOR, Pop Rock",1984
5845,Roxy Music,Pyjamarama,"Art Rock, Glam Rock",1973
5846,The Hollies,He Ain't Heavy... He's My Brother,Pop Rock,1969
5847,Gil Scott-Heron & Jamie xx,I'll Take Care of U,"Deep House, UK Bass",2011
5848,St. Vincent,Surgeon,"Art Pop, Indie Pop",2011
5849,The Little Rabbits,La Piscine,Indie Rock,1998
5850,Whitesnake,Still of the Night,Glam Metal,1987
5851,Kacey Musgraves,Merry Go 'Round,"Contemporary Country, Country Pop",2012
5852,Icehouse,Great Southern Land,"Dream Pop, New Wave, Pop Rock",1982
5853,Blur,Popscene,Britpop,1992
5854,Neon Indian,Polish Girl,"Chillwave, Electropop, Synthpop",2011
5855,R.E.M.,Daysleeper,"Alternative Rock, Pop Rock",1998
5856,Boogie Down Productions,My Philosophy,"Boom Bap, Conscious Hip Hop, East Coast Hip Hop",1988
5857,Chris Bell,I Am the Cosmos,"Power Pop, Singer/Songwriter",1978
5858,Yazoo,Don't Go,Synthpop,1982
5859,Bob Marley vs. Funkstar De Luxe,Sun Is Shining,Funky House,1999
5860,The Time,Jungle Love,Synth Funk,1984
5861,Nina Simone,Black Is the Colour of My True Love's Hair,Vocal Jazz,1959
5862,Kraftwerk,Computerwelt / Computer World,Synthpop,1981
5863,U2,Discothï¿½que,Alternative Dance,1997
5864,Ms. Dynamite,Dy-na-mi-tee,"Neo-Soul, Trip Hop",2002
5865,Electric Light Orchestra,Turn to Stone,Pop Rock,1977
5866,Of Monsters and Men,Little Talks,Indie Pop,2011
5867,The Vaccines,Post Break-Up Sex,Post-Punk Revival,2011
5868,Milli Vanilli,"Girl, You Know It's True","Contemporary R&B, Dance-Pop",1988
5869,Duran Duran,Planet Earth,"New Romantic, Synthpop",1981
5870,Passengers [U2 & Brian Eno],Miss Sarajevo,Ambient Pop,1995
5871,Camp Cope,The Openerï¿½,Indie Rock,2018
5872,Louis Armstrong,I Can't Give You Anything But Love,"Dixieland, Vocal Jazz",1929
5873,Elvis Presley,Surrender,"Pop, Rock & Roll",1961
5874,Ray Price,For the Good Times,Nashville Sound,1970
5875,Journey,Any Way You Want It,AOR,1980
5876,Late of the Pier,Space and the Woods,Dance-Punk,2007
5877,Aaliyah,More Than a Woman,"Contemporary R&B, Dance-Pop",2001
5878,Josephine Baker,J'ai deux amours,Chanson,1930
5879,Laurent Garnier,Crispy Bacon,Techno,1996
5880,Puff Daddy feat. 112 & Faith Evans,I'll Be Missing You,"East Coast Hip Hop, Pop Rap",1997
5881,Can,Moonshake,Krautrock,1973
5882,Don & Juan,What's Your Name,Doo-Wop,1961
5883,Kacey Musgraves,Follow Your Arrow,"Contemporary Country, Country Pop",2013
5884,Tom Rush,No Regrets,Contemporary Folk,1968
5885,Lou Reed,Vicious,Glam Rock,1972
5886,Benga and Coki,Night,Dubstep,2008
5887,Hombres G,Devuï¿½lveme a mi chica,Pop Rock,1985
5888,Chance the Rapper feat. Saba,Angels,"Conscious Hip Hop, Pop Rap",2015
5889,Yardbirds,Over Under Sideways Down,"Blues Rock, British Rhythm & Blues, Mod, Psychedelic Rock",1966
5890,Kansas City Six [Lester Young],The Prez Got Rhythm/I Got Rhythm,Bebop,1944
5891,Bruce Springsteen,Because the Night,"Heartland Rock, Pop Rock",1986
5892,Vince Staples,Big Fish,West Coast Hip Hop,2017
5893,Counting Crows,A Long December,"Alternative Rock, Folk Rock, Pop Rock",1996
5894,Queens of the Stone Age,Go with the Flow,"Alternative Rock, Stoner Rock",2002
5895,Tessela,Hackney Parrot,UK Bass,2013
5896,Ray Charles,I Believe to My Soul,Rhythm & Blues,1959
5897,Love,My Little Red Book,"Garage Rock, Pop Rock",1966
5898,Edie Brickell & The New Bohemians,What I Am,Alternative Rock,1988
5899,Rancid,Salvation,Punk Rock,1994
5900,Animal Collective,For Reverend Green,"Art Pop, Neo-Psychedelia",2007
5901,The Vines,Highly Evolved,"Garage Rock Revival, Grunge",2002
5902,Tom Waits,Hell Broke Luce,Experimental Rock,2011
5903,Bad Company,Ready For Love,Blues Rock,1974
5904,A-ha,The Sun Always Shines on TV,Synthpop,1985
5905,Caetano Veloso,Tropicï¿½lia,Tropicï¿½lia,1968
5906,Chicago,25 or 6 to 4,Jazz-Rock,1970
5907,Arthur Smith,Guitar Boogie,"Boogie Woogie, Country Boogie",1945
5908,Dire Straits,Brothers in Arms,Pop Rock,1985
5909,Sneaker Pimps,6 Underground,Trip Hop,1996
5910,Sparks,The Number One Song in Heaven,"Hi-NRG, Synthpop",1979
5911,George Benson,This Masquerade,"Jazz Pop, Smooth Jazz, Soul Jazz",1976
5912,Pink Floyd,Brain Damage,Art Rock,1973
5913,Dixie Chicks,Wide Open Spaces,Country Pop,1998
5914,Red Hot Chili Peppers,Suck My Kiss,"Funk Rock, Rap Rock",1991
5915,Rufus feat. Chaka Khan,Sweet Thing,Pop Soul,1975
5916,Johnny Mercer,Ac-cent-tchu-ate the Positive,Vocal Jazz,1944
5917,Percy Faith & His Orchestra,"The Theme from ""A Summer Place""","Film Score, Light Music",1959
5918,U2,Staring at the Sun,"Alternative Rock, Pop Rock",1997
5919,The Marvelettes,The Hunter Gets Captured by the Game,"Girl Group, Motown Sound",1966
5920,The Smiths,Cemetry Gates,"Indie Pop, Jangle Pop",1986
5921,The Jam,Strange Town,"Mod Revival, New Wave, Power Pop",1979
5922,Tool,Sober,Alternative Metal,1993
5923,Boz Scaggs,Lido Shuffle,"Blue Eyed Soul, Pop Rock",1976
5924,Jelly Roll Morton,Doctor Jazz-Stomp,Big Band,1927
5925,War,The World Is a Ghetto,"Funk, Soul",1972
5926,The Persuaders,Thin Line Between Love and Hate,Soul,1971
5927,De La Soul,Plug Tunin',"Boom Bap, East Coast Hip Hop",1988
5928,Glenn Miller,A String of Pearls,"Big Band, Vocal Jazz",1941
5929,Joanna Newsom,Baby Birch,"Chamber Folk, Progressive Folk, Singer/Songwriter",2010
5930,Porter,Espiral,Indie Rock,2004
5931,Buzzcocks,Everybody's Happy Nowadays,"Pop Punk, Power Pop",1979
5932,Billy Bragg & Wilco,California Stars,"Alt-Country, Americana",1998
5933,"Richard ""Rabbit"" Brown",James Alley-Blues,Country Blues,1927
5934,Nirvana,Territorial Pissings,"Grunge, Punk Rock",1991
5935,Eddie Cochran,Three Steps to Heaven,Rockabilly,1960
5936,Jonathan Richman,I Was Dancing in the Lesbian Bar,"Pop Rock, Singer/Songwriter",1992
5937,Porno for Pyros,Pets,Alternative Rock,1993
5938,Dexys Midnight Runners,This Is What She's Like,"Blue Eyed Soul, New Wave, Progressive Pop",1985
5939,Don Covay,"Mercy, Mercy",Southern Soul,1964
5940,OutKast,Player's Ball,Southern Hip Hop,1993
5941,Muse,Uprising,"Alternative Rock, Pop Rock",2009
5942,Loretta Lynn,One's on the Way,Country,1971
5943,Moses Sumney,Doomed,"Ambient Pop, Art Pop",2017
5944,MGMT,Little Dark Age,Synthpop,2017
5945,The The,The Beat(en) Generation,"Folk Pop, Indie Pop, Jangle Pop",1989
5946,Sloan,Underwhelmed,Alternative Rock,1992
5947,Dick & DeeDee,The Mountain's High,Pop Soul,1961
5948,Bob Dylan,Gates of Eden,"Contemporary Folk, Singer/Songwriter",1965
5949,Oran 'Juice' Jones,The Rain,"Contemporary R&B, Pop Soul",1986
5950,Eurythmics,There Must Be an Angel (Playing with My Heart),Synthpop,1985
5951,Dennis Wilson,Riversong,"Baroque Pop, Pop Rock, Singer/Songwriter",1977
5952,Lumidee,"Never Leave You - Uh Oooh, Uh Oooh!",Contemporary R&B,2003
5953,Fela,"Coffin for Head of State, Pt. 2",Afrobeat,1981
5954,Fugazi,Repeater,Post-Hardcore,1990
5955,Garbage,I Think I'm Paranoid,Alternative Rock,1998
5956,Merle Travis,Dark As a Dungeon,Traditional Country,1947
5957,Tegan and Sara,Walking with a Ghost,Indie Pop,2005
5958,Brigitte Bardot,Harley Davidson,"French Pop, Yï¿½-yï¿½",1967
5959,The Stone Roses,Ten Storey Love Song,"Baggy / Madchester, Neo-Psychedelia, Pop Rock",1994
5960,Merle Haggard,Hungry Eyes,Bakersfield Sound,1969
5961,Grandaddy,"He's Simple, He's Dumb, He's the Pilot","Indie Rock, Progressive Pop, Space Rock",2000
5962,Tame Impala,Solitude Is Bliss,"Neo-Psychedelia, Psychedelic Pop",2010
5963,Bob Dylan,Love Sick,"Blues Rock, Singer/Songwriter",1997
5964,The Beatles,Yer Blues,Blues Rock,1968
5965,Arctic Monkeys,Crying Lightning,Post-Punk Revival,2009
5966,Badly Drawn Boy,Silent Sigh,"Indie Pop, Singer/Songwriter",2002
5967,Chromatics,Cherry,"Dream Pop, Synthpop, Synthwave",2012
5968,Britney Spears,Till the World Ends,"Dance-Pop, Electropop",2011
5969,Ice Cube,No Vaseline,"Boom Bap, Gangsta Rap, West Coast Hip Hop",1991
5970,The Cardigans,Erase/Rewind,"Indie Pop, Pop Rock",1998
5971,David Bowie,Be My Wife,"Art Pop, Art Rock",1977
5972,Mumford & Sons,The Cave,"Alt-Country, Indie Folk",2009
5973,Cat Power,Ruin,"Art Pop, Piano Rock, Synthpop",2012
5974,Sister Rosetta Tharpe,Strange Things Happening Every Day,Traditional Black Gospel,1945
5975,Tavares,Heaven Must Be Missing an Angel,"Disco, Pop Soul",1976
5976,Randy Newman,I Miss You,"Piano Rock, Singer/Songwriter",1999
5977,Kiss,Beth,Piano Rock,1976
5978,Hot Chip,Flutes,"Electropop, Synthpop",2012
5979,"A$AP Rocky feat. 2 Chainz, Drake and Kendrick Lamar",Fuckin' Problems,"East Coast Hip Hop, Pop Rap",2012
5980,Archers of Loaf,Web in Front,Indie Rock,1993
5981,Fatboy Slim,Gangster Tripping,"Big Beat, Instrumental Hip Hop",1998
5982,Metronomy,Love Letters,Indie Pop,2014
5983,Serge Gainsbourg,Je suis venu te dire que je m'en vais,"Baroque Pop, Chanson, French Pop",1973
5984,The Allman Brothers Band,Statesboro Blues,Blues Rock,1971
5985,Solange feat. Playboi Carti,Almeda,"Alternative R&B, Experimental Hip Hop",2019
5986,The Cure,Disintegration,"Alternative Rock, Gothic Rock, Post-Punk",1989
5987,"Future feat. Pharrell, Pusha T, & Casino",Move That Dope,"Dirty South, Southern Hip Hop, Trap",2014
5988,Stella Donnelly,Old Man,"Indie Pop, Jangle Pop, Singer/Songwriter",2019
5989,Natalie Cole,This Will Be (An Everlasting Love),"Chicago Soul, Pop Soul",1975
5990,Pete Seeger,We Shall Overcome,Contemporary Folk,1963
5991,ï¿½tienne Daho,Duel au soleil,"French Pop, Synthpop",1986
5992,Thrush Hermit,From the Back of the Film,"Alternative Rock, Power Pop",1999
5993,Charles Mingus,Track A - Solo Dancer,"Avant-Garde Jazz, Third Stream",1963
5994,Jorge Ben,Ponta de Lança Africano (Umbabarauma),"Funk, Samba-Rock",1976
5995,Rockwell,Somebody's Watching Me,"Dance-Pop, Synth Funk",1984
5996,Amen Dunes,Believe,Neo-Psychedelia,2018
5997,Badfinger,Without You,Power Pop,1970
5998,Gerry and The Pacemakers,How Do You Do It?,Merseybeat,1963
5999,Bee Gees,I Started a Joke,Folk Pop,1968
6000,Ultra Nate,Free,"Dance-Pop, Garage House",1997
6001,Neil Diamond,I Am... I Said,"Baroque Pop, Pop Rock",1971
6002,Alejandro Sanz,Corazón partío,Latin Pop,1997
6003,Al Jolson,Rock-a-Bye Your Baby with a Dixie Melody,"Traditional Pop, Vaudeville",1918
6004,Beirut,Elephant Gun,"Chamber Pop, Indie Folk",2007
6005,Bright Eyes,We Are Nowhere and It's Now,Indie Folk,2005
6006,Al Jolson,"California, Here I Come","Show Tunes, Traditional Pop",1924
6007,Maxime Le Forestier,San Francisco,"Chanson, Contemporary Folk",1971
6008,Stereolab,Miss Modular,"Art Pop, Indietronica",1997
6009,Kings of Leon,On Call,Alternative Rock,2007
6010,Bread,Make It with You,Soft Rock,1970
6011,Serge Gainsbourg,L'eau ï¿½ la bouche,Chanson ï¿½ texte,1960
6012,Eddy Arnold & His Guitar,The Cattle Call,Country Yodeling,1945
6013,Guns N' Roses,Don't Cry,"Hard Rock, Pop Rock",1991
6014,Public Enemy,Shut 'Em Down,"Conscious Hip Hop, East Coast Hip Hop, Hardcore Hip Hop, Political Hip Hop",1991
6015,Julian Cope,World Shut Your Mouth,"New Wave, Power Pop",1986
6016,Wilco,Poor Places,Indie Rock,2002
6017,John Lennon/Plastic Ono Band,Power to the People,Pop Rock,1971
6018,Swan Silvertones,Oh Mary Don't You Weep,Traditional Black Gospel,1958
6019,Deerhunter,Snakeskinï¿½,"Indie Rock, Neo-Psychedelia",2015
6020,Waylon Jennings,"Luckenbach, Texas (Back to the Basics of Love)",Outlaw Country,1977
6021,Queen,Bicycle Race,Pop Rock,1978
6022,The Soul Survivors,Expressway to Your Heart,"Blue Eyed Soul, Pop Soul",1967
6023,Roxy Music,Avalon,"Art Pop, New Romantic, Sophisti-Pop",1982
6024,Gene Pitney,Town Without Pity,Brill Building,1961
6025,Françoise Hardy,Comment te dire adieu,French Pop,1968
6026,Electronic,Get the Message,"Alternative Dance, Synthpop",1991
6027,John Lennon,Stand by Me,Pop Rock,1975
6028,Cafï¿½ Tacvba,Las Flores,"Latin Alternative, Son Jarocho",1994
6029,Charly Bliss,Capacity,"Indie Pop, Synthpop",2019
6030,Kaiser Chiefs,Oh My God,Indie Rock,2004
6031,Jónsi,Go Do,"Art Pop, Dream Pop",2010
6032,Bon Iver,re: Stacks,"Indie Folk, Singer/Songwriter",2007
6033,Madonna,Take a Bow,Sophisti-Pop,1994
6034,Kate Bush,Babooshka,Art Pop,1980
6035,The Lovin' Spoonful,Daydream,"Folk Pop, Sunshine Pop",1966
6036,James Taylor,Handy Man,"Adult Contemporary, Singer/Songwriter",1977
6037,Loretta Lynn,You Ain't Woman Enough (To Take My Man),Honky Tonk,1966
6038,Stan Kenton,City of Glass (Suite),"Experimental Big Band, Progressive Big Band",1952
6039,Eric Burdon & War,Spill the Wine,"Funk, Latin Rock, Psychedelic Rock",1970
6040,Massive Attack,Risingson,"Trip Hop, UK Hip Hop",1997
6041,Javiera Mena,Al siguiente nivel,"Electropop, Synthpop",2006
6042,The Prisonaires,Just Walkin' in the Rain,Doo-Wop,1953
6043,Rihanna,Diamonds,"Contemporary R&B, Pop",2012
6044,Jake Bugg,Lightning Bolt,"Folk Rock, Singer/Songwriter",2012
6045,Elvis Presley,Tomorrow Is a Long Time,Pop Rock,1966
6046,"Clarence ""Frogman"" Henry",But I Do,Pop,1961
6047,Oasis,The Importance of Being Idle,Britpop,2005
6048,ABBA,"Money, Money, Money",Europop,1976
6049,The Stone Roses,One Love,Baggy / Madchester,1990
6050,Sonny Rollins,Tenor Madness,Hard Bop,1956
6051,Suede,The Wild Ones,"Art Rock, Britpop, Glam Rock",1994
6052,Pavement,Range Life,Indie Rock,1994
6053,Ash,Goldfinger,"Britpop, Power Pop",1996
6054,Bob B. Soxx and The Blue Jeans,Why Do Lovers Break Each Other's Heart?,"Brill Building, Girl Group, Teen Pop",1963
6055,First Aid Kit,My Silver Lining,"Alt-Country, Folk Pop, Indie Folk",2014
6056,David Axelrod,The Human Abstract,"Baroque Pop, Psychedelic Pop",1969
6057,Elton John,Someone Saved My Life Tonight,Piano Rock,1975
6058,Glenn Miller,Tuxedo Junction,"Big Band, Swing",1940
6059,Throbbing Gristle,United,"Industrial, Minimal Synth",1978
6060,Badfinger,Day After Day,Power Pop,1971
6061,Julieta Venegas,De mis pasos,"Alternative Rock, Latin Alternative",1997
6062,Steve Reich,Come Out,"Spoken Word, Tape Music",1968
6063,Belle and Sebastian,This Is Just Another Modern Rock Song,"Chamber Pop, Twee Pop",1998
6064,Sally Shapiro,I'll Be By Your Side,"Italo-Disco, Synthpop",2006
6065,The Beach Boys,You Still Believe in Me,Baroque Pop,1966
6066,The Stone Roses,Waterfall,"Baggy / Madchester, Jangle Pop, Neo-Psychedelia",1989
6067,Supertramp,Dreamer,Progressive Pop,1974
6068,Elvis Presley,Kentucky Rain,"Blue Eyed Soul, Pop Rock",1970
6069,Gustavo Cerati,Crimen,"Alternative Rock, Pop Rock",2006
6070,Pete Townshend,Let My Love Open the Door,Pop Rock,1980
6071,Beenie Man,Who Am I,Ragga,1998
6072,Little Richard,I Don't Know What You Got But It's Got Me,"Soul Blues, Southern Soul",1965
6073,Sleigh Bells,Tell 'Em,Noise Pop,2010
6074,Pat Boone,Speedy Gonzales,"Rock & Roll, Traditional Pop",1962
6075,Kate Bush,Army Dreamers,Art Pop,1980
6076,Dead Prez,Hip-Hop,"Conscious Hip Hop, Southern Hip Hop",1999
6077,Héroes del Silencio,Entre dos tierras,"Gothic Rock, Hard Rock",1990
6078,Barbara,"Dis, quand reviendras-tu?",Chanson ï¿½ texte,1964
6079,Bon Jovi,Runaway,Glam Metal,1984
6080,Jesus Jones,"Right Here, Right Now",Grebo,1990
6081,Sonny Boy Williamson (II),Eyesight to the Blind,Chicago Blues,1951
6082,Jimmie Dale & The Flatlanders,Dallas,Country,1972
6083,Lou Christie,Lightnin' Strikes,"Blue Eyed Soul, Pop Rock",1965
6084,Sui Generis,Canciï¿½n para mi muerte,Folk Rock,1972
6085,Bob Dylan,You're Gonna Make Me Lonesome When You Go,"Contemporary Folk, Singer/Songwriter",1975
6086,Jon Hopkins,Emerald Rush,"Progressive House, Tech House",2018
6087,Killing Joke,Love Like Blood,"Gothic Rock, Post-Punk",1985
6088,Kris Kristofferson,Me & Bobby McGee,"Progressive Country, Singer/Songwriter",1970
6089,Pearl Jam,Elderly Woman Behind the Counter in a Small Town,"Alternative Rock, Folk Rock",1993
6090,Lyres,Help You Ann,Garage Rock Revival,1983
6091,Wilson Pickett,I'm in Love,Soul,1967
6092,Flaco Jimenez,Ay te dejo en San Antonio,Tejano,1986
6093,Super Furry Animals,Northern Lites,"Neo-Psychedelia, Psychedelic Pop",1999
6094,Lana Del Rey,Ride,Art Pop,2012
6095,Blawan,Getting Me Down,"UK Bass, UK Funky",2011
6096,Dawn feat. Tony Orlando,Tie a Yellow Ribbon Round the Ole Oak Tree,Adult Contemporary,1973
6097,The Sabres of Paradise,Smokebelch II,"Ambient Techno, IDM",1993
6098,The Velvelettes,Needle in a Haystack,"Girl Group, Motown Sound",1964
6099,Chaba Fadela,N'Sel Fik,Raï¿½,1983
6100,Randy Newman,A Few Words in Defense of Our Country,Singer/Songwriter,2007
6101,LL Cool J,I'm Bad,"Boom Bap, East Coast Hip Hop",1987
6102,Damien Rice,Cannonball,"Contemporary Folk, Singer/Songwriter",2002
6103,Glenn Miller,Chattanooga Choo Choo,"Big Band, Swing, Vocal Jazz",1941
6104,George Michael,Father Figure,"Blue Eyed Soul, Pop Soul",1987
6105,Ashford & Simpson,Solid,Pop Soul,1984
6106,Bobby Vinton,Blue Velvet,"Blue Eyed Soul, Traditional Pop",1963
6107,Neil Young & Crazy Horse,Pocahontas,"Contemporary Folk, Folk Rock, Singer/Songwriter",1979
6108,Brick,Dazz,"Disco, Funk",1976
6109,Frank Wilson,Do I Love You (Indeed I Do),Northern Soul,1965
6110,DJ Shadow,High Noon,"Breakbeat, Instrumental Hip Hop, Turntablism",1997
6111,Bob Seger & The Silver Bullet Band,Roll Me Away,Heartland Rock,1982
6112,Mirwais,Naïve Song,Electropop,2000
6113,Fletcher Henderson,The Stampede,Big Band,1926
6114,AFX,Analogue Bubblebath I,"Acid Techno, Ambient Techno",1991
6115,Kelela,Frontline,"Alternative R&B, UK Bass",2017
6116,The Blues Magoos,We Ain't Got Nothing Yet,"Garage Rock, Psychedelic Rock",1966
6117,Joe Tex,I Gotcha,"Funk, Soul",1972
6118,Bessie Smith,Back-Water Blues,Vaudeville Blues,1927
6119,Leftfield,Afrika Shox,Big Beat,1999
6120,Genesis,That's All,Pop Rock,1983
6121,Deep Purple,Speed King,Hard Rock,1970
6122,Crazy Horse,I Don't Want to Talk About It,Roots Rock,1971
6123,Van Morrison,Astral Weeks,"Chamber Folk, Singer/Songwriter",1968
6124,The Brothers Johnson,Stomp,"Disco, Funk",1980
6125,Neu!,Isi,Krautrock,1975
6126,The Jam,Beat Surrender,"Mod Revival, Pop Soul, Power Pop",1982
6127,Marlene Dietrich,Lili Marlene,"Chanson rï¿½aliste, Schlager",1945
6128,Tom Petty,I Won't Back Down,"Heartland Rock, Pop Rock",1989
6129,James Gang,Funk #49,"Funk Rock, Hard Rock",1970
6130,The Pogues,A Rainy Night in Soho,Celtic Rock,1986
6131,The Beatles,I've Just Seen a Face,"Country Pop, Folk Pop",1965
6132,The Strokes,You Only Live Once,"Garage Rock Revival, Indie Rock",2006
6133,Fleetwood Mac,The Green Manalishi (With the Two Prong Crown),Heavy Psych,1970
6134,Alaska y Dinarama,Ni tï¿½ ni nadie,"New Wave, Pop Rock",1984
6135,Jermaine Jackson,Let's Get Serious,"Dance-Pop, Disco, Pop Soul",1980
6136,SL2,On a Ragga Tip,Breakbeat Hardcore,1992
6137,Chromatics,In the City,"Dream Pop, Synthpop",2006
6138,Jane's Addiction,Three Days,Alternative Rock,1990
6139,Teena Marie,Square Biz,"Boogie, Funk, Pop Soul",1981
6140,Richard Hawley,The Ocean,"Baroque Pop, Singer/Songwriter",2005
6141,The Big Pink,Velvet,"Indie Rock, Indietronica",2009
6142,Bob Dylan,"Lily, Rosemary and the Jack of Hearts","Country Rock, Singer/Songwriter",1975
6143,Red Hot Chili Peppers,Aeroplane,"Alternative Rock, Funk Rock",1995
6144,Mr. Mister,Broken Wings,Pop Rock,1985
6145,The New Pornographers,The Laws Have Changed,"Indie Pop, Power Pop",2003
6146,The Streets,Blinded by the Lights,"2-Step, UK Hip Hop",2004
6147,Ramones,Beat on the Brat,Punk Rock,1976
6148,Sonic Youth,Incinerate,Indie Rock,2006
6149,Arrested Development,People Everyday,"Conscious Hip Hop, Political Hip Hop, Pop Rap, Southern Hip Hop",1992
6150,Pérez Prado,Cherry Pink and Apple Blossom White,Mambo,1955
6151,Fugazi,Merchandise,Post-Hardcore,1990
6152,Black,Wonderful Life,Sophisti-Pop,1986
6153,Major Lance,The Monkey Time,Chicago Soul,1963
6154,Dave Edmunds,Girls Talk,"New Wave, Power Pop",1979
6155,The Police,Invisible Sun,"New Wave, Pop Rock",1981
6156,Kay Starr,Wheel of Fortune,"Traditional Pop, Vocal Jazz",1952
6157,Years & Years,King,"Dance-Pop, Electropop, Synthpop",2015
6158,Joe Walsh,Rocky Mountain Way,Hard Rock,1973
6159,Britney Spears,Oops!...I Did It Again,"Dance-Pop, Teen Pop",2000
6160,Phyllis Dillon,Don't Stay Away,Rocksteady,1967
6161,Herb Alpert,This Guy's in Love with You,Lounge,1968
6162,Adriano Celentano,Prisencï¿½linensinï¿½inciï¿½sol,Funk Rock,1973
6163,Jerry Lee Lewis,High School Confidential,Rockabilly,1958
6164,Alan Braxe and Fred Falke,Intro,French House,2000
6165,The Beta Band,Inner Meet Me,"Indie Rock, Indietronica, Neo-Psychedelia",1998
6166,B.B. King,Lucille,Electric Blues,1968
6167,Lenny Welch,Since I Fell for You,Traditional Pop,1963
6168,The Hollywood Argyles,Alley-Oop,"Novelty, Rhythm & Blues, Rock & Roll",1960
6169,Audioslave,Cochise,"Alternative Rock, Hard Rock",2002
6170,Clyde McPhatter,Without Love (There Is Nothing),Rhythm & Blues,1956
6171,Yves Simon,Au pays des merveilles de Juliet,Chanson,1972
6172,Julio Bashmore,Battle for Middle You,"UK Bass, UK Funky",2011
6173,Bicep,Glue,"Breakbeat, UK Garage",2017
6174,Louis Armstrong,Tight Like This,Dixieland,1929
6175,Blur,Music Is My Radar,"Alternative Rock, Art Rock",2000
6176,Charles Bradley,Changes,"Deep Soul, Psychedelic Soul",2016
6177,David Bowie,Kooks,"Folk Rock, Glam Rock, Pop Rock",1971
6178,The Shirelles,Mama Said,Girl Group,1961
6179,Carly Simon,Nobody Does It Better,"Adult Contemporary, Film Soundtrack, Soft Rock",1977
6180,Chauncey Olcott,When Irish Eyes Are Smiling,Vaudeville,1913
6181,Los Fabulosos Cadillacs feat. Celia Cruz,Vasos vacï¿½os,"Latin Alternative, Ska",1988
6182,Skepta feat. JME,That's Not Me,Grime,2014
6183,David Bowie,I'm Afraid of Americans,"Alternative Rock, Industrial Rock",1997
6184,"Ernest V. ""Pop"" Stoneman",The Titanic,"Appalachian Folk Music, Old-Time",1925
6185,IAM,Je danse le Mia,"Boom Bap, French Hip Hop, Pop Rap",1993
6186,Georges Moustaki,Le mï¿½tï¿½que,Chanson,1969
6187,Pet Shop Boys,Opportunities (Let's Make Lots of Money),Synthpop,1986
6188,Section 25,Looking from a Hilltop,"Electro, Synthpop",1984
6189,Caroline Polachek,Door,"Art Pop, Downtempo",2019
6190,Felix,Don't You Want Me,"Euro House, Techno",1992
6191,Barbra Streisand,Woman in Love,Adult Contemporary,1980
6192,Don Henley,The End of the Innocence,Pop Rock,1989
6193,Sugar,Changes,"Alternative Rock, Power Pop",1992
6194,Sun Ra,Space Is the Place,Avant-Garde Jazz,1973
6195,Metric,Help I'm Alive,Indie Rock,2008
6196,Mumford & Sons,I Will Wait,"Americana, Indie Folk",2012
6197,Lalo Schifrin,Mission: Impossible,"Big Band, Television Music",1967
6198,Michael Kiwanuka,Black Man in a White World,Soul,2016
6199,Pavement,Stereo,Indie Rock,1997
6200,LeAnn Rimes,Blue,Country Pop,1996
6201,Cam'ron feat. Juelz Santana,Oh Boy,"East Coast Hip Hop, Pop Rap",2002
6202,The Stop the Violence Movement,Self-Destruction,"Conscious Hip Hop, East Coast Hip Hop",1989
6203,Ultramagnetic MCs,Ego Tripping,"Abstract Hip Hop, Boom Bap, East Coast Hip Hop",1986
6204,Pizzicato Five,Twiggy Twiggy,"Shibuya-kei, Yï¿½-yï¿½",1991
6205,The Strokes,Is This It,Indie Rock,2001
6206,Dionne Warwick,I Say a Little Prayer,Pop Soul,1967
6207,Smog,Dress Sexy at My Funeral,Indie Folk,2000
6208,Cecil Taylor,"Enter, Evening (Soft Line Structure)",Free Jazz,1966
6209,Mastodon,Blood & Thunder,Sludge Metal,2004
6210,Bob Dylan,Can You Please Crawl Out Your Window?,"Folk Rock, Singer/Songwriter",1965
6211,The Nashville Teens,Tobacco Road,"British Rhythm & Blues, Garage Rock",1964
6212,Ghostface Killah,Nutmeg,"Boom Bap, East Coast Hip Hop",2000
6213,Janis Joplin,Kozmic Blues,Blues Rock,1969
6214,Phoenix,Trying to Be Cool,"Indie Pop, New Wave, Synthpop",2013
6215,Pet Shop Boys,Can You Forgive Her?,Synthpop,1993
6216,Pixies,Alec Eiffel,Indie Rock,1991
6217,Boyz II Men,I'll Make Love to You,"Adult Contemporary, Contemporary R&B",1994
6218,Daryl Hall & John Oates,Private Eyes,Pop Rock,1981
6219,Wild Flag,Romance,Indie Rock,2011
6220,The Horrors,Sheena Is a Parasite,"Garage Punk, Garage Rock Revival",2006
6221,Grant Lee Buffalo,Fuzzy,Slowcore,1993
6222,Johnny Cash,The Ballad of Ira Hayes,Country,1964
6223,Bessie Smith,T Ain't Nobody's Bizness If I Do,"Piano Blues, Vaudeville Blues",1923
6224,Björk & David Arnold,Play Dead,"Art Pop, Trip Hop",1993
6225,Les Negresses Vertes,Zobi la mouche,Chanson alternative,1989
6226,The Beatles,No Reply,"Folk Rock, Pop Rock",1964
6227,Lorde,The Louvre,"Art Pop, Synthpop",2017
6228,Bruce Channel,Hey! Baby,"Pop, Rock & Roll",1961
6229,Eric Burdon & The Animals,San Franciscan Nights,Psychedelic Rock,1967
6230,Onyx,Throw Ya Gunz,"Boom Bap, East Coast Hip Hop, Hardcore Hip Hop",1992
6231,M83,Run into Flowers,Electronic,2003
6232,The Blue Nile,Tinseltown in the Rain,Sophisti-Pop,1984
6233,Melanie,Lay Down (Candles in the Rain),"Folk Pop, Singer/Songwriter",1970
6234,Elvis Costello,(The Angels Wanna Wear My) Red Shoes,"New Wave, Pop Rock",1977
6235,Primal Scream,Accelerator,"Noise Pop, Noise Rock",2000
6236,Belinda Carlisle,Heaven Is a Place on Earth,Pop Rock,1987
6237,Snoop Dogg feat. Pharrell Williams,Beautiful,"Pop Rap, West Coast Hip Hop",2002
6238,Steve Miller Band,Abracadabra,"New Wave, Pop Rock",1982
6239,Mary Wells,You Beat Me to the Punch,Motown Sound,1962
6240,Kris Kristofferson,Help Me Make It Through the Night,"Progressive Country, Singer/Songwriter",1970
6241,M. Ward,Chinese Translation,"Folk Rock, Indie Folk, Singer/Songwriter",2006
6242,Waylon Jennings,Good Hearted Woman,Outlaw Country,1971
6243,Empire of the Sun,We Are the People,"Electropop, Indietronica",2008
6244,My Bloody Valentine,Only Tomorrow,"Noise Pop, Shoegaze",2013
6245,Foo Fighters,Rope,"Alternative Rock, Hard Rock",2011
6246,The Supremes,I Hear a Symphony,"Girl Group, Motown Sound",1965
6247,Gonzales,Take Me to Broadway,"Alternative Dance, Hip Hop",2001
6248,PJ Harvey,Good Fortune,"Alternative Rock, Singer/Songwriter",2000
6249,The Blue Nile,Downtown Lights,"New Romantic, Sophisti-Pop, Synthpop",1989
6250,Pat Boone,Love Letters in the Sand,Traditional Pop,1957
6251,Alanis Morissette,Thank U,"Pop Rock, Singer/Songwriter",1998
6252,Death Cab for Cutie,Transatlanticism,Midwest Emo,2003
6253,Bobby Day,Rock-in Robin,"Rhythm & Blues, Rock & Roll",1958
6254,Robbie Williams,Millennium,Baroque Pop,1998
6255,A Taste of Honey,Boogie Oogie Oogie,"Boogie, Funk",1978
6256,The Clash,Bankrobber,Reggae,1980
6257,Chavela Vargas,La llorona,"Bolero, Ranchera",1961
6258,Ariel Pink's Haunted Graffiti,Only in My Dreams,"Hypnagogic Pop, Indie Pop, Psychedelic Pop",2012
6259,Ought,Beautiful Blue Skyï¿½,"Art Punk, Post-Punk",2015
6260,João Gilberto,Desafinado,Bossa Nova,1959
6261,Madonna,Sorry,Dance-Pop,2005
6262,Manic Street Preachers,You Love Us,"Alternative Rock, Hard Rock, Punk Rock",1991
6263,Sammy Hagar,I Can't Drive 55,Glam Metal,1984
6264,The Impressions,I'm So Proud,"Chicago Soul, Pop Soul",1964
6265,The Rapture,I Need Your Love,"Alternative Dance, Indietronica",2003
6266,Outlaws,Green Grass and High Tides,"Country Rock, Hard Rock, Southern Rock",1975
6267,Radio 4,Dance to the Underground,"Dance-Punk, Post-Punk Revival",2001
6268,Vashti Bunyan,Diamond Day,"Chamber Folk, Singer/Songwriter",1970
6269,Antony and The Johnsons,Fistful of Love,"Chamber Pop, Singer/Songwriter, Soul Jazz",2004
6270,The New Pornographers,Brill Bruisers,"Indie Pop, Power Pop",2014
6271,The Who,You Better You Bet,Pop Rock,1981
6272,Supergrass,Pumping on Your Stereo,"Britpop, Glam Rock, Power Pop",1999
6273,Peter Frampton,Baby I Love Your Way,Pop Rock,1975
6274,Kathy Young with The Innocents,A Thousand Stars,Doo-Wop,1960
6275,Xavier Cugat,Brazil,Samba-exaltaï¿½ï¿½o,1942
6276,Bob Andy,I've Got to Go Back Home,Rocksteady,1967
6277,David Sylvian,Orpheus,Art Pop,1987
6278,Otis Redding,These Arms of Mine,"Deep Soul, Rhythm & Blues",1962
6279,Run the Jewels,Oh My Darling Donï¿½t Cry,Hardcore Hip Hop,2014
6280,Sonny Rollins,The Freedom Suite,Hard Bop,1958
6281,Foo Fighters,Big Me,Alternative Rock,1995
6282,Prince,Batdance,"Dance-Pop, Film Soundtrack, Funk",1989
6283,David Bowie,All the Young Dudes,Glam Rock,1974
6284,Tubeway Army,Down in the Park,"New Wave, Synthpop",1979
6285,Canned Heat,Going Up the Country,"Blues Rock, Folk Rock, Roots Rock",1968
6286,The Posies,Dream All Day,"Alternative Rock, Power Pop",1993
6287,The Smiths,Last Night I Dreamt That Somebody Loved Me,"Indie Pop, Jangle Pop",1987
6288,Destroyer,Chinatown,"Indie Pop, Sophisti-Pop",2011
6289,Barbara,Nantes,Chanson ï¿½ texte,1964
6290,Migos feat. Drake,Versace (Remix),"Southern Hip Hop, Trap",2013
6291,Okkervil River,For Real (There's Nothing Quite Like the Blinding Light),"Indie Folk, Indie Rock",2005
6292,Neil Sedaka,Breaking Up Is Hard to Do,"Brill Building, Doo-Wop",1962
6293,The Cure,Charlotte Sometimes,"Gothic Rock, Post-Punk",1981
6294,MFSB,Love Is The Message,"Disco, Philly Soul",1973
6295,TV on the Radio,Dancing Choose,"Indie Rock, Indietronica",2008
6296,Lyle Lovett,If I Had a Boat,Contemporary Country,1988
6297,The White Stripes,You Don't Know What Love Is (You Just Do As You're Told),"Alternative Rock, Garage Rock Revival",2007
6298,The Passions [UK],I'm in Love with a German Film Star,New Wave,1981
6299,Justin Timberlake,What Goes Around...Comes Around,"Art Pop, Contemporary R&B",2006
6300,Serge Reggiani,Sarah,Chanson,1967
6301,Guns N' Roses,Knockin' on Heaven's Door,Hard Rock,1990
6302,Cliff Richard and The Drifters,Living Doll,Country Pop,1959
6303,The Beach Boys,I Can Hear Music,"Pop Rock, Sunshine Pop",1969
6304,Timbuk 3,"The Future's So Bright, I Gotta Wear Shades",Pop Rock,1986
6305,Jay-Z & T.I. feat. Kanye West & Lil Wayne,Swagga Like Us,Hip Hop,2008
6306,Joni Mitchell,"You Turn Me On, I'm a Radio","Folk Pop, Singer/Songwriter",1972
6307,Loretta Lynn,Fist City,Country Pop,1968
6308,Hank Williams,I Saw the Light,Country Gospel,1948
6309,Frankie Smith,Double Dutch Bus,Disco Rap,1980
6310,Dan Hartman,Relight My Fire,Disco,1979
6311,Waylon Jennings and Willie Nelson,Mammas Don't Let Your Babies Grow Up to Be Cowboys,Outlaw Country,1978
6312,The Ink Spots and Ella Fitzgerald,Into Each Life Some Rain Must Fall,"Traditional Pop, Vocal Group",1944
6313,Madonna,Dress You Up,Dance-Pop,1984
6314,Gram Parsons,She,Country Rock,1973
6315,Cocteau Twins,Sugar Hiccup,"Dream Pop, Ethereal Wave",1983
6316,Bilderbuch,Maschin,Art Pop,2013
6317,Eddy Arnold,Make the World Go Away,"Nashville Sound, Traditional Pop",1965
6318,Hugh Masekela,Grazing in the Grass,"Afro-Jazz, Soul Jazz",1968
6319,Nirvana,Rape Me,Grunge,1993
6320,Cults,Abducted,Twee Pop,2011
6321,Lambchop,Is a Woman,"Alt-Country, Chamber Pop",2002
6322,Bob Dylan,She's Your Lover Now,"Folk Rock, Singer/Songwriter",1991
6323,John Fogerty,The Old Man Down the Road,Swamp Rock,1984
6324,Sparks,Never Turn Your Back on Mother Earth,"Art Pop, Baroque Pop, Glam Rock",1974
6325,Billy Idol,Rebel Yell,"New Wave, Pop Rock",1983
6326,Sumo,La rubia tarada,"New Wave, Post-Punk",1985
6327,Beyoncï¿½,Ring the Alarm,"Contemporary R&B, Pop",2006
6328,The Auteurs,Showgirl,Britpop,1992
6329,Lefty Frizzell,Always Late (with Your Kisses),Honky Tonk,1951
6330,Caribou,Home,"Neo-Soul, Plunderphonics, Trip Hop",2019
6331,Zager and Evans,In the Year 2525 (Exordium and Terminus),"Folk Pop, Pop Rock",1969
6332,Ash,Burn Baby Burn,"Indie Rock, Pop Punk, Power Pop",2001
6333,Saint Etienne,Like a Motorway,"Dance-Pop, Indie Pop, Synthpop",1994
6334,Tobias Jesso Jr.,Without You,"Piano Rock, Singer/Songwriter",2015
6335,Rammstein,Du hast,Neue Deutsche Hï¿½rte,1997
6336,Martin Carthy,Scarborough Fair,Folk Baroque,1965
6337,Silver Convention,"Fly, Robin, Fly",Euro-Disco,1975
6338,The Rascals,How Can I Be Sure,"Baroque Pop, Sunshine Pop",1967
6339,Spoonie Gee,Spoonin Rap,"Disco Rap, East Coast Hip Hop",1979
6340,The Kinks,Autumn Almanac,Pop Rock,1967
6341,Charlie Parker and His Re-Boppers,Billie's Bounce,Bebop,1946
6342,Mark Ronson feat. Amy Winehouse,Valerie,"Jazz Pop, Pop Soul",2007
6343,Camille,Ta douleur,"A cappella, Art Pop, French Pop, Nouvelle chanson franï¿½aise",2005
6344,Skip James,Hard Time Killing Floor Blues,Delta Blues,1931
6345,Kendrick Lamar,Untitled 07 | 2014 - 2016 (levitate),"Trap, West Coast Hip Hop",2016
6346,Madonna,Where's the Party,"Dance-Pop, Synthpop",1986
6347,(Sandy) Alex G,Bobby,"Folk Pop, Indie Folk, Singer/Songwriter",2017
6348,The Supremes,Love Is Like an Itching in My Heart,"Girl Group, Motown Sound",1966
6349,Noreaga,Superthug,"East Coast Hip Hop, Pop Rap",1998
6350,Billy Joel,Scenes from an Italian Restaurant,"Piano Rock, Progressive Pop, Singer/Songwriter",1977
6351,Blood Orange,Chamakay,"Alternative R&B, Smooth Soul, Sophisti-Pop, Synthpop",2013
6352,R.E.M.,Leaving New York,"Alternative Rock, Pop Rock",2004
6353,Frank Zappa & Moon Zappa,Valley Girl,"Comedy Rock, New Wave, Satire",1982
6354,Tommy Dorsey,Marie,"Big Band, Swing",1937
6355,Georges Brassens,Chanson pour l'Auvergnat,Chanson ï¿½ texte,1954
6356,The Partridge Family,I Think I Love You,Bubblegum,1970
6357,Clyde McPhatter,A Lover's Question,Rhythm & Blues,1958
6358,The Doors,When the Music's Over,Psychedelic Rock,1967
6359,The Troggs,I Can't Control Myself,"Beat Music, British Rhythm & Blues, Garage Rock",1966
6360,My Bloody Valentine,Feed Me with Your Kiss,"Noise Pop, Shoegaze",1988
6361,Free,Wishing Well,Hard Rock,1972
6362,John Coltrane,Ascension,"Free Jazz, Spiritual Jazz",1966
6363,Chapterhouse,Pearl,"Dream Pop, Shoegaze",1991
6364,Joni Mitchell,This Flight Tonight,"Contemporary Folk, Singer/Songwriter",1971
6365,Paul Kelly [Australia],From Little Things Big Things Grow,Folk Rock,1991
6366,Lloyd Cole and The Commotions,Forest Fire,Jangle Pop,1984
6367,Chick Corea,Return to Forever,Jazz Fusion,1972
6368,Chuck Berry,My Ding-a-Ling,"Novelty, Pop Rock",1972
6369,Sting,They Dance Alone (Gueca Solo),Sophisti-Pop,1987
6370,Robert Parker,Barefootin',"New Orleans R&B, Soul",1966
6371,Falco,Der Kommissar,"Disco Rap, Neue Deutsche Welle, Synthpop",1982
6372,Eagles,Already Gone,"Country Rock, Pop Rock",1974
6373,Bruce Springsteen,Spirit in the Night,"Heartland Rock, Singer/Songwriter",1973
6374,Carly Simon,That's the Way I've Always Heard It Should Be,"Pop, Singer/Songwriter",1971
6375,Henri Salvador,"Le loup, la biche et le chevalier",Chanson,1950
6376,Model 500,No UFO's,"Detroit Techno, Electro",1985
6377,Charlie Rich,Lonely Weekends,Rockabilly,1960
6378,Wilco,Spiders (Kidsmoke),Alternative Rock,2004
6379,Amy Winehouse,Tears Dry on Their Own,"Pop Soul, Rhythm & Blues",2006
6380,Erykah Badu,Bag Lady,Neo-Soul,2000
6381,Toadies,Possum Kingdom,Post-Grunge,1994
6382,Scritti Politti,Perfect Way,"Sophisti-Pop, Synthpop",1985
6383,Sade,Soldier of Love,"Neo-Soul, Trip Hop",2009
6384,Bobbie Gentry,Fancy,"Country Pop, Country Soul",1969
6385,Fontaines D.C.,Boys in the Better Land,Post-Punk,2018
6386,Spice Girls,Say You'll Be There,"Contemporary R&B, Dance-Pop",1996
6387,John Fred and His Playboy Band,Judy in Disguise (With Glasses),"Bubblegum, Psychedelic Pop",1967
6388,King Oliver's Creole Jazz Band,Chimes Blues,Dixieland,1923
6389,King Cole Trio,Sweet Lorraine,Vocal Jazz,1941
6390,Photek,The Hidden Camera,Atmospheric Drum and Bass,1996
6391,Joan Armatrading,Love and Affection,"Pop, Singer/Songwriter",1976
6392,Hank Williams,You Win Again,Honky Tonk,1952
6393,Sonic Youth,Sugar Kane,"Alternative Rock, Noise Rock",1992
6394,Weezer,Pork and Beans,"Alternative Rock, Power Pop",2008
6395,Marvin Gaye & Tammi Terrell,Your Precious Love,Motown Sound,1967
6396,Frank Sinatra,"(Theme from) New York, New York","Traditional Pop, Vocal Jazz",1980
6397,Paul Revere & The Raiders,Just Like Me,Garage Rock,1965
6398,Johnny Nash,Stir It Up,Pop Reggae,1972
6399,Supergrass,Moving,Britpop,1999
6400,The Gap Band,You Dropped a Bomb on Me,"Contemporary R&B, Synth Funk",1982
6401,Kid Rock,Bawitdaba,"Hard Rock, Rap Metal, Rap Rock",1998
6402,Gang Starr,Just to Get a Rep,"Boom Bap, Conscious Hip Hop, East Coast Hip Hop",1990
6403,King Krule,Easy Easy,"Indie Rock, Post-Punk, Singer/Songwriter",2013
6404,Cold Cave,The Great Pan Is Dead,Synthpop,2011
6405,The Mamas and the Papas,I Saw Her Again,"Folk Pop, Sunshine Pop",1966
6406,Pink Floyd,One of These Days,"Art Rock, Progressive Rock, Space Rock",1971
6407,Foals,What Went Down,Indie Rock,2015
6408,Aztec Camera,Oblivious,"Jangle Pop, New Wave",1983
6409,Donovan,Sunny Goodge Street,"Contemporary Folk, Singer/Songwriter",1965
6410,Royal Blood,Figure It Out,Hard Rock,2014
6411,New Orleans Rhythm Kings,Tin Roof Blues,Dixieland,1923
6412,Orchestra Baobab,Coumba,Wolof Music,1982
6413,Falco,Rock Me Amadeus,"Neue Deutsche Welle, Pop Rap, Synthpop",1985
6414,Kurt Vile,Baby's Arms,"Psychedelic Folk, Singer/Songwriter",2011
6415,Kanye West,Father Stretch My Hands,"Pop Rap, Trap",2016
6416,The Osmonds,Crazy Horses,"Hard Rock, Pop Rock",1972
6417,Barenaked Ladies,One Week,Pop Rock,1998
6418,"Earth, Wind & Fire",Serpentine Fire,Funk,1977
6419,The Viscounts,Harlem Nocturne,"Jazz, Rock & Roll",1959
6420,Johnny Otis,Harlem Nocturne,Swing,1945
6421,The Chills,Heavenly Pop Hit,"Dunedin Sound, Jangle Pop",1990
6422,Foreigner,Urgent,"AOR, Pop Rock",1981
6423,Cat Stevens,Morning Has Broken,"Contemporary Folk, Singer/Songwriter",1971
6424,John Prine,Hello in There,"Contemporary Folk, Country, Singer/Songwriter",1971
6425,Pretenders,Don't Get Me Wrong,Pop Rock,1986
6426,Tom Petty and The Heartbreakers,The Waiting,"Heartland Rock, Roots Rock",1981
6427,Cher,"Gypsys, Tramps and Thieves","Baroque Pop, Folk Pop",1971
6428,alt-J,Every Other Freckle,"Art Pop, Indietronica",2014
6429,Brittany Howard,Stay High,"Psychedelic Soul, Soul Blues",2019
6430,Pete Shelley,Homosapien,"New Wave, Synthpop",1981
6431,Patti Smith Group,Frederick,"Art Rock, Pop Rock",1979
6432,Young Jeezy feat. Kanye West,Put On,"Southern Hip Hop, Trap",2008
6433,Rosemary Clooney,Hey There,"Easy Listening, Traditional Pop",1954
6434,Archie Bleyer,Hernando's Hideaway,"Novelty, Traditional Pop",1954
6435,Fatboy Slim feat. Bootsy Collins,Weapon Of Choice,"Big Beat, Funk",2000
6436,Robert Charlebois & Louise Forestier,Lindbergh,Psychedelic Rock,1968
6437,Pat Benatar,Hit Me with Your Best Shot,Pop Rock,1980
6438,Kent,Dom andra,"Alternative Rock, Pop Rock",2002
6439,Ice-T,Colors,"Gangsta Rap, West Coast Hip Hop",1988
6440,Kenny Rogers & Dolly Parton,Islands in the Stream,"Adult Contemporary, Urban Cowboy",1983
6441,Bob Dylan,Thunder on the Mountain,"Americana, Roots Rock",2006
6442,The Clash,Rudie Can't Fail,Reggae,1979
6443,"Emerson, Lake & Palmer",Lucky Man,"Folk Rock, Progressive Rock",1970
6444,Joe Cocker,You Are So Beautiful,"Adult Contemporary, Blue Eyed Soul, Soft Rock",1974
6445,Melanie,Brand New Key,"Folk Pop, Singer/Songwriter",1971
6446,Laurent Voulzy,"Belle-ï¿½le-en-Mer, Marie-Galante","French Pop, Synthpop",1985
6447,Valee feat. Jeremih,Womp Womp,"Pop Rap, Trap",2018
6448,The Supremes,Back in My Arms Again,"Girl Group, Motown Sound",1965
6449,Charles Aznavour,La Mamma,Chanson ï¿½ texte,1963
6450,The Andrews Sisters,Rum and Coca-Cola,"Calypso, Vocal Group",1944
6451,Grace Jones,Nightclubbing,"Art Pop, Dub",1981
6452,Wild Beasts,Wanderlust,"Art Pop, Synthpop",2014
6453,Supertramp,Bloody Well Right,Progressive Rock,1974
6454,Eurythmics with Aretha Franklin,Sisters Are Doin' It for Themselves,Pop Soul,1985
6455,Noir Désir,Tostaky (Le continent),Alternative Rock,1992
6456,Spirit,I Got a Line on You,Psychedelic Rock,1968
6457,Leroy Carr & Scrapper Blackwell,Blues Before Sunrise,Piano Blues,1934
6458,Avicii,Levels,"Electro House, Progressive House",2011
6459,John Talabot feat. Pional,Destiny,Balearic Beat,2012
6460,Monie Love,It's a Shame (My Sister),"East Coast Hip Hop, Freestyle, Pop Rap",1990
6461,Van Morrison,The Way Young Lovers Do,"Jazz Pop, Singer/Songwriter, Vocal Jazz",1968
6462,Metronomy,Salted Caramel Ice Cream,Synthpop,2019
6463,The Pretty Things,Don't Bring Me Down,"British Rhythm & Blues, Garage Rock",1964
6464,Frankie Knuckles presents Satoshi Tomiie,Tears,"Chicago House, Deep House",1989
6465,The Exciters,Tell Him,"Brill Building, Girl Group",1962
6466,Prince and The Revolution,Darling Nikki,"Film Soundtrack, Funk Rock, New Wave",1984
6467,Steve Earle,Guitar Town,"Americana, Country Rock",1986
6468,Dave Dudley,Six Days on the Road,Truck Driving Country,1963
6469,Kinky,Soun tha mi primer amor,"Latin Alternative, Latin Electronic, Pop Rock",2002
6470,Broken Social Scene,Stars and Sons,Indie Rock,2002
6471,Sean Paul,Gimme the Light,"Pop Reggae, Ragga",2001
6472,Color Me Badd,I Wanna Sex You Up,"Boy Band, New Jack Swing",1991
6473,Neu!,Neuschnee,Krautrock,1972
6474,Jimmie Rodgers,Waiting for a Train,Country Yodeling,1929
6475,Rage Against the Machine,Bullet in the Head,Rap Metal,1992
6476,k-os,Crabbuckit,"Jazz Rap, Pop Rap",2004
6477,Soulwax,NY Excuse,"Electro House, Electroclash, Indietronica",2004
6478,Luciano,It's Me Again Jah,Roots Reggae,1994
6479,The Byrds,Have You Seen Her Face,"Folk Rock, Pop Rock, Psychedelic Pop",1967
6480,"Evelyn ""Champagne"" King",Love Come Down,Boogie,1982
6481,Hurts,Wonderful Life,"Sophisti-Pop, Synthpop",2010
6482,Belle and Sebastian,Wrapped Up in Books,"Chamber Pop, Twee Pop",2003
6483,Girls,Hellhole Ratrace,"Indie Pop, Indie Rock",2008
6484,Jelly Roll Morton,Kansas City Stomps,Dixieland,1929
6485,Rick James,Give It to Me Baby,"Disco, Synth Funk",1981
6486,Curtis Lee,Pretty Little Angel Eyes,"Brill Building, Doo-Wop",1961
6487,The Monroe Brothers,What Would You Give in Exchange?,Close Harmony,1936
6488,Domenico Modugno,Piove (Ciao ciao bambina),"Italo Pop, Traditional Pop",1959
6489,Charles Trenet,La Folle complainte,Chanson,1951
6490,St. Louis Jimmy Oden,Going Down Slow,Piano Blues,1941
6491,Spandau Ballet,Chant No. 1 (I Don't Need This Pressure On),New Romantic,1981
6492,Fred Astaire,A Fine Romance (A Sarcastic Love Song),"Traditional Pop, Vocal Jazz",1936
6493,Element of Crime,Weißes Papier,"Deutschrock, Indie Pop, Liedermacher",1993
6494,Dead Kennedys,Too Drunk to Fuck,Hardcore Punk,1981
6495,Jelly Roll Morton,The Pearls,"Dixieland, Ragtime",1924
6496,Patsy Cline,Sweet Dreams (Of You),Nashville Sound,1963
6497,Renaud,Mistral Gagnant,Chanson,1985
6498,Mariah Carey,Honey,"Contemporary R&B, Pop",1997
6499,Aerosmith,Mama Kin,Hard Rock,1973
6500,Madonna,True Blue,Pop,1986
6501,Stevie Wonder,Isn't She Lovely,Pop Soul,1976
6502,The Soup Dragons,I'm Free,"Alternative Dance, Baggy / Madchester",1990
6503,Camarón de la Isla,Soy gitano,Flamenco Nuevo,1989
6504,Keane,Everybody's Changing,Piano Rock,2003
6505,OFWGKTA,Oldie,"Abstract Hip Hop, Boom Bap, Jazz Rap, West Coast Hip Hop",2012
6506,Editors,Papillon,"Electronic, Post-Punk Revival",2009
6507,Johnny Preston,Running Bear,Pop,1959
6508,Tom Browne,Funkin' For Jamaica,Funk,1980
6509,Joe South,Walk a Mile in My Shoes,Country Soul,1969
6510,Prince,Adore,"Contemporary R&B, Smooth Soul",1987
6511,Billy Murray,You're a Grand Old Rag,Vaudeville,1906
6512,The Tragically Hip,Ahead by a Century,Folk Rock,1996
6513,Beck,E-Pro,Alternative Rock,2005
6514,Robert Petway,Catfish Blues,Delta Blues,1941
6515,The Bonzo Dog Doo-Dah Band,Death Cab for Cutie,"Musical Comedy, Rhythm & Blues",1967
6516,Indochine,J'ai demandï¿½ ï¿½ la lune,"French Pop, Pop Rock",2002
6517,The Flaming Lips,The Yeah Yeah Yeah Song,"Indie Pop, Neo-Psychedelia, Psychedelic Pop",2006
6518,LaVern Baker,Jim Dandy Got Married,"Pop, Rhythm & Blues, Rock & Roll",1957
6519,Slim Harpo,Baby Scratch My Back,"Rhythm & Blues, Swamp Blues",1966
6520,Band of Horses,Is There a Ghost,Indie Rock,2007
6521,Tina Turner,Private Dancer,"Pop Rock, Pop Soul",1984
6522,Young Disciples,Apparently Nothin',Acid Jazz,1991
6523,The Vaccines,If You Wanna,Post-Punk Revival,2011
6524,"Tyler, the Creator",I Think,"Neo-Soul, Psychedelic Soul",2019
6525,Fall Out Boy,"Sugar, We're Goin Down","Emo-Pop, Pop Punk",2005
6526,The Cranberries,Dreams,"Dream Pop, Jangle Pop",1992
6527,Nine Inch Nails,Survivalism,Industrial Rock,2007
6528,Beatsteaks,I Don't Care as Long as You Sing,Alternative Rock,2004
6529,Christina Aguilera feat. Redman,Dirrty,"Contemporary R&B, Dance-Pop",2002
6530,Danny Brown,Ain't It Funny,"Experimental Hip Hop, Hardcore Hip Hop",2016
6531,The Hold Steady,Chill Out Tent,"Heartland Rock, Indie Rock, Pub Rock",2006
6532,Courtney Barnett,Need a Little Time,"Indie Rock, Singer/Songwriter",2018
6533,The Beatles,You Wonï¿½t See Me,Pop Rock,1965
6534,Slipknot,Wait and Bleed,Nu Metal,1999
6535,Sufjan Stevens,I Walked,"Art Pop, Glitch Pop, Indietronica",2010
6536,Cameo,Room 123 (She's Strange),"Contemporary R&B, Synth Funk",1984
6537,Christophe,Aline,"Chanson, French Pop",1965
6538,D'Angelo,Devil's Pie,"Contemporary R&B, Neo-Soul",1998
6539,Glenn Miller,That Old Black Magic,"Big Band, Vocal Jazz",1943
6540,Judy Garland,The Trolley Song,"Film Soundtrack, Traditional Pop",1944
6541,Barbara,La Solitude,Chanson ï¿½ texte,1965
6542,King Oliver's Creole Jazz Band,Canal Street Blues,Dixieland,1923
6543,Della Reese,Don't You Know,"Soul Jazz, Vocal Jazz",1959
6544,The Stone Roses,Love Spreads,"Alternative Rock, Neo-Psychedelia",1994
6545,George Harrison,Awaiting on You All,Pop Rock,1970
6546,Sufjan Stevens,Come on Feel the Illinoise,"Chamber Pop, Progressive Pop",2005
6547,Jorja Smith,Blue Lights,"Alternative R&B, Trip Hop",2016
6548,Pee Wee King & His Golden West Cowboys,Slow Poke,Traditional Country,1951
6549,Adam Green,Jessica,"Indie Pop, Satire",2003
6550,The World Famous Supreme Team,Hey DJ,"East Coast Hip Hop, Electro, Pop Rap",1984
6551,Billy Preston,Nothing From Nothing,"Pop Soul, Rhythm & Blues",1974
6552,Harry James & His Orchestra,Sleepy Lagoon,Big Band,1942
6553,Coleman Hawkins,Picasso,Bebop,1949
6554,Glen Gray & The Casa Loma Orchestra,Sunrise Serenade,Big Band,1939
6555,The Libertines,Gunga Din,Indie Rock,2015
6556,Catatonia,Road Rage,"Britpop, Indie Rock",1998
6557,Laura Pausini,La solitudine,Italo Pop,1993
6558,Steely Dan,Show Biz Kids,"Jazz-Rock, Pop Rock",1973
6559,M.I.A.,Born Free,Synth Punk,2010
6560,Jamie Lidell,Multiply,"Blue Eyed Soul, Pop Soul",2005
6561,Kula Shaker,Tattva,"Britpop, Neo-Psychedelia, Raga Rock",1996
6562,Lil Wayne,Georgia...Bush,Political Hip Hop,2006
6563,Fiona Apple,Sleep to Dream,"Art Pop, Singer/Songwriter",1996
6564,Depeche Mode,Behind the Wheel,Synthpop,1987
6565,Jay-Z,I Just Wanna Love U (Give It 2 Me),"East Coast Hip Hop, Pop Rap",2000
6566,Dave Clarke,Wisdom to the Wise,Techno,1994
6567,Radiohead,Optimistic,"Alternative Rock, Art Rock",2000
6568,Loudon Wainwright III,Rufus Is a Tit Man,"Contemporary Folk, Singer/Songwriter",1975
6569,Fleetwood Mac,Big Love,Pop Rock,1987
6570,Gary Puckett & the Union Gap,Young Girl,Pop,1968
6571,Haim,Want You Back,Pop Rock,2017
6572,Scott Walker,Farmer in the City,"Art Pop, Baroque Pop",1995
6573,Alanis Morissette,Hand in My Pocket,"Alternative Rock, Pop Rock, Singer/Songwriter",1995
6574,"Marley Marl feat. Masta Ace, Craig G, Kool G Rap & Big Daddy Kane",The Symphony,"Boom Bap, East Coast Hip Hop, Hardcore Hip Hop",1988
6575,Lloyd Price,Personality,"New Orleans R&B, Pop Soul",1959
6576,Kate Bush,The Sensual World,Art Pop,1989
6577,The Jimi Hendrix Experience,Castles Made of Sand,"Blues Rock, Psychedelic Rock",1967
6578,Charles Aznavour,Comme ils disent,Chanson ï¿½ texte,1972
6579,Queen,Keep Yourself Alive,Hard Rock,1973
6580,Bizarre Inc.,Playing with Knives,Breakbeat Hardcore,1991
6581,Jane's Addiction,Just Because,"Alternative Rock, Glam Rock",2003
6582,Freddy Fender,Before the Next Teardrop Falls,Country Pop,1974
6583,Cloud Nothings,Stay Useless,Indie Rock,2012
6584,KC and The Sunshine Band,Please Don't Go,Pop Soul,1979
6585,"Tyler, the Creator feat. Frank Ocean & Steve Lacy",911/Mr. Lonely,"Neo-Soul, West Coast Hip Hop",2017
6586,Shania Twain,That Don't Impress Me Much,"Country Pop, Dance-Pop",1997
6587,Jackson Browne,Fountain of Sorrow,Singer/Songwriter,1974
6588,Guided by Voices,Teenage FBI,"Indie Rock, Power Pop",1999
6589,Baddiel & Skinner & Lightning Seeds,Three Lions,Britpop,1996
6590,Pacific Gas & Electric,Are You Ready?,Blues Rock,1970
6591,R. Kelly feat. T.I. and T-Pain,I'm a Flirt (Remix),Contemporary R&B,2007
6592,Andrew Bird,Fake Palindromes,"Chamber Pop, Indie Folk, Singer/Songwriter",2005
6593,Charly García,"Nos siguen pegando abajo ""pecado mortal""","Art Rock, New Wave",1983
6594,Blur,She's So High,"Baggy / Madchester, Neo-Psychedelia",1990
6595,Calvin Harris,Acceptable in the '80s,"Electro-Disco, Electropop, Nu-Disco",2006
6596,Boyz II Men & Mariah Carey,One Sweet Day,"Adult Contemporary, Contemporary R&B, Pop Soul",1995
6597,Sia feat. Sean Paul,Cheap Thrills,"Contemporary R&B, Dancehall, Electropop",2015
6598,Big Brother and The Holding Company,Down on Me,"Acid Rock, Blues Rock",1967
6599,These New Puritans,We Want War,"Art Rock, Darkwave, Post-Punk",2010
6600,Bill Withers,Harlem,Soul,1971
6601,David Bowie,Cat People (Putting Out Fire),"Film Soundtrack, New Wave, Pop Rock",1982
6602,Exposé,Point of No Return,Freestyle,1987
6603,Suzi Quatro,Devil Gate Drive,"Glam Rock, Pop Rock, Rock & Roll",1974
6604,Elton John,Don't Let the Sun Go Down on Me,"Piano Rock, Soft Rock",1974
6605,The American Quartet,Over There,"Traditional Pop, Vocal Group",1917
6606,Ohio Players,Funky Worm,Funk,1972
6607,Ryan Adams,Oh My Sweet Carolina,"Americana, Singer/Songwriter",2000
6608,Rilo Kiley,Silver Lining,Indie Pop,2007
6609,Furry Lewis,Kassie Jones,Country Blues,1928
6610,INXS,Original Sin,Pop Rock,1983
6611,The Coral,In the Morning,"Indie Pop, Jangle Pop",2005
6612,Roxanne Shanté,Go On Girl,East Coast Hip Hop,1988
6613,Rainbow,Since You Been Gone,"Hard Rock, Pop Rock",1979
6614,Aretha Franklin,A Rose Is Still a Rose,"Contemporary R&B, Soul",1998
6615,Neneh Cherry,Woman,"Contemporary R&B, Trip Hop",1996
6616,Foo Fighters,Walk,Alternative Rock,2011
6617,Phoenix,Consolation Prizes,Indie Pop,2006
6618,Yeah Yeah Yeahs,Y Control,"Garage Rock Revival, Indie Rock",2003
6619,X,We're Desperate,Punk Rock,1978
6620,Blondie,Maria,Pop Rock,1999
6621,Bill Medley and Jennifer Warnes,(I've Had) The Time of My Life,"Film Soundtrack, Pop",1987
6622,The Wombats,Let's Dance to Joy Division,Post-Punk Revival,2007
6623,The Rockin' Rebels,Wild Weekend,"Rock & Roll, Surf Rock",1962
6624,Redbone,Come and Get Your Love,"Pop Rock, Pop Soul",1973
6625,Hï¿½roes del Silencio,La chispa adecuada,Rock,1995
6626,The Presidents of the United States of America,Peaches,Indie Rock,1995
6627,Haddaway,What is Love?,Eurodance,1992
6628,Kanye West feat. 070 Shake,Ghost Town,"Neo-Soul, Psychedelic Soul",2018
6629,Taylor Swift,I Knew You Were Trouble,"Dance-Pop, Electropop",2012
6630,CeCe Peniston,Finally,"Dance-Pop, Garage House",1991
6631,The Cars,Shake It Up,New Wave,1981
6632,The Slickers,Johnny Too Bad,Reggae,1970
6633,Journey,Separate Ways (Worlds Apart),"AOR, Hard Rock",1983
6634,Spoon,Hot Thoughts,"Alternative Dance, Indie Rock",2017
6635,Rachid Taha,Rock El Casbah,Pop Raï¿½,2004
6636,Kano feat. Wiley & Giggs,3 Wheel-ups,Grime,2016
6637,Vanessa Paradis,Be My Baby,"Blue Eyed Soul, Pop Soul",1992
6638,Dr. Dre feat. Snoop Doggy Dogg,Fuck wit Dre Day (And Everybody's Celebratin')/Dre Day,"G-Funk, Gangsta Rap, West Coast Hip Hop",1992
6639,Mariah Carey,Dreamlover,"Contemporary R&B, Dance-Pop",1993
6640,Hop Along,Waitress,Indie Rock,2015
6641,Sneaker Pimps,Spin Spin Sugar,"Alternative Dance, Trip Hop",1996
6642,Ryan Adams,Wonderwall,Indie Folk,2003
6643,That Petrol Emotion,Big Decision,Indie Rock,1987
6644,Beastie Boys,Root Down,East Coast Hip Hop,1994
6645,Run the Jewels,Blockbuster Night Part 1,Hardcore Hip Hop,2014
6646,Coldplay,Paradise,Pop Rock,2011
6647,Shabazz Palaces,Forerunner Foray,"Abstract Hip Hop, Experimental Hip Hop",2014
6648,Charlie Rich,Life's Little Ups & Downs,"Country Soul, Nashville Sound",1969
6649,Bruce Springsteen,New York City Serenade,"Heartland Rock, Piano Rock, Singer/Songwriter",1973
6650,La Femme,Oï¿½ va le monde?,French Pop,2016
6651,The Loved Ones,The Loved One,"Blues Rock, Garage Rock",1966
6652,Leonard Cohen,Winter Lady,"Chamber Folk, Singer/Songwriter",1967
6653,Bob Dylan,Changing of the Guards,"Roots Rock, Singer/Songwriter",1978
6654,Mylo,Drop the Pressure,Electro House,2004
6655,Red Hot Chili Peppers,My Friends,"Alternative Rock, Pop Rock",1995
6656,Five Man Electrical Band,Signs,Pop Rock,1970
6657,Otis Rush,All Your Love (I Miss Loving),Chicago Blues,1959
6658,Charlie Parker,Relaxing at Camarillo,Bebop,1947
6659,Rod Stewart,Sailing,"Soft Rock, Yacht Rock",1975
6660,Yes,Heart of the Sunrise,Progressive Rock,1971
6661,Deafheaven,Canary Yellow,"Blackgaze, Post-Metal",2018
6662,Beyoncï¿½,All Night,Contemporary R&B,2016
6663,Maxïmo Park,Our Velocity,Indie Rock,2007
6664,Stoney Edwards,Hank and Lefty Raised My Country Soul,"Honky Tonk, Traditional Country",1973
6665,A$AP Rocky feat. Skepta,Praise the Lord (Da Shine),"East Coast Hip Hop, Trap",2018
6666,Talking Heads,The Big Country,"New Wave, Post-Punk",1978
6667,Christopher Cross,Sailing,"Adult Contemporary, Soft Rock, Yacht Rock",1979
6668,Royal House,Can You Party,House,1988
6669,Rod Stewart,Young Turks,"New Wave, Pop Rock",1981
6670,Yeah Yeah Yeahs,Cheated Hearts,Indie Rock,2006
6671,The Weeknd,Wicked Games,Alternative R&B,2011
6672,Mike Oldfield feat. Maggie Reilly,Moonlight Shadow,Pop Rock,1983
6673,Soho,Hippychick,Alternative Dance,1990
6674,Elvis Presley,An American Trilogy,Adult Contemporary,1972
6675,Strawberry Switchblade,Since Yesterday,Synthpop,1984
6676,Jim Croce,"Bad, Bad Leroy Brown","Acoustic Rock, Pop Rock, Singer/Songwriter",1973
6677,Toots and The Maytals,Sweet and Dandy,Reggae,1969
6678,The Four Aces,Love Is a Many-Splendored Thing,"Traditional Pop, Vocal Group",1955
6679,Yuck,Get Away,"Indie Rock, Noise Pop",2011
6680,The Byrds,Wasn't Born to Follow,"Country Rock, Folk Rock",1968
6681,Francis Cabrel,La Corrida,"Chanson, Contemporary Folk, French Pop",1994
6682,Sonic Youth,Superstar,Alternative Rock,1994
6683,Metallica,Creeping Death,Thrash Metal,1984
6684,James Brown,Mother Popcorn (You Got to Have a Mother For Me) (Part I),Funk,1969
6685,Snow,Informer,"Pop Rap, Pop Reggae",1992
6686,Sidney Bechet's Blue Note Jazz Men,Blue Horizon,Dixieland,1945
6687,Danzig,Mother,"Hard Rock, Heavy Metal",1988
6688,Son House,My Black Mama,Delta Blues,1931
6689,Nicki Minaj,Anaconda,Pop Rap,2014
6690,The Fall,The Classical,"Art Punk, Post-Punk",1982
6691,Paul McCartney and Michael Jackson,Say Say Say,Pop,1983
6692,Papa Roach,Last Resort,"Nu Metal, Rap Rock",2000
6693,The Rapture,Get Myself into It,Dance-Punk,2006
6694,D'Angelo and The Vanguard,Really Love,"Neo-Soul, Smooth Soul",2014
6695,KH,Only Human,"Microhouse, Tech House",2019
6696,Marion Harris,After You've Gone,Traditional Pop,1918
6697,Frank Sinatra,Love and Marriage,Traditional Pop,1955
6698,Ghostface Killah feat. Mary J. Blige,All That I Got Is You,"East Coast Hip Hop, Neo-Soul",1996
6699,Concha Piquer,Tatuaje,Copla,1941
6700,Whitney Houston,The Greatest Love of All,"Adult Contemporary, Pop Soul",1985
6701,Johnny Cash with June Carter,Jackson,Country,1967
6702,DeJ Loaf,Try Me,"Cloud Rap, Pop Rap",2014
6703,Julia Holter,I Shall Love 2,Art Pop,2018
6704,Ramones,Teenage Lobotomy,Punk Rock,1977
6705,Let's Eat Grandma,Falling Into Me,"Art Pop, Electropop, Indietronica",2018
6706,Thelonious Monk,Straight No Chaser,Bebop,1952
6707,Alex Gopher,The Child,"Deep House, Downtempo, French House",1999
6708,Element of Crime,Delmenhorst,"Indie Pop, Liedermacher",2005
6709,The Five Keys,The Glory of Love,Doo-Wop,1951
6710,The Wannadies,You and Me Song,"Indie Pop, Power Pop",1994
6711,Oasis,Acquiesce,Britpop,1995
6712,D'Angelo,"Shit, Damn, Motherf*cker",Neo-Soul,1995
6713,The Verve Pipe,The Freshmen,Post-Grunge,1996
6714,Fleet Foxes,Grown Ocean,"Chamber Folk, Indie Folk",2011
6715,N*E*R*D,She Wants to Move,Funk Rock,2004
6716,Hard-Fi,Hard to Beat,Post-Punk Revival,2005
6717,Neon Indian,Deadbeat Summer,"Chillwave, Hypnagogic Pop, Synthpop",2009
6718,Belle and Sebastian,I Want the World to Stop,Twee Pop,2010
6719,Merle Haggard,Workin' Man Blues,Bakersfield Sound,1969
6720,Alphabeat,Fascination,"Power Pop, Sunshine Pop",2007
6721,Shut Up And Dance,Raving I'm Raving,Breakbeat Hardcore,1992
6722,Justin Hines with The Dominoes & Tommy McCook & His Ska-Talite,Carry Go Bring Come,Jamaican Ska,1964
6723,Jelly Roll Morton,Dead Man Blues,"Big Band, Dixieland",1926
6724,Bobby 'Boris' Pickett and the Crypt Kickers,Monster Mash,"Halloween Music, Novelty, Pop Rock, Vocal Group",1962
6725,John Lee Hooker,"One Bourbon, One Scotch, One Beer",Electric Blues,1966
6726,The Roots,Don't Say Nuthin',"Conscious Hip Hop, East Coast Hip Hop",2004
6727,Billy Squier,Everybody Wants You,"AOR, Hard Rock",1982
6728,Metallica,Sad But True,Heavy Metal,1991
6729,Carl Perkins,Honey Don't,Rockabilly,1956
6730,Divididos,Quï¿½ ves?,"Alternative Rock, Latin Rock",1993
6731,Kings of Tomorrow feat. Julie McKnight,Finally,"Deep House, Garage House",2000
6732,Madvillain,America's Most Blunted,Abstract Hip Hop,2003
6733,Spiritualized,Soul on Fire,"Chamber Pop, Neo-Psychedelia, Psychedelic Pop",2008
6734,Queen,Now I'm Here,Hard Rock,1974
6735,Cream,Tales of Brave Ulysses,"Blues Rock, Psychedelic Rock",1967
6736,The Fall,Cruiser's Creek,Post-Punk,1985
6737,Lou Rawls,You'll Never Find Another Love Like Mine,Philly Soul,1976
6738,The Shins,Simple Song,Indie Pop,2012
6739,Danny Brown,When It Rain,"Experimental Hip Hop, Hardcore Hip Hop",2016
6740,Eurythmics,Who's That Girl,Synthpop,1983
6741,Queen,Death on Two Legs (Dedicated toï¿½),"Glam Rock, Hard Rock",1975
6742,The Moldy Peaches,Who's Got the Crack,"Anti-Folk, Lo-Fi / Slacker Rock",2001
6743,Acker Bilk,Stranger on the Shore,"Easy Listening, Jazz Pop",1961
6744,Whigfield,Saturday Night,"Euro House, Eurodance",1993
6745,Randy Crawford,One Day I'll Fly Away,"Adult Contemporary, Pop Soul, Smooth Soul",1980
6746,Neil Diamond,Song Sung Blue,"Country Pop, Singer/Songwriter, Soft Rock",1972
6747,Dean Blunt feat. Inga Copeland,The Narcissist,Hypnagogic Pop,2012
6748,The Dells,There Is,Northern Soul,1967
6749,Alice Coltrane feat. Pharoah Sanders,Journey in Satchidananda,Spiritual Jazz,1971
6750,The Kinks,Where Have All the Good Times Gone,"Garage Rock, Mod",1965
6751,Nick Gilder,Hot Child in the City,"Glam Rock, Pop Rock",1978
6752,The Righteous Brothers,Little Latin Lupe Lu,"Rhythm & Blues, Rock & Roll",1963
6753,Chairlift,Amanaemonesia,"Indie Pop, Synthpop",2011
6754,Car Seat Headrest,Fill in the Blank,Indie Rock,2016
6755,Sidney Bechet,Blues in Thirds,Dixieland,1940
6756,Faith No More,Easy / I'm Easy,"Alternative Rock, Pop Rock",1992
6757,Tom Waits,Martha,"Piano Blues, Singer/Songwriter",1973
6758,Georgia Satellites,Keep Your Hands to Yourself,Southern Rock,1986
6759,The Stylistics,You Are Everything,"Philly Soul, Smooth Soul",1971
6760,Queen,Who Wants to Live Forever,"Film Soundtrack, Pop Rock, Symphonic Rock",1986
6761,Pavement,Rattled by the Rush,Indie Rock,1995
6762,Rino Gaetano,Ma il cielo ï¿½ sempre piï¿½ blu,"Pop, Singer/Songwriter",1975
6763,Henri Salvador,Dans mon ï¿½le,Chanson,1958
6764,Steely Dan,My Old School,Pop Rock,1973
6765,The Saints,Know Your Product,Punk Rock,1978
6766,Mousse T. vs Hot 'n' Juicy,Horny '98,Funky House,1998
6767,Lester Young,These Foolish Things,"Bebop, Swing",1945
6768,Steve Earle,The Mountain,Bluegrass,1999
6769,Adam and The Ants,Dog Eat Dog,"New Wave, Post-Punk",1980
6770,Babyshambles,Delivery,"Garage Rock Revival, Post-Punk Revival",2007
6771,Pulp,My Legendary Girlfriend,"Alternative Dance, Indie Pop",1991
6772,"Ja, Panik",DMD KIU LIDT,Indie Rock,2011
6773,The Beau Brummels,"Laugh, Laugh","Beat Music, Folk Rock",1964
6774,Antônio Carlos Jobim,Insensatez,Bossa Nova,1963
6775,Bo Diddley,You Can't Judge a Book by the Cover,Rhythm & Blues,1962
6776,Clap Your Hands Say Yeah,Over & Over Again (Lost & Found),Indie Rock,2005
6777,The Marshall Tucker Band,Heard It in a Love Song,Country Rock,1977
6778,Control Machete,ï¿½Comprendes Mendes?,Latin Rap,1997
6779,Berthe Sylva,Les Roses Blanches,Chanson,1926
6780,Coldplay,Don't Panic,"Alternative Rock, Pop Rock",2000
6781,Echo and the Bunnymen,Seven Seas,Post-Punk,1984
6782,Beastie Boys,She's On It,"East Coast Hip Hop, Rap Rock",1985
6783,Inez & Charlie Foxx,Mockingbird,Pop Soul,1963
6784,T.I. feat. Rihanna,Live Your Life,"Pop Rap, Southern Hip Hop",2008
6785,Joni Mitchell,The Hissing of Summer Lawns,"Jazz Pop, Progressive Pop, Singer/Songwriter",1975
6786,Joy Division,Warsaw,Punk Rock,1978
6787,The Browns,The Three Bells,"Close Harmony, Country Gospel, Nashville Sound",1959
6788,Stiff Little Fingers,Suspect Device,Punk Rock,1978
6789,Larry Williams,Bony Moronie,Rock & Roll,1957
6790,Yo La Tengo,Ohm,"Indie Rock, Noise Pop",2013
6791,U2,"God, Part II",Pop Rock,1988
6792,Bob Dylan,Most Likely You Go Your Way (And I'll Go Mine),"Blues Rock, Folk Rock",1966
6793,Aretha Franklin,(Sweet Sweet Baby) Since You've Been Gone,"Pop Soul, Southern Soul",1968
6794,The Beatles,"Ob-La-Di, Ob-La-Da",Pop Rock,1968
6795,Liars,Mess on a Mission,"Alternative Dance, Indietronica",2013
6796,Stevie Wonder,For Once in My Life,Motown Sound,1968
6797,Junior M.A.F.I.A. feat. The Notorious B.I.G.,Player's Anthem,"Boom Bap, East Coast Hip Hop",1995
6798,The Young Rascals,I Ain't Gonna Eat Out My Heart Anymore,"Garage Rock, Pop Rock",1965
6799,The Smiths,Still Ill,"Indie Pop, Jangle Pop",1984
6800,Elastica,Car Song,"Britpop, Indie Rock",1995
6801,Sisqó,Thong Song,"Contemporary R&B, Pop Rap",1999
6802,Fehlfarben,Paul ist tot,"Art Punk, Neue Deutsche Welle, Post-Punk",1980
6803,Crowded House,Fall at Your Feet,Pop Rock,1991
6804,Missy Misdemeanor Elliott,Sock It 2 Me,Pop Rap,1997
6805,Cut Copy,Lights & Music,"Indietronica, Synthpop",2008
6806,The Sonics,The Witch,"Garage Rock, Proto-Punk",1964
6807,The Regents,Barbara-Ann,Doo-Wop,1961
6808,James Taylor,Carolina in My Mind,Singer/Songwriter,1968
6809,Frankie Valli,Grease,"Blue Eyed Soul, Disco, Pop Soul",1978
6810,Marty Robbins,Singing the Blues,Country,1956
6811,ABC,Tears Are Not Enough,New Romantic,1981
6812,Morrissey & Siouxsie,Interlude,Chamber Pop,1994
6813,Rachid Taha,Ya Rayah,Algerian Chaabi,1997
6814,The Sanford/Townsend Band,Smoke from a Distant Fire,Yacht Rock,1976
6815,The Lovin' Spoonful,Darling Be Home Soon,"Country Rock, Folk Rock",1967
6816,Billie Holiday,Heï¿½s Funny That Way,Vocal Jazz,1937
6817,Peter Sarstedt,Where Do You Go To (My Lovely),"Folk Pop, Singer/Songwriter",1969
6818,Brand Nubian,Slow Down,"Boom Bap, Conscious Hip Hop, East Coast Hip Hop",1990
6819,The White Stripes,You're Pretty Good Lookin' (For a Girl),"Alternative Rock, Blues Rock",2000
6820,Peter Brötzmann,Machine Gun,European Free Jazz,1968
6821,Kenny Loggins,Danger Zone,"AOR, Film Soundtrack, Pop Rock",1986
6822,Brian Wilson,Love and Mercy,"Art Pop, Sunshine Pop, Synthpop",1988
6823,Ray Charles,Born to Lose,"Country Soul, Traditional Pop",1962
6824,The Flaming Lips feat. Karen O,Watching the Planets,"Krautrock, Neo-Psychedelia",2009
6825,Mariah Carey feat. Miguel,#Beautiful,Contemporary R&B,2013
6826,The Knife,A Tooth for An Eye,"Art Pop, Synthpop",2013
6827,Róisín Murphy,Overpowered,"Electro-Disco, Electropop",2007
6828,Die Sterne,Was hat dich bloï¿½ so ruiniert,"Hamburger Schule, Indie Pop",1996
6829,Tina Moore,Never Gonna Let You Go,"Contemporary R&B, UK Garage",1995
6830,So Solid Crew,21 Seconds,UK Garage,2001
6831,Train,Drops of Jupiter (Tell Me),Piano Rock,2001
6832,Jay-Z feat. Foxy Brown,Ain't No Nigga,"East Coast Hip Hop, Hardcore Hip Hop",1996
6833,Tom Waits,Alice,"Dark Jazz, Singer/Songwriter, Vocal Jazz",2002
6834,Led Zeppelin,Ten Years Gone,Hard Rock,1975
6835,Janet Jackson,Love Will Never Do (Without You),"Dance-Pop, New Jack Swing",1989
6836,Johnny Mandel,Suicide Is Painless (Theme from M*A*S*H),"Baroque Pop, Film Soundtrack",1970
6837,George Harrison,Give Me Love (Give Me Peace on Earth),"Pop Rock, Singer/Songwriter",1973
6838,Swans,A Little God in My Hands,"Art Rock, Experimental Rock",2014
6839,Love & Rockets,So Alive,"Alternative Dance, Post-Punk",1989
6840,Was (Not Was),Out Come the Freaks,Disco,1981
6841,The Delmore Brothers,Blues Stay Away from Me,"Bluegrass, Close Harmony",1949
6842,The Amboy Dukes,Journey to the Center of the Mind,Psychedelic Rock,1968
6843,ï¿½tienne de Crï¿½cy,Prix Choc,"Deep House, French House",1997
6844,Kent,Musik non stop,"Alternative Rock, Pop Rock",1999
6845,Crowded House,Distant Sun,"Jangle Pop, Soft Rock",1993
6846,Scott Walker,The Seventh Seal,"Baroque Pop, Singer/Songwriter",1969
6847,Joanna Newsom,Emily,"Chamber Folk, Progressive Folk, Singer/Songwriter",2006
6848,Cat Power,I Don't Blame You,"Piano Rock, Singer/Songwriter",2003
6849,Johnny Cash,I Still Miss Someone,Traditional Country,1958
6850,Elvis Costello and The Attractions,Beyond Belief,New Wave,1982
6851,Florence + The Machine,Hunger,"Art Pop, Pop Soul",2018
6852,Peter Gabriel,Big Time,"Funk Rock, New Wave, Pop Rock",1986
6853,Nacha Pop,La Chica de ayer,"New Wave, Pop Rock",1980
6854,Sleater-Kinney,Get Up,Indie Rock,1999
6855,Richard Hawley,Tonight the Streets Are Ours,"Chamber Pop, Singer/Songwriter, Traditional Pop",2007
6856,Kante,Zombi,Indie Rock,2004
6857,Queens of the Stone Age,The Way You Used to Do,"Alternative Rock, Boogie Rock, Garage Rock Revival",2017
6858,The Andrea True Connection,"More, More, More",Disco,1976
6859,Isley Jasper Isley,Caravan of Love,"Contemporary R&B, Pop Soul, Smooth Soul",1985
6860,Lee Konitz & Lennie Tristano,Subconscious-Lee,Cool Jazz,1949
6861,Andy Gibb,I Just Wanna Be Your Everything,Pop,1977
6862,Purple Mountains,That's Just the Way That I Feel,"Alt-Country, Indie Rock",2019
6863,Renaud,Hexagone,"Chanson, Folk Rock",1975
6864,Sons of Kemet,My Queen is Harriet Tubman,"Afro-Jazz, Jazz-Funk",2018
6865,1910 Fruitgum Company,Simon Says,Bubblegum,1967
6866,Keith Richards,Take It So Hard,Blues Rock,1988
6867,Hüsker Dü,Turn On the News,Post-Hardcore,1984
6868,Weezer,The Good Life,"Alternative Rock, Power Pop",1996
6869,Basic Channel,Phylyps Trak II,Dub Techno,1994
6870,ï¿½l Matï¿½ a Un Policï¿½a Motorizado,El tesoro,Indie Rock,2017
6871,Missy Elliott feat. Eve,4 My People,Hip House,2001
6872,Bay City Rollers,Saturday Night,"Bubblegum, Pop Rock",1973
6873,Kasabian,Fire,"Indie Rock, Neo-Psychedelia",2009
6874,Howlin' Wolf,Wang Dang Doodle,"Chicago Blues, Rhythm & Blues",1961
6875,James Brown,Out of Sight,Soul,1964
6876,The Jayhawks,Waiting for the Sun,Alt-Country,1992
6877,Bread,If,"Baroque Pop, Soft Rock",1971
6878,Nick Cave & The Bad Seeds,Do You Love Me?,"Alternative Rock, Gothic Rock",1994
6879,Sigur Rï¿½s,(Untitled 1),Ambient Pop,2002
6880,Nirvana,On a Plain,Grunge,1991
6881,David Bowie,Boys Keep Swinging,"Art Rock, Glam Rock, Pop Rock",1979
6882,Rod Stewart,Every Picture Tells a Story,Roots Rock,1971
6883,Nickelback,How You Remind Me,Post-Grunge,2001
6884,C+C Music Factory feat. Martha Wash and Freedom Williams,Gonna Make You Sweat (Everybody Dance Now),"Dance-Pop, Hip House, Pop Rap",1990
6885,"Emerson, Lake & Palmer",Fanfare for the Common Man,"Fanfare, Symphonic Prog",1977
6886,Feist,I Feel It All,Chamber Pop,2007
6887,George Michael,Outside,Dance-Pop,1998
6888,Animal Collective,Leaf House,"Avant-Folk, Freak Folk, Neo-Psychedelia",2004
6889,Lambchop,Your Fucking Sunny Day,"Americana, Chamber Pop",1997
6890,The Clash,This Is England,"New Wave, Post-Punk, Synth Funk",1985
6891,Patricio Rey y Sus Redonditos de Ricota,Jijiji,"Hard Rock, Post-Punk",1986
6892,The Beatles,Mother Nature's Son,Folk Pop,1968
6893,Ryan Adams,"To Be Young (Is to Be Sad, Is to Be High)","Alt-Country, Singer/Songwriter",2000
6894,Foals,Mountain At My Gates,Indie Rock,2015
6895,Luscious Jackson,Naked Eye,"Alternative Dance, Pop Rap, Pop Rock",1996
6896,Conway Twitty,Hello Darlin',Nashville Sound,1970
6897,Echo and the Bunnymen,Lips Like Sugar,"New Wave, Pop Rock",1987
6898,Beastie Boys,Rock Hard,"East Coast Hip Hop, Rap Rock",1985
6899,Killing Joke,Requiem,Post-Punk,1980
6900,Larry Williams,Short Fat Fannie,Rock & Roll,1957
6901,Miranda Lambert,Gunpowder and Lead,Contemporary Country,2007
6902,Johnny Cash and The Tennessee Two,Big River,"Country, Rockabilly",1958
6903,Otis Redding,I Can't Turn You Loose,Southern Soul,1965
6904,Herbert Grï¿½nemeyer,Mensch,Deutschrock,2002
6905,Charli XCX,Nuclear Seasons,"Electropop, Synthpop",2011
6906,The Psychedelic Furs,Sister Europe,"Neo-Psychedelia, Post-Punk",1980
6907,Wham!,Freedom,Pop Soul,1984
6908,Lennie Tristano,Intuition,"Avant-Garde Jazz, Bebop",1950
6909,De La Soul,Jenifa (Taught Me),"Conscious Hip Hop, East Coast Hip Hop",1988
6910,Hot Chip,Need You Now,"Deep House, Synthpop",2015
6911,John Denver,Rocky Mountain High,"Contemporary Folk, Country Pop",1972
6912,Superorganism,Everybody Wants to Be Famous,"Electropop, Glitch Pop, Indietronica",2018
6913,Nirvana,Love Buzz,Grunge,1988
6914,Minnie Riperton,Les Fleurs,"Pop Soul, Psychedelic Soul",1970
6915,Mazzy Star,Into Dust,"Dream Pop, Psychedelic Folk, Slowcore",1993
6916,Beth Orton,She Cries Your Name,"Folk Pop, Singer/Songwriter",1996
6917,Paul Anka,Put Your Head on My Shoulder,"Brill Building, Teen Pop, Traditional Pop",1959
6918,Eddie Vedder,Hard Sun,"Acoustic Rock, Film Soundtrack, Folk Rock",2007
6919,Blumfeld,Wir sind frei,"Hamburger Schule, Indie Pop",2003
6920,Frank Sinatra,The Lady Is a Tramp,"Standards, Vocal Jazz",1958
6921,Chris Isaak,Blue Hotel,"Pop Rock, Roots Rock, Surf Rock",1987
6922,George Jones & Tammy Wynette,Golden Ring,Country,1976
6923,Elliott Smith,Say Yes,"Indie Folk, Indie Pop, Singer/Songwriter",1997
6924,Air,Casanova 70,"Ambient Pop, Downtempo",1996
6925,Delorean,Stay Close,"Balearic Beat, Indietronica, Synthpop",2010
6926,Miles Davis,Flamenco Sketches,"Cool Jazz, Modal Jazz",1959
6927,Billy Idol and Gen X,Dancing with Myself,"New Wave, Power Pop",1981
6928,Fleetwood Mac,You Make Loving Fun,Soft Rock,1977
6929,En Vogue,Don't Let Go (Love),Contemporary R&B,1996
6930,Botellita de Jerez,Alï¿½rmala de tos,Pop Rock,1984
6931,Jacques Brel,Jacky,Chanson ï¿½ texte,1965
6932,Lucienne Delyle,Mon amant de Saint-Jean,Chanson,1942
6933,Talking Heads,Heaven,"New Wave, Post-Punk",1979
6934,Orchestral Manoeuvres in the Dark,Electricity,Synthpop,1979
6935,Jamiroquai,Virtual Insanity,"Acid Jazz, Funk",1996
6936,Joe Dassin,L'été Indien,"Chanson, French Pop",1975
6937,Snap!,The Power,"Dance-Pop, Hip House",1990
6938,Bill Haley and His Comets,"See You Later, Alligator",Rock & Roll,1955
6939,Mac DeMarco,Passing Out Pieces,"Indie Pop, Jangle Pop, Psychedelic Pop",2014
6940,The Hollies,The Air That I Breathe,"Baroque Pop, Pop Rock",1974
6941,Björk,Hidden Place,"Art Pop, Glitch Pop",2001
6942,The Killers,Jenny Was a Friend of Mine,Post-Punk Revival,2004
6943,Ray Barretto,El Watusi,"Boogaloo, Pachanga",1962
6944,Lou Reed,Berlin,"Piano Rock, Singer/Songwriter",1973
6945,The Band,Rag Mama Rag,"Country Rock, Folk Rock, Roots Rock",1969
6946,Take That,Never Forget,Boy Band,1995
6947,Louisiana Rhythm Kings,Basin Street Blues,Big Band,1929
6948,The Cure,A Night Like This,"Alternative Rock, Gothic Rock, Post-Punk",1985
6949,Garbage,Vow,Alternative Rock,1995
6950,The Smithereens,Behind the Wall of Sleep,"Jangle Pop, Power Pop",1986
6951,Eagle-Eye Cherry,Save Tonight,Pop Rock,1997
6952,Add N to (X),Plug Me In,Electronic,2000
6953,Patti Smith,Break It Up,"Art Rock, Proto-Punk, Singer/Songwriter",1975
6954,Christine and the Queens,Doesn't Matter,Synthpop,2018
6955,Fairport Convention,Meet on the Ledge,Folk Rock,1968
6956,Of Montreal,Heimdalsgate Like a Promethean Curse,"Indie Pop, Psychedelic Pop, Synthpop",2007
6957,MGMT,Flash Delirium,"Indie Pop, Neo-Psychedelia, Progressive Pop, Psychedelic Pop",2010
6958,Daryl Hall & John Oates,Out of Touch,"New Wave, Pop Rock",1984
6959,Pras feat. Ol' Dirty Bastard & Mï¿½a,Ghetto Supastar (That Is What You Are),"East Coast Hip Hop, Film Soundtrack, Pop Rap",1998
6960,The Swinging Blue Jeans,Hippy Hippy Shake,"Merseybeat, Rock & Roll",1963
6961,Shakira,She Wolf,"Dance-Pop, Electropop",2009
6962,Frankie Valli and the Four Seasons,The Night,Pop Soul,1972
6963,Noir Désir,Un jour en France,Alternative Rock,1996
6964,Molly O'Day & The Cumberland Mountain Folks,Tramp on the Street,Traditional Country,1947
6965,The Association,Along Comes Mary,"Psychedelic Pop, Sunshine Pop",1966
6966,Sylvan Esso,Coffee,"Alternative R&B, Glitch Pop, Indietronica",2014
6967,Sting,If You Love Somebody Set Them Free,Pop Rock,1985
6968,Blue Rodeo,Try,Alt-Country,1987
6969,Rï¿½yksopp & Robyn,Monument,"Ambient House, Art Pop, Electropop",2014
6970,Mumdance feat. Novelist,Take Time,"UK Bass, Weightless",2014
6971,Rich Boy feat. Polow Da Don,Throw Some D's,"Dirty South, Southern Hip Hop",2006
6972,Jean Michel Jarre,Oxygène (Part IV),Progressive Electronic,1976
6973,Mystery Jets,Two Doors Down,"Indie Pop, New Wave",2008
6974,The Micronauts,The Jag,Electro,1999
6975,Peter Gabriel,Red Rain,"Art Pop, Pop Rock",1986
6976,Minnie Riperton,Inside My Love,Smooth Soul,1975
6977,Los Brincos,Flamenco,Garage Rock,1964
6978,Public Enemy,Can't Truss It,"East Coast Hip Hop, Hardcore Hip Hop, Political Hip Hop",1991
6979,Lizzo,Truth Hurts,Pop Rap,2017
6980,Andy Williams,Moon River,Easy Listening,1962
6981,Rod Stewart,The First Cut Is the Deepest,Pop Rock,1976
6982,Sandy Nelson,Teen Beat,"Rock & Roll, Surf Rock",1959
6983,Hum,Stars,"Alternative Rock, Post-Hardcore",1995
6984,New Order,Confusion,"Alternative Dance, Electro, Synthpop",1983
6985,The Contours,First I Look at the Purse,"Pop Soul, Rhythm & Blues",1965
6986,Le Mystère des Voix Bulgares,Kalimankou denkou,"Bulgarian Folk Music, Polyphonic Chant",1975
6987,Rascalz,Northern Touch,Hip Hop,1997
6988,Johnny Mathis,It's Not for Me to Say,Traditional Pop,1957
6989,Sleater-Kinney,Jumpers,Indie Rock,2005
6990,Zebda,Tomber la chemise,"Chanson alternative, Ska",1998
6991,Chuck Wagon Gang,I'll Fly Away,Country Gospel,1949
6992,Earl Hines,Monday Date,Ragtime,1929
6993,Fuck Buttons,Olympians,Electronic,2009
6994,Frank Black,Headache,"Alternative Rock, Power Pop",1994
6995,Fleetwood Mac,Silver Springs,Pop Rock,1976
6996,The Shins,So Says I,Indie Pop,2003
6997,Sniff 'n' The Tears,Driver's Seat,Pop Rock,1978
6998,The Lovin' Spoonful,Nashville Cats,"Country Rock, Folk Rock",1966
6999,Bennie Moten's Kansas City Orchestra,South,Big Band,1925
7000,Donovan,Jennifer Juniper,Folk Pop,1968
7001,Ted Daffan's Texans,Born to Lose,Western Swing,1943
7002,Jagwar Ma,The Throw,"Baggy / Madchester, House, Neo-Psychedelia",2013
7003,Crystal Castles,Untrust Us,"Bitpop, Electropop, Synthpop",2008
7004,Earl Sweatshirt,Chum,West Coast Hip Hop,2012
7005,Charles Mingus,Haitian Fight Song,Post-Bop,1957
7006,Sparks,Beat the Clock,"Electro-Disco, New Wave, Synthpop",1979
7007,Jeff Buckley,Mojo Pin,"Alternative Rock, Singer/Songwriter",1994
7008,My Chemical Romance,Helena (So Long and Goodnight),"Emo-Pop, Pop Punk",2004
7009,Lynyrd Skynyrd,Gimme Three Steps,"Boogie Rock, Southern Rock",1973
7010,Therapy?,Nowhere,Alternative Rock,1994
7011,Sting,Fortress Around Your Heart,"Pop Rock, Sophisti-Pop",1985
7012,Dexys Midnight Runners,Dance Stance,"Blue Eyed Soul, New Wave",1979
7013,Miley Cyrus,We Can't Stop,Electropop,2013
7014,Claude Nougaro,Une Petite Fille,Chanson,1961
7015,Jefferson Starship,Miracles,Soft Rock,1975
7016,Joy Division,Heart and Soul,"Gothic Rock, Post-Punk",1980
7017,Afroman,Because I Got High,"Comedy Rap, Novelty, West Coast Hip Hop",2000
7018,The Soul Stirrers,By and By,Traditional Black Gospel,1950
7019,A Tribe Called Quest,The Space Program,"Conscious Hip Hop, East Coast Hip Hop, Jazz Rap",2016
7020,The Beatles,Glass Onion,Psychedelic Rock,1968
7021,L'Trimm,Cars with the Boom,"Miami Bass, Pop Rap, Southern Hip Hop",1988
7022,Supertramp,Take the Long Way Home,"Pop Rock, Progressive Pop",1979
7023,Gary Wright,Dream Weaver,"Progressive Pop, Soft Rock",1975
7024,Rihanna,Only Girl (In the World),"Dance-Pop, Electropop",2010
7025,Merle Haggard,If We Make It Through December,Country,1973
7026,Melissa Etheridge,Come to My Window,"Heartland Rock, Pop Rock, Singer/Songwriter",1993
7027,Pink Floyd,"Careful with That Axe, Eugene",Psychedelic Rock,1968
7028,The Smiths,Stop Me If You Think You've Heard This One Before,"Indie Pop, Jangle Pop",1987
7029,The Rolling Stones,Torn and Frayed,Blues Rock,1972
7030,Pebbles,Mercedes Boy,"Dance-Pop, Pop Soul",1987
7031,Amen Dunes,Miki Doraï¿½,Neo-Psychedelia,2018
7032,E.U.,Da'Butt,Go-Go,1988
7033,Teengirl Fantasy,Cheaters,Deep House,2010
7034,Suede,Metal Mickey,Britpop,1992
7035,Twin Sister,All Around and Away We Go,"Dream Pop, Indie Pop, Neo-Psychedelia",2010
7036,Tino Rossi,Petit papa Noï¿½l,"Chanson, Christmas Music",1946
7037,Tom Waits,Bad As Me,"Blues Rock, Experimental Rock, Singer/Songwriter",2011
7038,Village People,In the Navy,Disco,1979
7039,Queens of the Stone Age,"Sick, Sick, Sick","Alternative Rock, Hard Rock",2007
7040,Elvis Presley,"I Want You, I Need You, I Love You",Rockabilly,1956
7041,Paul McCartney and Wings,Listen to What the Man Said,Pop Rock,1975
7042,The Sisters of Mercy,Temple of Love (1992),Gothic Rock,1992
7043,Steve Forbert,Romeo's Tune,"Heartland Rock, Piano Rock, Singer/Songwriter",1979
7044,The Fat White Family,Touch the Leather,Post-Punk,2014
7045,Payola$,Eyes of a Stranger,"New Wave, Pop Rock",1982
7046,Megadeth,Wake Up Dead,Thrash Metal,1986
7047,Duke Ellington,Sepia Panorama,Big Band,1940
7048,The Jacksons,Blame It on the Boogie,"Disco, Pop Soul",1978
7049,Fï¿½lix Leclerc,Le p'tit bonheur,Chanson ï¿½ texte,1951
7050,Lethal Bizzle,Pow! (Forward),Grime,2004
7051,Burial,Kindred,"2-Step, Future Garage",2012
7052,Billy Joel,Allentown,"Heartland Rock, Piano Rock",1982
7053,The Doors,Love Me Two Times,"Blues Rock, Psychedelic Rock",1967
7054,Chromatics,Shadow,"Dream Pop, Synthpop",2015
7055,Dï¿½nver,Los adolescentes,"Electropop, Indie Pop",2010
7056,Red House Painters,Summer Dress,"Chamber Pop, Contemporary Folk",1995
7057,Zapp,More Bounce to the Ounce,Synth Funk,1980
7058,The xx,I Dare You,"Dream Pop, Indietronica",2017
7059,Kaoma,Lambada,Lambada,1989
7060,Les Rita Mitsouko,Le petit train,"French Pop, New Wave, Synthpop, Zolo",1988
7061,Bubba Sparxxx,Ugly,Southern Hip Hop,2001
7062,Mogwai,2 Rights Make 1 Wrong,Post-Rock,2001
7063,Michael Jackson,Got to Be There,Pop Soul,1971
7064,Pierre Perret,Lily,Chanson,1977
7065,Faze Action,In the Trees,"Deep House, Nu-Disco",1996
7066,Wanda Jackson,Fujiyama Mama,"Country, Rockabilly",1957
7067,Charlélie Couture,Comme un avion sans ailes,French Pop,1981
7068,Brigitte Fontaine & Art Ensemble of Chicago,Comme ï¿½ La Radio,Chamber Jazz,1970
7069,Pearl Jam,The Fixer,Alternative Rock,2009
7070,Animal Collective,What Would I Want? Sky,"Art Pop, Neo-Psychedelia, Progressive Pop",2009
7071,Bobby Vee,The Night Has a Thousand Eyes,Pop,1962
7072,Bush,Swallowed,Post-Grunge,1996
7073,Ruby,Paraffin,Trip Hop,1995
7074,Nick Drake,At the Chime of a City Clock,"Chamber Folk, Singer/Songwriter",1971
7075,Peter Gabriel,Digging in the Dirt,Art Rock,1992
7076,Paul McCartney and Wings,Let Me Roll It,Blues Rock,1973
7077,Johnny Tillotson,Poetry in Motion,Pop,1960
7078,Jr. Walker & The All Stars,What Does It Take (To Win Your Love),Motown Sound,1969
7079,Green Day,Minority,Pop Punk,2000
7080,Serge Gainsbourg,Melody,"Art Rock, French Pop, Progressive Pop, Spoken Word",1971
7081,Black Eyed Peas,Boom Boom Pow,"Dance-Pop, Pop Rap",2009
7082,Shanks & Bigfoot,Sweet Like Chocolate,"2-Step, Dance-Pop",1999
7083,Benny Goodman,Moonglow,Big Band,1934
7084,Bob Dylan,Tonight I'll Be Staying Here with You,Country Rock,1969
7085,The Walker Brothers,The Electrician,"Art Rock, Experimental Rock",1978
7086,Johnny Mathis,Misty,Standards,1959
7087,Nathaniel Mayer and The Fabulous Twilights,Village of Love,Rhythm & Blues,1962
7088,The Crests,16 Candles,Doo-Wop,1958
7089,Jennifer Holliday,And I Am Telling You I'm Not Going,"Show Tunes, Soul",1982
7090,Bo Diddley,Mona,"Electric Blues, Rhythm & Blues, Rock & Roll",1957
7091,Tame Impala,Apocalypse Dreams,"Neo-Psychedelia, Space Rock",2012
7092,Christopher Cross,Ride Like the Wind,Yacht Rock,1979
7093,Bob Dylan,To Ramona,"Contemporary Folk, Singer/Songwriter",1964
7094,Modest Mouse,3rd Planet,"Art Rock, Indie Rock",2000
7095,Ethel Waters,Dinah,Vocal Jazz,1925
7096,Amazing Rhythm Aces,Third Rate Romance,Country Rock,1975
7097,Machine Head,Davidian,Groove Metal,1994
7098,Godspeed You! Black Emperor,Moya,Post-Rock,1999
7099,Yves Montand,La Bicyclette,Chanson,1968
7100,ZZ Top,Cheap Sunglasses,Blues Rock,1979
7101,Clarence Williams' Blue Five,Cake Walking Babies from Home,"Dixieland, Ragtime",1925
7102,Leona Lewis,Bleeding Love,"Adult Contemporary, Contemporary R&B",2007
7103,George Michael,Fastlove,"Contemporary R&B, Dance-Pop",1996
7104,Miles Davis,Israel,Cool Jazz,1949
7105,John Lennon,Nobody Told Me,"Pop Rock, Singer/Songwriter",1984
7106,The Heartbeats,A Thousand Miles Away,Doo-Wop,1956
7107,D'Angelo and The Vanguard,Sugah Daddy,"Funk, Neo-Soul",2014
7108,Xiu Xiu,I Luv the Valley (OH!),"Experimental Rock, Indie Rock",2004
7109,Prince & The New Power Generation,7,"Dance-Pop, Pop Rock",1992
7110,The Clash,Tommy Gun,Punk Rock,1978
7111,No Age,Teen Creeps,"Indie Rock, Noise Rock",2008
7112,Dave Edmunds,I Hear You Knocking,Blues Rock,1970
7113,Robert Plant,Big Log,"New Wave, Synthpop",1983
7114,David & David,Welcome to the Boomtown,Pop Rock,1986
7115,Uncle Dave Macon,Keep My Skillet Good and Greasy,"Appalachian Folk Music, Old-Time",1924
7116,Saint Etienne,He's on the Phone,Eurodance,1995
7117,Cut Copy,Out There on the Ice,"Electropop, Synthpop",2008
7118,Rough Trade,Highschool Confidential,New Wave,1980
7119,Mason Williams,Classical Gas,"Baroque Pop, Folk Baroque",1968
7120,Ma$e feat. Kelly Price,Feel So Good,"East Coast Hip Hop, Pop Rap",1997
7121,T-Connection,Do What You Wanna Do,"Disco, Funk",1977
7122,Panic! At the Disco,I Write Sins Not Tragedies,"Emo-Pop, Pop Punk",2005
7123,Mac DeMarco,Chamber of Reflection,"Hypnagogic Pop, Psychedelic Pop, Synthpop",2014
7124,The Lemonheads,Into Your Arms,"Alternative Rock, Power Pop",1993
7125,Róisín Murphy,Let Me Know,"Dance-Pop, Nu-Disco",2007
7126,Cerrone,Love In C Minor,Euro-Disco,1976
7127,Anita Baker,Giving You the Best That I Got,Smooth Soul,1988
7128,Black Grape,Reverend Black Grape,"Alternative Dance, Baggy / Madchester, Britpop",1995
7129,Marvin Gaye & Kim Weston,It Takes Two,Motown Sound,1966
7130,Pretenders,2000 Miles,"Christmas Music, Jangle Pop, New Wave",1983
7131,Anna Karina,Sous le soleil exactement,"Baroque Pop, Chanson, Film Soundtrack, French Pop",1967
7132,The Brains,Money Changes Everything,"New Wave, Power Pop",1978
7133,Womack and Womack,Love Wars,"Contemporary R&B, Pop Soul",1983
7134,Lenny Kravitz,Fly Away,Pop Rock,1998
7135,Steely Dan,Doctor Wu,"Soft Rock, Yacht Rock",1975
7136,Lloyd Price,I'm Gonna Get Married,"New Orleans R&B, Rhythm & Blues",1959
7137,The Four Seasons,"December, 1963 (Oh, What a Night)","Disco, Pop Soul",1975
7138,Broadcast,Before We Begin,"Neo-Psychedelia, Psychedelic Pop",2003
7139,Los Tres,Dï¿½jate caer,"Alternative Rock, Folk Rock",1995
7140,The Jimi Hendrix Experience,Red House,"Blues Rock, Electric Blues",1967
7141,Depeche Mode,Shake the Disease,"New Wave, Synthpop",1985
7142,Bob Dylan,I'll Keep It with Mine,"Contemporary Folk, Singer/Songwriter",1985
7143,Robbie Williams,Feel,Pop Rock,2002
7144,Girls Aloud,Sound of the Underground,Dance-Pop,2002
7145,Clifford Brown & Max Roach,Daahoud,Hard Bop,1954
7146,Kelis feat. Too $hort,Bossy,"Contemporary R&B, Pop Rap",2006
7147,Rï¿½yksopp,Poor Leno,Deep House,2001
7148,The Byrds,Ballad of Easy Rider,Folk Pop,1969
7149,The Mindbenders,A Groovy Kind of Love,Beat Music,1965
7150,Beyoncï¿½,Halo,"Adult Contemporary, Contemporary R&B",2008
7151,Jack Scott,The Way I Walk,Rockabilly,1958
7152,Better Than Ezra,Good,"Post-Grunge, Power Pop",1995
7153,clor,Love and Pain,"Dance-Punk, Indietronica",2005
7154,Nick Drake,Cello Song,"Chamber Folk, Singer/Songwriter",1969
7155,Bob Dylan,Brownsville Girl,Pop Rock,1986
7156,Van Halen,Why Can't This Be Love,"AOR, Hard Rock",1986
7157,A Tribe Called Quest,Scenario (Remix),"East Coast Hip Hop, Hardcore Hip Hop",1992
7158,SZA,The Weekend,"Alternative R&B, Neo-Soul",2017
7159,Bob Seger & The Silver Bullet Band,We've Got Tonite,"Adult Contemporary, Heartland Rock, Pop Rock",1978
7160,Simple Minds,Someone Somewhere in Summertime,"New Wave, Synthpop",1982
7161,Uriah Heep,Easy Livin',Hard Rock,1972
7162,Wilco,Can't Stand It,"Alternative Rock, Pop Rock",1999
7163,Los Prisioneros,Tren al sur,"New Wave, Synthpop",1990
7164,The Stone Roses,Elephant Stone,"Baggy / Madchester, Jangle Pop",1988
7165,Culture Club,Time (Clock of the Heart),"New Romantic, Pop Soul, Sophisti-Pop",1982
7166,Ariana Grande,NASA,"Contemporary R&B, Electropop",2019
7167,Ben E. King,Don't Play That Song (You Lied),Pop Soul,1962
7168,Eric B. & Rakim,I Ain't No Joke,"Boom Bap, East Coast Hip Hop",1987
7169,Radiohead,House of Cards,"Art Pop, Art Rock",2007
7170,Crystal Castles,Celestica,"Dream Pop, Synthpop",2010
7171,The Walker Brothers,No Regrets,"Baroque Pop, Soft Rock",1975
7172,Nick Drake,Black Eyed Dog,"Folk Baroque, Singer/Songwriter",1986
7173,Miguel Mateos,Cuando seas grande,Pop Rock,1986
7174,Gene Pitney,It Hurts to Be in Love,Brill Building,1964
7175,Ariana Grande,7 rings,"Contemporary R&B, Pop Rap",2019
7176,James Brown,Papa Don't Take No Mess,Funk,1974
7177,Florence + The Machine,Rabbit Heart (Raise It Up),"Art Pop, Chamber Pop",2009
7178,Frankie Trumbauer,I'm Coming Virginia,"Big Band, Dixieland",1927
7179,Cornershop,6am Jullandar Shere,"Art Rock, Raga Rock",1995
7180,Culture Club,Church of the Poison Mind,Pop,1983
7181,Bob Dylan,Gotta Serve Somebody,"Christian Rock, Singer/Songwriter",1979
7182,Beastie Boys,"Hold It Now, Hit It",East Coast Hip Hop,1986
7183,The Beach Boys,"Sail On, Sailor",Pop Rock,1973
7184,Honey Cone,Want Ads,Motown Sound,1971
7185,Aqualung,Strange and Beautiful (I'll Put a Spell on You),"Piano Rock, Singer/Songwriter",2002
7186,Ringo Starr,Back Off Boogaloo,"Glam Rock, Pop Rock",1972
7187,The Mystics,Hushabye,Doo-Wop,1959
7188,Albert Hammond,It Never Rains in Southern California,Folk Pop,1972
7189,Nino Ferrer,Mirza,"French Pop, Pop Rock",1965
7190,Morrissey,We Hate It When Our Friends Become Successful,"Indie Pop, Indie Rock, Pop Rock",1992
7191,Badfinger,No Matter What,Power Pop,1970
7192,Can,Future Days,Krautrock,1973
7193,Beck,Dreams,"Alternative Dance, Indietronica",2015
7194,Johnny Paycheck,Take This Job and Shove It,Outlaw Country,1977
7195,Joe Jones,You Talk Too Much,Rhythm & Blues,1960
7196,Art of Noise,Beat Box,Electro,1983
7197,Roger Sanchez,Another Chance,French House,2001
7198,The Hold Steady,Constructive Summer,"Heartland Rock, Indie Rock",2008
7199,Demics,New York City,Punk Rock,1979
7200,Jessie Ware,Say You Love Me,"Contemporary R&B, Pop Soul",2014
7201,Shania Twain,Man! I Feel Like a Woman!,Country Pop,1997
7202,Dennis Edwards,Don't Look Any Further,"Contemporary R&B, Smooth Soul",1984
7203,Bettye Swann,Today I Started Loving You Again,Soul,1969
7204,Keith Sweat,I Want Her,New Jack Swing,1988
7205,Tom Petty and The Heartbreakers,Mary Jane's Last Dance,"Heartland Rock, Pop Rock",1993
7206,Bee Gees,Tragedy,Disco,1979
7207,The Rolling Stones,Let It Loose,Blues Rock,1972
7208,Nick Cave & The Bad Seeds,In the Ghetto,"Post-Punk, Punk Blues",1984
7209,Craig Finn,God in Chicago,"Indie Folk, Singer/Songwriter",2017
7210,Bill Monroe & His Blue Grass Boys,It's Mighty Dark to Travel,Bluegrass,1948
7211,Rod Stewart,The Killing of Georgie (Parts 1 and 2),Pop Rock,1976
7212,"Peter, Paul and Mary",Leaving on a Jet Plane,Folk Pop,1967
7213,Clap Your Hands Say Yeah,The Skin of My Yellow Country Teeth,"Indie Pop, Indie Rock",2005
7214,Starship,Nothing's Gonna Stop Us Now,"AOR, Film Soundtrack, Pop Rock",1987
7215,Eurythmics,Love Is a Stranger,Synthpop,1982
7216,Die Antwoord,Enter the Ninja,Pop Rap,2010
7217,Desiigner,Panda,"East Coast Hip Hop, Trap",2015
7218,It's Immaterial,Driving Away from Home (Jim's Tune),"Pop Rock, Sophisti-Pop",1986
7219,Suzi Quatro,Can the Can,"Glam Rock, Pop Rock",1973
7220,Wolf Alice,Bros,"Dream Pop, Indie Pop",2013
7221,Johnnie Allan,Promised Land,"Country Rock, Folk Rock, Swamp Blues",1971
7222,Willie Williams,Armagideon Time,Roots Reggae,1978
7223,Frank Stanley,Auld Lang Syne,Vaudeville,1907
7224,Depeche Mode,New Life,Synthpop,1981
7225,MC5,Looking at You,"Garage Rock, Hard Rock, Proto-Punk",1968
7226,Dr. John,Such a Night,New Orleans R&B,1973
7227,Des'ree,You Gotta Be,"Contemporary R&B, Pop Soul",1994
7228,Plastikman,Spastik,"Acid Techno, Minimal Techno",1993
7229,Ghostface Killah feat. Jadakiss,Run,"East Coast Hip Hop, Hardcore Hip Hop",2003
7230,Martina McBride,Independence Day,"Contemporary Country, Country Pop",1993
7231,Washed Out,Feel It All Around,"Chillwave, Synthpop",2009
7232,Haircut 100,Favourite Shirts (Boy Meets Girl),New Wave,1981
7233,Portishead,We Carry On,"Electronic, Experimental Rock",2008
7234,Paul McCartney and Wings,My Love,Pop Rock,1973
7235,Portishead,Numb,Trip Hop,1994
7236,The Coasters,Poison Ivy,Rhythm & Blues,1959
7237,PJ Harvey,The Community of Hope,"Alternative Rock, Singer/Songwriter",2016
7238,Noah and the Whale,5 Years Time,"Folk Pop, Indie Pop",2007
7239,UFO,Doctor Doctor,Hard Rock,1974
7240,Glass Tiger,Don't Forget Me (When I'm Gone),Pop Rock,1986
7241,Radiohead,Where I End and You Begin,"Alternative Rock, Art Rock",2003
7242,Bruce Springsteen,Land of Hope and Dreams,"Heartland Rock, Pop Rock",2001
7243,The Wedding Present,Kennedy,"C86, Indie Rock, Jangle Pop",1989
7244,Big Sean feat. Drake & Kanye West,Blessingsï¿½,"Cloud Rap, Pop Rap",2015
7245,IDLES,Colossus,"Art Punk, Post-Punk",2018
7246,The Temptations,The Way You Do the Things You Do,Motown Sound,1964
7247,Howard Tate,Ain't Nobody Home,Southern Soul,1966
7248,10cc,Rubber Bullets,"Pop Rock, Rock & Roll",1973
7249,Dorothy Moore,Misty Blue,Deep Soul,1975
7250,Blue Öyster Cult,Godzilla,"Hard Rock, Heavy Metal",1977
7251,Rufus Thomas,Do the Funky Chicken,"Funk, Rhythm & Blues, Soul",1969
7252,Austra,Beat and the Pulse,"Electropop, Synthpop",2010
7253,Elvis Presley,(Let Me Be Your) Teddy Bear,"Pop, Rock & Roll",1957
7254,Bob Dylan,One More Cup of Coffee,"Folk Rock, Singer/Songwriter",1976
7255,Red Norvo,Dance of the Octopus,Chamber Jazz,1934
7256,Zebra Katz feat. Njena Reddd Foxxx,Ima Read,"Ballroom, Hip House, UK Bass",2012
7257,Jungle Brothers,I'll House You,"East Coast Hip Hop, Hip House",1988
7258,Dizzee Rascal feat. Calvin Harris and Chrome,Dance Wiv Me,"Dance-Pop, Hip House, Pop Rap, UK Hip Hop",2008
7259,Jimmy Reed,Honest I Do,Chicago Blues,1957
7260,Lee Perry,Roast Fish and Corn Bread,Roots Reggae,1976
7261,Redskins,Keep On Keeping On,"Blue Eyed Soul, Funk Rock, New Wave",1984
7262,Frank Ocean,Self Control,"Art Pop, Contemporary R&B, Neo-Soul",2016
7263,Tommy Dorsey feat. Edythe Wright,Star Dust,Big Band,1936
7264,Jam & Spoon,Stella,Ibiza Trance,1992
7265,Rï¿½isï¿½n Murphy,Incapable,Nu-Disco,2019
7266,Donny Hathaway,A Song for You,Soul,1971
7267,B.B. King,Sweet Sixteen,Electric Blues,1960
7268,Roy Harper,Another Day,"Contemporary Folk, Singer/Songwriter",1970
7269,The Raiders [Paul Revere & The Raiders],Indian Reservation (The Lament of the Cherokee Reservation Indian),"Hard Rock, Pop Rock",1971
7270,Franz Ferdinand,The Fallen,Post-Punk Revival,2005
7271,P!nk,So What,Pop Rock,2008
7272,Tindersticks,Tiny Tears,Chamber Pop,1995
7273,Led Zeppelin,Travelling Riverside Blues,"Blues Rock, Hard Rock",1990
7274,Deerhunter,Revival,"Indie Pop, Neo-Psychedelia",2010
7275,Chairlift,Bruises,"Indie Pop, Synthpop",2008
7276,Sigur Rï¿½s,Glósóli,Post-Rock,2005
7277,Syd Barrett,Octopus,"Psychedelic Folk, Psychedelic Rock, Singer/Songwriter",1969
7278,Paul Van Dyk,For an Angel,Uplifting Trance,1998
7279,The Gap Band,Burn Rubber (Why You Wanna Hurt Me),Synth Funk,1980
7280,Blood Orange,Augustine,"Alternative R&B, Synthpop",2016
7281,T'Pau,China in Your Hand,Pop Rock,1987
7282,The Roots,How I Got Over,"Conscious Hip Hop, East Coast Hip Hop, Neo-Soul",2009
7283,Massive Attack,Hymn of the Big Wheel,Trip Hop,1991
7284,Gorky's Zygotic Mynci,Patio Song,"Indie Pop, Psychedelic Folk, Psychedelic Pop",1996
7285,Billy Idol,Eyes Without a Face,"New Wave, Pop Rock",1983
7286,Roxy Music,Re-make / Re-model,"Art Rock, Glam Rock",1972
7287,Al Dexter,Pistol Packin' Mama,"Honky Tonk, Western Swing",1943
7288,Leon Bridges,Bad Bad News,Neo-Soul,2018
7289,Premiata Forneria Marconi,Impressioni di settembre,Symphonic Prog,1971
7290,Joe Venuti,Stringin' the Blues,Swing,1926
7291,The Jam,All Around the World,"Mod Revival, New Wave",1977
7292,Propaganda,Dr. Mabuse,Synthpop,1984
7293,Duke Ellington,I Got It Bad and That Ain't Good,"Big Band, Vocal Jazz",1941
7294,Genesis,The Musical Box,Symphonic Prog,1971
7295,The National,Sea of Love,"Art Rock, Post-Punk Revival",2013
7296,Helmet,In the Meantime,Alternative Metal,1992
7297,The Rolling Stones,Mixed Emotions,"Pop Rock, Rock & Roll",1989
7298,Brandi Carlile,The Joke,"Americana, Folk Rock, Singer/Songwriter",2017
7299,Pawlo Humeniuk,Tanec Pid Werbamy/Dance Under the Willows,Ukranian Folk Music,1926
7300,Ride,Dreams Burn Down,"Dream Pop, Noise Pop, Shoegaze",1990
7301,The Stylistics,Rockin' Roll Baby,Pop Soul,1973
7302,Aqua,Barbie Girl,"Bubblegum Dance, Europop",1997
7303,Alain Souchon,Allo Maman Bobo,"Chanson, French Pop",1977
7304,Paul Westerberg,Dyslexic Heart,Power Pop,1992
7305,Doves,Black and White Town,Indie Rock,2005
7306,Tom T. Hall,The Year That Clayton Delaney Died,"Progressive Country, Singer/Songwriter",1971
7307,Pat Benatar,We Belong,Pop Rock,1984
7308,Band of Horses,Laredo,Indie Rock,2010
7309,Sebadoh,On Fire,Indie Rock,1996
7310,The Jacksons,State of Shock,"Contemporary R&B, Pop Rock",1984
7311,Babasï¿½nicos,Irresponsables,"Alternative Rock, Pop Rock",2003
7312,Teddy Pendergrass,Love T.K.O.,"Philly Soul, Smooth Soul",1980
7313,LCD Soundsystem,Oh Baby,"Indietronica, New Wave, Synthpop",2017
7314,Madness,Embarrassment,"New Wave, Pop",1980
7315,Spice Girls,2 Become 1,Pop,1996
7316,Poni Hoax,She's on the Radio,"Indie Rock, Indietronica",2006
7317,Bilderbuch,Bungalow,"Dance-Pop, Indie Pop",2017
7318,Little Walter,Mean Old World,Chicago Blues,1952
7319,Ernest Tubb,Waltz Across Texas,Honky Tonk,1965
7320,Jimmy Jones,Good Timin',"Rhythm & Blues, Soul",1960
7321,Jacques Brel,Quand on n'a que l'amour,Chanson ï¿½ texte,1957
7322,Robert Palmer,Johnny and Mary,"New Wave, Synthpop",1980
7323,Journey,Wheel in the Sky,"AOR, Hard Rock",1978
7324,Bob Dylan,Highlands,"Americana, Singer/Songwriter",1997
7325,King Biscuit Time,I Walk the Earth,"Indietronica, Singer/Songwriter",2000
7326,Ce Ce Rogers,Someday,"Chicago House, Deep House, Garage House",1987
7327,France Gall,Laisse tomber les filles,"French Pop, Yï¿½-yï¿½",1964
7328,The Connells,74-'75,"Folk Pop, Jangle Pop",1993
7329,Woody Herman,Apple Honey,Big Band,1945
7330,Annie,The Greatest Hit,"Dance-Pop, Electro-Disco",1999
7331,Big Boi feat. Gucci Mane,Shine Blockas,Southern Hip Hop,2009
7332,Bessie Banks,Go Now,"Brill Building, Soul",1964
7333,Randy Newman,I Love L.A.,"Pop Rock, Singer/Songwriter",1983
7334,Supergrass,Going Out,"Britpop, Power Pop",1996
7335,The Smashing Pumpkins,Ava Adore,Alternative Rock,1998
7336,The Carter Family,"Single Girl, Married Girl","Appalachian Folk Music, Traditional Country",1927
7337,Treacherous Three,The Body Rock,East Coast Hip Hop,1980
7338,The Mars Volta,The Widow,"Art Rock, Progressive Rock",2005
7339,Kanye West,Fade,"Deep House, Hip House",2016
7340,Madonna,La Isla Bonita,Pop,1986
7341,Meat Puppets,Backwater,Alternative Rock,1994
7342,O.V. Wright,A Nickel and a Nail,Southern Soul,1971
7343,Wilco,Heavy Metal Drummer,Indie Pop,2002
7344,Duffy,Warwick Avenue,"Blue Eyed Soul, Pop Soul",2008
7345,Bing Crosby & The Andrews Sisters,Pistol Packin' Mama,Traditional Pop,1944
7346,Stars,Ageless Beauty,"Dream Pop, Indie Pop, Indie Rock",2004
7347,The Carter Family,Worried Man Blues,"Acoustic Blues, Appalachian Folk Music, Traditional Country",1930
7348,Aretha Franklin,Spanish Harlem,Soul,1971
7349,Felt,Primitive Painters,"Jangle Pop, Post-Punk",1985
7350,Ella Fitzgerald & Louis Jordan,"Baby, It's Cold Outside",Vocal Jazz,1949
7351,Weezer,My Name Is Jonas,"Alternative Rock, Power Pop",1994
7352,KRS-One,Sound of da Police,"Boom Bap, East Coast Hip Hop, Political Hip Hop",1993
7353,Christophe,Les paradis perdus,"French Pop, Pop Rock",1973
7354,Mantronix,Needle to the Groove,"East Coast Hip Hop, Electro",1985
7355,Bob Dylan,Seï¿½or (Tales of Yankee Power),"Folk Rock, Singer/Songwriter",1978
7356,Tocotronic Vs. Console,Freiburg V3.0,Indietronica,2000
7357,Editors,Munich,Post-Punk Revival,2005
7358,R.E.M.,The Sidewinder Sleeps Tonite,"Alternative Rock, Pop Rock",1992
7359,The Modern Jazz Quartet,Concorde,Cool Jazz,1955
7360,Mouloudji,Un jour tu verras,Chanson,1954
7361,The Naked and Famous,Young Blood,"Indietronica, Synthpop",2010
7362,Brian Eno - David Byrne,America Is Waiting,"Art Punk, Art Rock, Experimental Rock",1981
7363,Youssou N'Dour,Li ma weese (As in a Mirror),Mbalax,2002
7364,St Germain,Rose rouge,"Deep House, Nu Jazz",2000
7365,The Long Blondes,Once and Never Again,"Indie Pop, Post-Punk Revival",2006
7366,Jonathan Richman & The Modern Lovers,Ice Cream Man,Pop Rock,1977
7367,Scritti Politti,The Word Girl,"Pop Reggae, Sophisti-Pop",1985
7368,Jamila Woods,Zora,Neo-Soul,2019
7369,Yo La Tengo,Our Way to Fall,"Dream Pop, Indie Rock",2000
7370,James Moody,I'm in the Mood for Love/Moody's Mood for Love,Bebop,1950
7371,Rage Against the Machine,Testify,Rap Metal,1999
7372,Wire,Map Ref. 41 Deg. N 93 Deg. W,"Art Punk, Post-Punk",1979
7373,Kyuss,Green Machine,"Stoner Metal, Stoner Rock",1992
7374,Clarence Williams' Blue Five,Wild Cat Blues,"Jazz, Vaudeville Blues",1923
7375,Bentley Rhythm Ace,Bentley's Gonna Sort You Out,Big Beat,1997
7376,Clarence Carter,Slip Away,Southern Soul,1968
7377,King Crimson,Epitaph,"Art Rock, Symphonic Prog",1969
7378,Fiona Apple,Shadowboxer,"Jazz Pop, Piano Rock, Singer/Songwriter",1996
7379,Calvin Harris & Dua Lipa,One Kiss,"Dance-Pop, Garage House",2018
7380,R.E.M.,The Great Beyond,Alternative Rock,1999
7381,Madonna,Angel,Dance-Pop,1984
7382,Sanford Clark,The Fool,Rockabilly,1956
7383,Rush,Closer to the Heart,"Hard Rock, Progressive Rock",1977
7384,The Presets,My People,"Electro House, Electroclash, Electropop",2007
7385,Garbage,Special,"Alternative Rock, Pop Rock",1998
7386,Ruth Etting,Ten Cents a Dance,Traditional Pop,1930
7387,My Bloody Valentine,Sometimes,"Dream Pop, Shoegaze",1991
7388,Black,Sweetest Smile,Sophisti-Pop,1987
7389,Kirsty MacColl,Walking Down Madison,Alternative Dance,1991
7390,Cher,Alfie,Traditional Pop,1966
7391,Talking Heads,Nothing But Flowers,"Art Pop, Pop Rock",1988
7392,Prefab Sprout,Faron Young,"Indie Pop, Pop Rock, Sophisti-Pop",1985
7393,The Bluetones,Slight Return,"Britpop, Jangle Pop",1995
7394,The Who,Boris the Spider,"Freakbeat, Mod",1966
7395,Jaco Pastorius,Donna Lee,Jazz Fusion,1976
7396,Madonna,Cherish,"Dance-Pop, Synthpop",1989
7397,Disclosure,Help Me Lose My Mind,Deep House,2013
7398,Duke Ellington,Creole Love Call,Dixieland,1928
7399,Animal Collective,Water Curses,"Neo-Psychedelia, Psychedelic Pop",2008
7400,Mott the Hoople,The Golden Age of Rock 'n' Roll,Glam Rock,1974
7401,Brad Mehldau,Exit Music (for a Film),Jazz,1998
7402,Fake Blood,Mars,Fidget House,2008
7403,The Wrens,She Sends Kisses,Indie Rock,2003
7404,The Sabres of Paradise,Wilmot,"Dub, Electronic",1994
7405,The Beatles,Free As a Bird,Pop Rock,1995
7406,Argent,Hold Your Head Up,"Hard Rock, Progressive Rock",1971
7407,Frankie Knuckles/Jamie Principle,Baby Wants to Ride,Chicago House,1987
7408,"Emerson, Lake & Palmer",Karn Evil 9,Symphonic Prog,1973
7409,The Decemberists,Here I Dreamt I Was an Architect,"Folk Rock, Indie Folk, Indie Pop",2002
7410,Chagrin d'amour,Chacun fait (c'qui lui plaît),"Disco Rap, French Hip Hop, French Pop, Pop Rap",1981
7411,Saint Etienne,Avenue,"Dream Pop, Indie Pop, Indietronica",1992
7412,Bob Marley and The Wailers,Small Axe,Reggae,1970
7413,Lionel Richie,Say You Say Me,"Adult Contemporary, Pop Soul",1985
7414,Scott Walker,Montague Terrace (In Blue),Baroque Pop,1967
7415,The Marvelettes,Beechwood 4-5789,"Girl Group, Motown Sound",1962
7416,Reverend Thomas A. Dorsey,"Take My Hand, Precious Lord",Traditional Black Gospel,1932
7417,The Beatles,Baby You're a Rich Man,"Pop Rock, Psychedelic Pop",1967
7418,Shihad,Home Again,Alternative Rock,1996
7419,Chris Knox,Not Given Lightly,"Dunedin Sound, Indie Pop",1989
7420,Pusha T feat. Kendrick Lamar,Nosetalgia,"Gangsta Rap, Southern Hip Hop",2013
7421,Gladys Knight and The Pips,Neither One of Us (Wants to Be the First to Say Goodbye),Smooth Soul,1972
7422,The Beatles,I Will,Folk Pop,1968
7423,Alice Coltrane,Universal Consciousness,"Free Jazz, Spiritual Jazz",1971
7424,Roxy Music,Mother of Pearl,"Art Rock, Glam Rock",1973
7425,Tommy Roe,Sheila,"Pop Rock, Rock & Roll",1962
7426,Micachu,Golden Phone,"Art Pop, Indie Pop, Noise Pop",2008
7427,Sloan,The Rest of My Life,"Alternative Rock, Power Pop",2003
7428,Spinto Band,Oh Mandy,Indie Pop,2005
7429,Blondie,Rip Her to Shreds,"New Wave, Punk Rock",1976
7430,Surfer Blood,Swim (To Reach the End),"Indie Pop, Noise Pop, Power Pop",2009
7431,Neil Diamond,"Girl, You'll Be a Woman Soon","Pop, Rock & Roll, Singer/Songwriter",1967
7432,Elvis Presley,Stuck on You,"Pop, Rhythm & Blues, Rock & Roll",1960
7433,Big Sean feat. Kendrick Lamar & Jay Electronica,Control,Hardcore Hip Hop,2013
7434,Polo G feat. Lil Tjay,Pop Out,Trap,2019
7435,Charlie Haden,Song for Chï¿½,Experimental Big Band,1970
7436,James Brown,The Boss,Jazz-Funk,1973
7437,Catupecu Machu,Y lo que quiero es que pises sin el suelo,Alternative Rock,2000
7438,Mariah Carey feat. Jay-Z,Heartbreaker,"Contemporary R&B, Dance-Pop",1999
7439,John Coltrane,Blue Train,Hard Bop,1958
7440,The Stanley Brothers,I'm a Man of Constant Sorrow,Bluegrass,1951
7441,Rufus Wainwright,April Fools,"Chamber Pop, Pop Rock",1998
7442,Sly and Robbie,Boops (Here to Go),Electro,1987
7443,Julien Clerc,Ma prï¿½fï¿½rence,"Chanson, French Pop",1978
7444,Spike Jones and His City Slickers,All I Want for Christmas (Is My Two Front Teeth),"Christmas Music, Musical Comedy, Novelty",1948
7445,Paul Weller,You Do Something to Me,"Blue Eyed Soul, Pop Rock",1995
7446,Empress Of,When I'm With Him,"Alternative R&B, Synthpop",2018
7447,Sham 69,If the Kids Are United,Oi!,1978
7448,Sleater-Kinney,Entertain,"Indie Rock, Punk Rock",2005
7449,GoldLink feat. Brent Faiyaz & Shy Glizzy,Crew,"East Coast Hip Hop, Pop Rap",2016
7450,Fountains of Wayne,Stacy's Mom,Power Pop,2003
7451,Kelis,Trick Me,"Contemporary R&B, Pop",2003
7452,Wildchild,Renegade Master,"Big Beat, House",1995
7453,Truth Hurts feat. Rakim,Addictive,Contemporary R&B,2002
7454,Gene Vincent and His Blue Caps,Blue Jean Bop,Rockabilly,1956
7455,Édith Piaf,L'accordï¿½oniste,Chanson,1940
7456,La Revoluciï¿½n De Emiliano Zapata,Nasty Sex,Psychedelic Rock,1970
7457,Nilsson,Jump Into the Fire,Acid Rock,1971
7458,Electric Light Orchestra,Telephone Line,"Baroque Pop, Pop Rock, Symphonic Rock",1976
7459,Jonathan Richman & The Modern Lovers,Egyptian Reggae,Pop Rock,1977
7460,Modest Mouse,Dramamine,Midwest Emo,1996
7461,The Dears,Lost in the Plot,Indie Rock,2003
7462,Arcade Fire,Suburban War,"Heartland Rock, Indie Rock",2010
7463,Vince Staples,Señoritaï¿½,"Trap, West Coast Hip Hop",2015
7464,Jewel,Who Will Save Your Soul,"Folk Pop, Singer/Songwriter",1995
7465,Björk,New World,"Art Pop, Baroque Pop, Film Soundtrack",2000
7466,Hugo Montenegro,"The Good, the Bad and the Ugly","Easy Listening, Spaghetti Western",1968
7467,The Rentals,Friends of P,"Alternative Rock, Power Pop",1995
7468,Buckcherry,Lit Up,Hard Rock,1999
7469,Bobby Bland,Stormy Monday Blues,"Electric Blues, Soul Blues",1962
7470,Lizzo,Good As Hell,"Contemporary R&B, Film Soundtrack, Pop Soul",2016
7471,Shy FX & UK Apachi,Original Nuttah,Ragga Jungle,1994
7472,Grand Funk Railroad,I'm Your Captain (Closer to Home),Heavy Psych,1970
7473,Yello,The Race,"Electropop, Synthpop",1988
7474,Cheryl Lynn,Got to Be Real,"Disco, Pop Soul",1978
7475,Janet Kay,Silly Games,Lovers Rock,1979
7476,The Kalin Twins,When,"Close Harmony, Rock & Roll, Vocal Group",1958
7477,Disclosure feat. Lorde,Magnetsï¿½,"Synthpop, UK Bass",2015
7478,Lanark Artefax,Touch Absence,IDM,2017
7479,Iron Maiden,Can I Play With Madness,Heavy Metal,1988
7480,Kool & The Gang,Ladies Night,"Disco, Funk",1979
7481,Bunny Wailer,Dream Land,Roots Reggae,1976
7482,Muddy Waters,Long Distance Call,Chicago Blues,1951
7483,Funkadelic,Standing on the Verge of Getting It On,"Funk Rock, P-Funk",1974
7484,Gold Panda,You,"Glitch Hop, Wonky",2010
7485,Bob Dylan,Abandoned Love,"Folk Rock, Singer/Songwriter",1985
7486,The Stone Poneys,Different Drum,"Baroque Pop, Folk Pop",1967
7487,Hoodoo Gurus,I Want You Back,Power Pop,1984
7488,Dusty Springfield,Nothing Has Been Proved,"Film Soundtrack, Synthpop",1989
7489,Passion Pit,Take a Walk,"Electropop, Indie Pop",2012
7490,Mötley Crüe,Live Wire,"Glam Metal, Heavy Metal",1981
7491,Don Drummond,Eastern Standard Time,Jamaican Ska,1964
7492,New Order,Everything's Gone Green,"Post-Punk, Synthpop",1981
7493,Joyce Sims,Come into My Life,"Contemporary R&B, Pop Soul",1987
7494,The Four Seasons,Let's Hang On (To What We've Got),Blue Eyed Soul,1965
7495,The Long Blondes,Giddy Stratospheres,"Indie Pop, Indie Rock, New Wave",2004
7496,Pérez Prado,Patricia,Mambo,1958
7497,The Walkmen,Angela Surf City,Indie Rock,2010
7498,Gil Scott-Heron & Brian Jackson,We Almost Lost Detroit,"Funk, Soul",1977
7499,Los Locos del Ritmo,Yo no soy un rebelde,Rock & Roll,1960
7500,Depeche Mode,Walking in My Shoes,"Alternative Rock, Synthpop",1993
7501,Charley Pride,Kiss An Angel Good Mornin',Nashville Sound,1971
7502,Prince and The Revolution,Sometimes It Snows in April,"Film Soundtrack, Singer/Songwriter",1986
7503,Scott Grooves,Mothership Reconnection,French House,1998
7504,Erskine Hawkins,After Hours,Jazz,1940
7505,Duke Ellington,The Mooche,"Big Band, Swing",1928
7506,Creedence Clearwater Revival,Long As I Can See the Light,"Southern Soul, Swamp Rock",1970
7507,Billy Joel,The Longest Time,"Doo-Wop, Traditional Pop",1983
7508,Melanie,What Have They Done to My Song Ma,Folk Pop,1970
7509,Joni Mitchell,California,"Folk Pop, Singer/Songwriter",1971
7510,Bee Gees,More Than a Woman,"Disco, Film Soundtrack, Pop Soul",1977
7511,Tasmin Archer,Sleeping Satellite,Pop Rock,1992
7512,Delorean,Seasun,"Balearic Beat, Indietronica",2009
7513,Slick Rick,Mona Lisa,"Conscious Hip Hop, East Coast Hip Hop, Pop Rap",1988
7514,Gerry Mulligan,Line for Lyons,Cool Jazz,1952
7515,Van Halen,Unchained,Hard Rock,1981
7516,Bob Marley and The Wailers,Natural Mystic,Roots Reggae,1977
7517,Georges Brassens,Supplique pour etre enterré a la plage de Sète,Chanson ï¿½ texte,1966
7518,Bobby Day,Little Bitty Pretty One,Rock & Roll,1957
7519,Victor Symphony Orchestra with George Gershwin,An American in Paris,Tone Poem,1929
7520,Pixies,Tame,"Indie Rock, Noise Rock",1989
7521,Crosby & Nash,To the Last Whale / Wind on the Water,Folk Rock,1975
7522,Ronnie Hawkins,Who Do You Love,"Blues Rock, Rockabilly",1963
7523,Godspeed You! Black Emperor,Storm,Post-Rock,2000
7524,Lennie Tristano,Line Up,"Bebop, Cool Jazz",1956
7525,Bone Thugs-N-Harmony,1st of tha Month,"G-Funk, Gangsta Rap",1995
7526,Paul McCartney and Wings,"Hi, Hi, Hi",Pop Rock,1972
7527,The Animals,Don't Bring Me Down,"British Rhythm & Blues, Garage Rock, Mod",1966
7528,Lorde,Homemade Dynamite,"Dance-Pop, Synthpop",2017
7529,Big Joe Turner,Flip Flop and Fly,Rhythm & Blues,1955
7530,Jacques Brel,La chanson des vieux amants,Chanson ï¿½ texte,1967
7531,SOPHIE,Lemonade,Bubblegum Bass,2014
7532,Superpitcher,Heroin,Microhouse,2001
7533,Elvis Presley,Viva Las Vegas,"Pop, Rock & Roll",1964
7534,The Rolling Stones,Little Red Rooster,"British Rhythm & Blues, Chicago Blues",1964
7535,Serge Reggiani,Les loups sont entrï¿½s dans Paris,Chanson,1967
7536,The Danleers,One Summer Night,Doo-Wop,1958
7537,Scarface,I Seen a Man Die,"Conscious Hip Hop, G-Funk, Gangsta Rap, Southern Hip Hop",1994
7538,Television,See No Evil,Art Punk,1977
7539,Aldous Harding,Imagining My Man,"Chamber Folk, Singer/Songwriter",2017
7540,Dominique A.,Le courage des oiseaux,"Lo-Fi / Slacker Rock, Nouvelle chanson franï¿½aise",1992
7541,Bessie Smith,Need a Little Sugar in My Bowl,"Piano Blues, Vaudeville Blues",1931
7542,Duane Eddy,Peter Gunn,"Rock & Roll, Surf Rock",1959
7543,The Bar-Kays,Soul Finger,"Funk, Rhythm & Blues",1967
7544,Cracker,Teen Angst,"Alt-Country, Alternative Rock",1992
7545,The Tubes,White Punks on Dope,"Glam Rock, Proto-Punk",1975
7546,The Kinks,A Well Respected Man,Beat Music,1965
7547,Dizzy Gillespie,Things to Come,Big Band,1947
7548,Bobby Bland,Ain't Nothing You Can Do,"Jump-Blues, Rhythm & Blues, Soul, Soul Blues",1964
7549,Arthur Collins & Byron Harlan,Alexander's Ragtime Band,Ragtime,1911
7550,Bobby Lewis,Tossin' and Turnin',"Rhythm & Blues, Rock & Roll",1961
7551,Bob Wills and His Texas Playboys,San Antonio Rose,Western Swing,1939
7552,Wayne Shorter,Footprints,Post-Bop,1967
7553,Neko Case,People Got a Lotta Nerve,"Alt-Country, Americana, Indie Pop, Singer/Songwriter",2009
7554,Sting feat. Cheb Mami,Desert Rose,Adult Contemporary,1999
7555,Prince and The Revolution,Mountains,"Film Soundtrack, Funk, Pop Rock",1986
7556,Bat for Lashes,What's a Girl to Do?,"Art Pop, Indietronica",2006
7557,The House of Love,Destroy the Heart,"Indie Pop, Jangle Pop",1988
7558,Travis Scott,Antidote,"Cloud Rap, Southern Hip Hop, Trap",2015
7559,Bryan Adams,Heaven,"AOR, Soft Rock",1984
7560,Pearl Jam,Wishlist,Alternative Rock,1998
7561,Jack Scott,My True Love,Rockabilly,1958
7562,Stampeders,Sweet City Woman,Pop Rock,1971
7563,Klaxons,Gravity's Rainbow,"Alternative Dance, Dance-Punk, Post-Punk Revival",2006
7564,Sarah Vaughan,Summertime,Vocal Jazz,1950
7565,Chicks on Speed,Glamour Girl,Electropop,1998
7566,Ini Kamoze,Here Comes the Hotstepper,"Pop Rap, Pop Reggae",1994
7567,Harry McClintock,The Big Rock Candy Mountains,Traditional Country,1928
7568,Boards of Canada,Roygbiv,IDM,1996
7569,Franz Ferdinand,Michael,Post-Punk Revival,2004
7570,Astro,Ciervos,Neo-Psychedelia,2011
7571,Smokey Robinson and The Miracles,More Love,Soul,1967
7572,Van Halen,Eruption,Hard Rock,1978
7573,Lennie Tristano,Digression,Cool Jazz,1954
7574,Ten Years After,I'm Going Home,Blues Rock,1968
7575,Plan B,Ill Manors,"Conscious Hip Hop, UK Hip Hop",2012
7576,Hank Williams,Ramblin' Man,Country,1953
7577,Brian Hyland,Sealed With a Kiss,Teen Pop,1962
7578,John Coltrane,Alabama,Post-Bop,1964
7579,The Last Poets,Niggers Are Scared of Revolution,Jazz Poetry,1970
7580,Vess L. Ossman,Honolulu Cake Walk,Cakewalk,1899
7581,Devo,Girl U Want,New Wave,1980
7582,Ramones,I Don't Wanna Grow Up,Punk Rock,1995
7583,Freeway feat. Jay-Z and Beanie Sigel,What We Do,"East Coast Hip Hop, Gangsta Rap",2002
7584,Count Basie Orchestra with Joe Williams,Every Day (I Have the Blues),Big Band,1955
7585,Cosmo Vitelli,Party Day,Electro House,2001
7586,Patty Pravo,Pensiero stupendo,Italo Pop,1978
7587,The Beatles,Blue Jay Way,"Art Rock, Psychedelic Rock",1967
7588,Vince Guaraldi,Linus and Lucy,"Cool Jazz, Television Music",1964
7589,Shelly Manne,Abstract No 1,"Avant-Garde Jazz, Cool Jazz",1955
7590,Underworld,Cowgirl,"Techno, Trance",1993
7591,Girls,Honey Bunny,Indie Pop,2011
7592,Taylor Swift,Lover,"Folk Pop, Singer/Songwriter",2019
7593,Dazz Band,Let It Whip,"Contemporary R&B, Synth Funk",1982
7594,The Clash,Clampdown,"New Wave, Punk Rock",1979
7595,The Seeds,Can't Seem to Make You Mine,"Garage Rock, Psychedelic Rock",1965
7596,Smith Westerns,Weekend,"Indie Pop, Indie Rock",2010
7597,Third World,Now That We've Found Love,Pop Reggae,1978
7598,Prince and The Revolution,Girls & Boys,Synth Funk,1986
7599,The Who,The Seeker,Hard Rock,1970
7600,George Ezra,Budapest,"Folk Pop, Singer/Songwriter",2013
7601,Stan Getz and João Gilberto [feat. Antonio Carlos Jobim],Corcovado,"Cool Jazz, Samba-Jazz",1964
7602,Jamiroquai,Space Cowboy,"Acid Jazz, Funk",1994
7603,The Police,Spirits in the Material World,"New Wave, Pop Rock",1981
7604,Justin Timberlake feat. Jay-Z,Suit & Tie,Contemporary R&B,2013
7605,The Chips,Rubber Biscuit,Doo-Wop,1956
7606,Mötley Crüe,Shout at the Devil,"Glam Metal, Heavy Metal",1983
7607,The Replacements,Kiss Me on the Bus,"Alternative Rock, Power Pop",1985
7608,Sheryl Crow,My Favorite Mistake,"Pop Rock, Singer/Songwriter",1998
7609,Randy Newman,You Can Leave Your Hat On,"Piano Rock, Singer/Songwriter",1972
7610,Faye Webster,Kingston,"Alt-Country, Country Soul",2018
7611,Bully,Tryingï¿½,Indie Rock,2015
7612,Solomon Burke,Don't Give Up on Me,Deep Soul,2002
7613,Lonnie Mack,Memphis,"Rhythm & Blues, Rock & Roll",1963
7614,Kesha,Praying,"Pop Soul, Singer/Songwriter",2017
7615,The Shamen,Pro>gen/Move Any Mountain,Alternative Dance,1990
7616,Aimee Mann,Deathly,Pop Rock,1999
7617,Shawn Colvin,Sunny Came Home,"Pop Rock, Singer/Songwriter",1996
7618,Mastodon,Oblivion,"Progressive Metal, Sludge Metal",2009
7619,Nick Cave & The Bad Seeds,As I Sat Sadly by Her Side,"Chamber Pop, Singer/Songwriter",2001
7620,Belle and Sebastian,I'm Waking Up to Us,"Chamber Pop, Twee Pop",2001
7621,Madness,The Prince,2 Tone,1979
7622,Ritchie Valens,"Come On, Let's Go",Rock & Roll,1958
7623,Aphex Twin,Xtal,Ambient Techno,1992
7624,Interpol,The Heinrich Maneuver,Post-Punk Revival,2007
7625,Teddy Pendergrass,Close the Door,"Philly Soul, Smooth Soul",1978
7626,The Stranglers,(Get a) Grip (On Yourself),"New Wave, Punk Rock",1977
7627,Herb Alpert,Rise,"Disco, Smooth Jazz",1979
7628,Scorpions,Still Loving You,Hard Rock,1984
7629,Prince,Black Sweat,"Contemporary R&B, Dance-Pop, Funk",2006
7630,Bob Dylan,Sara,"Folk Rock, Singer/Songwriter",1976
7631,Roxette,The Look,Pop Rock,1988
7632,The Grass Roots,Midnight Confessions,Pop Rock,1968
7633,The Novas,The Crusher,"Garage Rock, Surf Rock",1964
7634,Arab Strap,The First Big Weekend,"Slowcore, Spoken Word",1996
7635,Glahe Musette Orchestra,Beer Barrel-Polka,Polka,1939
7636,Suede,Beautiful Ones,"Britpop, Glam Rock",1996
7637,Vampire Weekend,Sympathy,Indie Pop,2019
7638,Mildred Bailey,Rockin' Chair,Vocal Jazz,1932
7639,The Divine Comedy,Everybody Knows (Except You),Chamber Pop,1997
7640,Sidney Bechet & Claude Luter,Petite Fleur,Dixieland,1952
7641,Cocteau Twins,Carolyn's Fingers,Dream Pop,1988
7642,Serge and Charlotte Gainsbourg,Lemon Incest,"French Pop, Synthpop",1984
7643,Lou Bega,Mambo No. 5 (A Little Bit of…),"Dance-Pop, Latin Pop, Mambo",1999
7644,Fats Waller,Viper's Drag,Ragtime,1935
7645,Joe South,Don't It Make You Want to Go Home,Country Pop,1969
7646,Little Simz feat. Cleo Sol,Selfish,"Conscious Hip Hop, Neo-Soul, UK Hip Hop",2019
7647,Bing Crosby & Grace Kelly,True Love,"Show Tunes, Traditional Pop",1956
7648,Vivian Girls,Where Do You Run To,"Garage Punk, Lo-Fi / Slacker Rock",2008
7649,The Magnetic Fields,Andrew in Drag,Indie Pop,2012
7650,Tricky,Makes Me Wanna Die,Trip Hop,1996
7651,Led Zeppelin,Nobody's Fault But Mine,"Blues Rock, Hard Rock",1976
7652,The Coral,Pass It On,"Indie Pop, Indie Rock",2003
7653,Depeche Mode,Somebody,"Art Pop, Singer/Songwriter, Synthpop",1984
7654,Next,Too Close,Contemporary R&B,1997
7655,Stan Ridgway,Camouflage,"Country Rock, Pop Rock",1986
7656,De La Soul,Stakes Is High,"Boom Bap, Conscious Hip Hop, East Coast Hip Hop",1996
7657,Down,Stone the Crow,"Sludge Metal, Stoner Metal, Stoner Rock",1995
7658,The Stylistics,Break Up to Make Up,"Philly Soul, Pop Soul, Smooth Soul",1972
7659,XTC,The Ballad of Peter Pumpkinhead,"Alternative Rock, Power Pop",1992
7660,Eels,Climbing to the Moon,"Chamber Pop, Singer/Songwriter",1998
7661,The Pioneers,Long Shot Kick the Bucket,Reggae,1969
7662,Monaco,What Do You Want from Me?,Alternative Dance,1997
7663,IDLES,Samaritans,"Art Punk, Post-Punk",2018
7664,The Crusaders,Street Life,"Disco, Funk, Smooth Soul",1979
7665,Talking Heads,Wild Wild Life,"New Wave, Pop Rock",1986
7666,The Heptones,Fattie Fattie,Rocksteady,1966
7667,Shame,One Rizla,"Indie Rock, Post-Punk",2017
7668,Burial,Come Down to Us,"Ambient Pop, Downtempo, Future Garage",2013
7669,The Maytals,Bam-Bam,Jamaican Ska,1966
7670,The Auteurs,Unsolved Child Murder,Indie Rock,1995
7671,Black Sabbath,Sweet Leaf,"Heavy Metal, Stoner Metal",1971
7672,John Coltrane with Johnny Hartman,My One and Only Love,Vocal Jazz,1963
7673,The Jesus and Mary Chain,Happy When It Rains,Indie Rock,1987
7674,Miss Kittin & The Hacker,Frank Sinatra,Electroclash,1998
7675,Randy Newman,Baltimore,"Piano Rock, Singer/Songwriter",1977
7676,The dB's,Black and White,"Jangle Pop, Power Pop",1980
7677,The The,Dogs of Lust,"Alternative Rock, Pop Rock",1993
7678,Climax Blues Band,Couldn't Get It Right,"Blues Rock, Funk Rock, Pop Rock",1976
7679,How to Dress Well,Repeat Pleasure,Alternative R&B,2014
7680,Angel Olsen,Hi-Five,"Indie Folk, Indie Rock, Singer/Songwriter",2014
7681,Cassius,Cassius 1999,French House,1999
7682,Blink-182,The Rock Show,Pop Punk,2001
7683,Bruce Springsteen,Adam Raised a Cain,"Hard Rock, Heartland Rock",1978
7684,Bastille,Pompeii,"Indie Pop, Pop Rock",2013
7685,Beat Happening,Indian Summer,Twee Pop,1988
7686,Andy Stott,Numb,"Ambient Dub, Minimal Techno",2012
7687,Claude Nougaro,O Toulouse,Chanson ï¿½ texte,1967
7688,Link Wray,Raw-Hide,Rock & Roll,1959
7689,Alvvays,Dreams Tonite,"Dream Pop, Indie Pop",2017
7690,Peter Tosh with Mick Jagger,(You Got to Walk And) Don't Look Back,Pop Reggae,1978
7691,Janet Jackson,All for You,"Contemporary R&B, Dance-Pop",2001
7692,The Intruders,Cowboys to Girls,"Philly Soul, Pop Soul",1968
7693,Small Faces,Watcha Gonna Do About It,"British Rhythm & Blues, Mod",1965
7694,Blur,Fool's Day,"Britpop, Indie Rock",2010
7695,ï¿½me,Rej,"Deep House, Minimal Techno, Tech House",2005
7696,The Cardigans,My Favourite Game,"Indie Rock, Pop Rock",1998
7697,Incubus,Drive,"Acoustic Rock, Alternative Rock, Pop Rock",1999
7698,TTC,Dans le club,"Comedy Rap, Experimental Hip Hop, French Hip Hop",2004
7699,The Smiths,Ask,Jangle Pop,1986
7700,Led Zeppelin,Houses of the Holy,Hard Rock,1975
7701,Andy Kim,Rock Me Gently,Pop Rock,1974
7702,Steely Dan,The Boston Rag,"Pop Rock, Progressive Pop",1973
7703,Ruby and the Romantics,Our Day Will Come,Pop Soul,1963
7704,Doughboys,Shine,"Alternative Rock, Melodic Hardcore",1993
7705,Rollins Band,Liar,"Alternative Metal, Alternative Rock",1994
7706,Ghost,Dance Macabre,"AOR, Hard Rock",2018
7707,The Cramps,Can Your Pussy Do the Dog?,Psychobilly,1985
7708,Billy Ward & The Dominoes,The Bells,"Blues, Doo-Wop, Rhythm & Blues",1952
7709,Bourvil,Ballade irlandaise (un oranger),Chanson,1958
7710,The Hollies,Carrie-Anne,Sunshine Pop,1967
7711,The Doors,Touch Me,"Pop Rock, Psychedelic Pop, Psychedelic Rock",1968
7712,Miike Snow,Animal,"Indietronica, Synthpop",2009
7713,Eddie and The Hot Rods,Teenage Depression,"Pub Rock, Punk Rock",1976
7714,The Black Keys,Everlasting Light,"Blues Rock, Neo-Soul",2010
7715,New Edition,Candy Girl,"Boy Band, Synth Funk, Teen Pop",1983
7716,Diabologum,A découvrir absolument,"Art Rock, Indie Rock",1996
7717,Cold Chisel,Flame Trees,"Piano Rock, Pub Rock",1984
7718,Japan,Quiet Life,"Art Pop, New Romantic",1979
7719,David Bowie,Sue (Or in a Season of Crime),"Experimental Big Band, Experimental Rock",2014
7720,Yo La Tengo,Sugarcube,"Indie Rock, Noise Pop",1997
7721,New Order,Thieves Like Us,"New Wave, Synthpop",1984
7722,The Human League,(Keep Feeling) Fascination,"New Wave, Synthpop",1983
7723,Arcade Fire,Creature Comfort,"Alternative Dance, Indietronica",2017
7724,Ray Charles,Busted,"Blues, Soul",1963
7725,Red Hot Chili Peppers,Dani California,Alternative Rock,2006
7726,Devo,Gut Feeling/(Slap Your Mammy),"Art Punk, New Wave, Post-Punk",1978
7727,The Paul Butterfield Blues Band,East-West,Blues Rock,1966
7728,Majical Cloudz,Childhood's End,"Ambient Pop, Synthpop",2013
7729,Daft Punk feat. Julian Casablancas,Instant Crush,Synthpop,2013
7730,Juan Son,Nada,"Art Pop, Neo-Psychedelia",2008
7731,Neil Young,Sugar Mountain,"Contemporary Folk, Folk Rock, Singer/Songwriter",1969
7732,The Mothers of Invention,Brown Shoes Don't Make It,"Art Rock, Experimental Rock, Progressive Rock, Satire",1967
7733,Frida,I Know There's Something Going On,"New Wave, Pop Rock",1982
7734,Boogie Down Productions,Love's Gonna Get 'Cha (Material Love),"Boom Bap, Conscious Hip Hop, East Coast Hip Hop",1990
7735,Dennis Brown,Revolution,Reggae,1983
7736,Bobby Bland,Lead Me On,"Rhythm & Blues, Soul",1960
7737,The Turbans,When You Dance,Doo-Wop,1955
7738,Marvin Gaye,I'll Be Doggone,Motown Sound,1965
7739,Jethro Tull,Thick as a Brick,"Folk Rock, Progressive Rock",1972
7740,Death Cab for Cutie,I Will Follow You into the Dark,"Indie Folk, Indie Pop",2005
7741,Jacques Greene,Another Girl,"Future Garage, UK Bass, UK Funky",2011
7742,The Association,Cherish,Pop Rock,1966
7743,The Normal,T.V.O.D.,"Minimal Synth, Synth Punk",1978
7744,Tomorrow,My White Bicycle,"Psychedelic Pop, Psychedelic Rock",1967
7745,Joni Mitchell,The Last Time I Saw Richard,"Piano Rock, Singer/Songwriter",1971
7746,Silversun Pickups,Lazy Eye,Indie Rock,2006
7747,Twisted Sister,We're Not Gonna Take It,Glam Metal,1984
7748,Television,Venus,"Art Punk, Art Rock",1977
7749,Bruce Springsteen,For You,"Heartland Rock, Singer/Songwriter",1973
7750,Warren Zevon,Keep Me in Your Heart,Singer/Songwriter,2003
7751,The Barbarians,Moulty,Garage Rock,1966
7752,Judas Priest,Painkiller,"Heavy Metal, Speed Metal",1990
7753,Nino Rota,Love Theme from The Godfather,"Cinematic Classical, Film Score",1972
7754,Tony Allen,Asiko,Afrobeat,1999
7755,Art Brut,Emily Kane,Post-Punk Revival,2005
7756,The The,Heartland,"Art Pop, New Wave",1986
7757,U2,The Sweetest Thing,"Alternative Rock, Pop Rock",1998
7758,Freddy Cannon,Tallahassee Lassie,Rock & Roll,1959
7759,Wilson Pickett,Engine Number 9,"Funk, Psychedelic Soul",1970
7760,Iggy Pop & Kate Pierson,Candy,Pop Rock,1990
7761,Richard and Linda Thompson,The Calvary Cross,British Folk Rock,1974
7762,Bruce Springsteen,Tougher Than the Rest,Heartland Rock,1987
7763,Three Dog Night,Joy to the World,Pop Rock,1970
7764,Kacey Musgraves,Space Cowboy,"Contemporary Country, Country Pop, Singer/Songwriter",2018
7765,Double Exposure,Ten Percent,"Disco, Philly Soul",1976
7766,Buddy Holly,Well All Right,"Pop, Rock & Roll",1958
7767,tUnE-yArDs,Gangsta,"Art Pop, Indie Pop",2011
7768,Cyndi Lauper,All Through the Night,Synthpop,1983
7769,John Cale,Child's Christmas in Wales,"Art Pop, Singer/Songwriter",1973
7770,Judy Clay and William Bell,Private Number,Southern Soul,1968
7771,The Notorious B.I.G.,Who Shot Ya?,"Boom Bap, East Coast Hip Hop, Gangsta Rap",1995
7772,Big & Rich,Save a Horse (Ride a Cowboy),"Country Pop, Country Rock",2004
7773,People's Choice,Do It Any Way You Wanna,"Disco, Funk, Philly Soul",1975
7774,Paul Young,Every Time You Go Away,"Adult Contemporary, Blue Eyed Soul",1985
7775,Jelly Roll Morton,Mr. Jelly Lord,Ragtime,1924
7776,Bob Mould,See a Little Light,Jangle Pop,1989
7777,"Crosby, Stills, Nash & Young",Our House,"Folk Pop, Folk Rock, Sunshine Pop",1970
7778,PJ Harvey,This Is Love,"Alternative Rock, Singer/Songwriter",2000
7779,Leonard Cohen,Dress Rehearsal Rag,"Chamber Folk, Singer/Songwriter",1971
7780,The Jesus Lizard,Mouth Breather,"Noise Rock, Post-Hardcore",1990
7781,Mocky,Sweet Music,Jazz Pop,2001
7782,Freddie Gibbs & Madlib,Crime Pays,"Gangsta Rap, Jazz Rap, West Coast Hip Hop",2019
7783,Javiera Mena,Sol de Invierno,"Singer/Songwriter, Twee Pop",2006
7784,Pearl Jam,Given to Fly,Alternative Rock,1998
7785,Sylvie Vartan,La Plus belle pour aller danser,"French Pop, Yï¿½-yï¿½",1964
7786,Maggie Rogers,Alaska,"Art Pop, Folktronica",2016
7787,Jim O'Rourke,Halfway to a Threeway,"Chamber Pop, Indie Folk",1999
7788,Rae Sremmurd feat. Juicy J,Powerglide,"Pop Rap, Southern Hip Hop, Trap",2018
7789,Laurent Garnier,The Man with The Red Face,"Nu Jazz, Tech House",2000
7790,Lil' Kim Feat. Mr. Cheeks,The Jump-Off,East Coast Hip Hop,2003
7791,Blind Willie Johnson,John the Revelator,Acoustic Texas Blues,1930
7792,Black Sabbath,Heaven and Hell,Heavy Metal,1980
7793,The Police,King of Pain,"New Wave, Pop Rock",1983
7794,The Leaves,Hey Joe,Garage Rock,1965
7795,Parliament,P. Funk (Wants to Get Funked Up),P-Funk,1975
7796,Led Zeppelin,Tangerine,Folk Rock,1970
7797,The Doors,Alabama Song (Whisky Bar),Psychedelic Rock,1967
7798,Max Roach,Driva' Man,"Avant-Garde Jazz, Vocal Jazz, Work Songs",1961
7799,Markus Nikolai,Bushes,House,1999
7800,Death in Vegas,Hands Around My Throat,"Alternative Dance, Electroclash, Post-Punk Revival",2002
7801,The Osmonds,One Bad Apple (Don't Spoil the Whole Bunch),"Bubblegum, Teen Pop",1970
7802,David Bowie,Loving the Alien,"Pop Reggae, Progressive Pop, Sophisti-Pop",1984
7803,Robbie Fulks,Let's Kill Saturday Night,"Alt-Country, Country Rock, Singer/Songwriter",1998
7804,Jan Delay,Klar,"Funk, Pop",2006
7805,Irene Cara,Fame,"Dance-Pop, Disco, Film Soundtrack",1980
7806,The Wailers [The Fabulous Wailers],Tall Cool One,Rock & Roll,1959
7807,Sigur Rï¿½s,Brennisteinn,"Art Rock, Post-Industrial, Post-Rock",2013
7808,Young Galaxy,New Summer,"Indietronica, Synthpop",2013
7809,Terry Callier,Love Theme from Spartacus,Soul,1998
7810,Lo Fidelity Allstars,Battle Flag,Big Beat,1998
7811,Bill Fay,Be Not So Fearful,Singer/Songwriter,1970
7812,Tensnake,Coma Cat,Nu-Disco,2010
7813,Bo Diddley,Road Runner,"Rhythm & Blues, Rock & Roll",1960
7814,Dizzy Gillespie,Cubana Be / Cubana Bop,Afro-Cuban Jazz,1949
7815,Python Lee Jackson Feat. Rod Stewart,In a Broken Dream,Blues Rock,1970
7816,Grimes,Vanessa,Synthpop,2011
7817,Noname,Blaxploitation,"Conscious Hip Hop, Jazz Rap",2018
7818,The Jesus and Mary Chain feat. Hope Sandoval,Sometimes Always,Indie Rock,1994
7819,The Beatles,The Word,Pop Rock,1965
7820,Johnny Cash,The Mercy Seat,Americana,2000
7821,The Jam,The Bitterest Pill (I Ever Had to Swallow),"Mod Revival, New Wave",1982
7822,Captain Beefheart and His Magic Band,Sure 'Nuff 'n Yes I Do,"Blues Rock, Garage Rock",1967
7823,Dionne Warwick and Friends,That's What Friends Are For,"Adult Contemporary, Pop Soul",1985
7824,The Stooges,T.V. Eye,"Garage Rock, Hard Rock, Proto-Punk",1970
7825,Booka Shade,Mandarine Girl,Tech House,2005
7826,Mikal Cronin,Weight,"Indie Rock, Power Pop",2013
7827,Iggy Pop,Real Wild Child (Wild One),"New Wave, Pop Rock",1986
7828,Baxter Dury,Miami,Synthpop,2017
7829,Zomby/Reark,Natalia's Song,Future Garage,2011
7830,The Drifters,I Count the Tears,Doo-Wop,1960
7831,Will Fyffe,I Belong to Glasgow,Comedy,1920
7832,Dexter Gordon and Wardell Gray,The Chase,Bebop,1948
7833,Jens Lekman,The Opposite of Hallelujah,"Chamber Pop, Singer/Songwriter",2005
7834,Bobby Charles,"See You Later, Alligator","Jump-Blues, New Orleans R&B",1955
7835,Eminem feat. Rihanna,Love the Way You Lie,Pop Rap,2010
7836,Elbow,Lippy Kids,"Art Rock, Chamber Pop",2011
7837,Peter Gabriel and Sinï¿½ad O'Connor,Blood of Eden,Art Pop,1992
7838,Björk,Cocoon,"Ambient Pop, Art Pop, Glitch Pop",2001
7839,Joe Simon,The Chokin' Kind,"Country Soul, Southern Soul",1969
7840,The Beautiful South,Song for Whoever,Sophisti-Pop,1989
7841,38 Special,Hold On Loosely,Southern Rock,1980
7842,Commander Cody and His Lost Planet Airmen,Hot Rod Lincoln,Novelty,1971
7843,Léo Ferré,C'est extra,Chanson,1969
7844,Peter Tosh,Equal Rights,Roots Reggae,1977
7845,Joseito Fernandez,Guajira Guantanamera,Guajira,1973
7846,Japanese Breakfast,Everybody Wants to Love You,"Indie Pop, Psychedelic Pop",2016
7847,Otis Redding,Pain in My Heart,Southern Soul,1963
7848,The Jewels,Hearts of Stone,Doo-Wop,1954
7849,Bad Religion,21st Century (Digital Boy),"Melodic Hardcore, Pop Punk",1990
7850,Claude Nougaro,"Cï¿½cile, ma fille",Chanson,1963
7851,Bob Marley and The Wailers,Kaya,Reggae,1971
7852,Tricky,Overcome,Trip Hop,1995
7853,Goldfrapp,Utopia,"Art Pop, Downtempo",2000
7854,Cornelius Brothers & Sister Rose,Too Late to Turn Back Now,Soul,1972
7855,Vampire Weekend,Horchata,Indie Pop,2009
7856,Refugee Camp Allstars Feat. Lauryn Hill,The Sweetest Thing,Neo-Soul,1997
7857,Triï¿½ngulo de Amor Bizarro,El fantasma de la transición,"Indie Rock, Noise Pop",2007
7858,The Pointer Sisters,Slow Hand,Pop Soul,1981
7859,The Notwist,Chemicals,Indietronica,1998
7860,Ghostface Killah,Shakey Dog,"East Coast Hip Hop, Hardcore Hip Hop",2006
7861,Little Simz,101 FM,UK Hip Hop,2018
7862,"The Good, the Bad & the Queen",Herculean,"Dream Pop, Indie Rock, Neo-Psychedelia",2006
7863,Clap Your Hands Say Yeah,Upon This Tidal Wave of Young Blood,"Indie Pop, New Wave",2005
7864,The Slits,Shoplifting,"Art Punk, Post-Punk",1979
7865,Zara Larsson,Lush Lifeï¿½,"Dance-Pop, Electropop",2015
7866,Matias Aguayo,Minimal,Microhouse,2008
7867,Yves Duteil,Prendre un enfant,Chanson,1977
7868,Eminem,Cleanin' Out My Closet,Hip Hop,2002
7869,Simian Mobile Disco,It's the Beat,"Electro House, Tech House",2007
7870,U2,Zoo Station,"Alternative Dance, Pop Rock",1991
7871,Amadou & Mariam,Senegal Fast Food,Tishoumaren,2004
7872,Kid Rock,All Summer Long,Pop Rock,2007
7873,Bad Company,Bad Company,Blues Rock,1974
7874,Alabama 3 feat. The Street Angels Choir N.Y.C.,Woke Up This Morning (Chosen One Mix),Baggy / Madchester,1997
7875,Cutting Crew,(I Just) Died in Your Arms,"AOR, Pop Rock",1986
7876,Dionne Warwicke and Spinners,Then Came You,"Philly Soul, Pop Soul",1974
7877,LeVert,Casanova,"Freestyle, New Jack Swing, Pop Soul",1987
7878,Al Wilson,Show and Tell,Smooth Soul,1973
7879,Cher,Half-Breed,Pop,1973
7880,Franco Battiato,La cura,Italo Pop,1996
7881,The Mills Brothers,You Always Hurt the One You Love,"Traditional Pop, Vocal Group",1944
7882,Public Enemy,By the Time I Get to Arizona,"Conscious Hip Hop, East Coast Hip Hop, Hardcore Hip Hop, Political Hip Hop",1991
7883,Mantronix,King of the Beats,East Coast Hip Hop,1988
7884,The New Seekers,I'd Like to Teach the World to Sing (In Perfect Harmony),Sunshine Pop,1971
7885,Isolée,Schrapnell,Microhouse,2005
7886,Ray Charles,I Don't Need No Doctor,Rhythm & Blues,1966
7887,Frank Yankovic Orchestra,Just Because Polka,Polka,1948
7888,Megadeth,Peace Sells,Thrash Metal,1986
7889,Westerman,Confirmation,"Art Pop, Dream Pop",2018
7890,The Kinks,Till the End of the Day,"Garage Rock, Mod",1965
7891,"Master P feat. Fiend, Silkk the Shocker, Mia X and Mystikal",Make 'Em Say Uhh!,Southern Hip Hop,1997
7892,The Jimi Hendrix Experience,If 6 Was 9,"Blues Rock, Psychedelic Rock",1967
7893,America,Ventura Highway,"Folk Pop, Folk Rock, Soft Rock",1972
7894,Elvis Presley,Good Luck Charm,"Pop Rock, Rock & Roll",1962
7895,Oneohtrix Point Never,Replica,"Ambient, Electronic",2011
7896,Led Zeppelin,All My Love,Pop Rock,1979
7897,Calvin Harris feat. Rihanna,This Is What You Came For,"Dance-Pop, Future House",2016
7898,Duke Ellington,Rockin' in Rhythm,"Big Band, Dixieland",1931
7899,Simple Minds,Alive and Kicking,"New Wave, Pop Rock",1985
7900,Martha and The Vandellas,Quicksand,"Girl Group, Soul",1963
7901,Billy J. Kramer with The Dakotas,I'll Keep You Satisfied,Merseybeat,1963
7902,Sonic Youth,Silver Rocket,"Alternative Rock, Noise Rock",1988
7903,X,Johnny Hit and Run Paulene,Punk Rock,1980
7904,The Marshall Tucker Band,Can't You See,Southern Rock,1973
7905,Gram Parsons,A Song for You,"Country Rock, Singer/Songwriter",1973
7906,Rihanna feat. Drake,What's My Name?,"Contemporary R&B, Dance-Pop",2010
7907,Traffic,Feeling Alright?,"Baroque Pop, Psychedelic Pop, Psychedelic Rock",1968
7908,James Brown,Think,Rhythm & Blues,1960
7909,"The ""5"" Royales",Think,Doo-Wop,1957
7910,Vess L. Ossman,Yankee Doodle,American Folk Music,1897
7911,David Ruffin,My Whole World Ended (The Moment You Left Me),Soul,1969
7912,The Afghan Whigs,Gentlemen,Grunge,1993
7913,Bob Dylan,"It Takes a Lot to Laugh, It Takes a Train to Cry","Blues Rock, Singer/Songwriter",1965
7914,Marvin Gaye,How Sweet It Is (To Be Loved by You),Motown Sound,1964
7915,Leonard Cohen,I'm Your Man,"Singer/Songwriter, Sophisti-Pop",1988
7916,Jennifer Paige,Crush,"Contemporary R&B, Dance-Pop",1998
7917,Big Thief,Shark Smile,Indie Rock,2017
7918,Snail Mail,Heat Wave,Indie Rock,2018
7919,Louise Attaque,Je t'emmene au vent,"Chanson alternative, Folk Punk",1997
7920,De La Soul,The Magic Number,East Coast Hip Hop,1989
7921,College feat. Electric Youth,A Real Hero,"Synthpop, Synthwave",2009
7922,AC/DC,Jailbreak,Hard Rock,1976
7923,Metallica,...And Justice For All,"Progressive Metal, Thrash Metal",1988
7924,Lulu,To Sir with Love,Baroque Pop,1967
7925,Bob Seger & The Silver Bullet Band,Hollywood Nights,"Heartland Rock, Pop Rock",1978
7926,Little Boots,Stuck on Repeat,"Dance-Pop, Electropop",2008
7927,Destiny's Child,Lose My Breath,"Contemporary R&B, Dance-Pop",2004
7928,The Notwist,Kong,"Indie Rock, Indietronica",2014
7929,Embrace,All You Good Good People,Britpop,1997
7930,Jay-Z feat. Ja Rule & Amil,Can I Get a ...,"East Coast Hip Hop, Pop Rap",1998
7931,John Mayall,All Your Love,"Blues Rock, British Blues",1966
7932,The Beatles,Yes It Is,"Folk Pop, Merseybeat",1965
7933,Julieta Venegas,Lento,Latin Pop,2003
7934,Foreigner,Feels Like the First Time,"AOR, Pop Rock",1977
7935,Ani DiFranco,You Had Time,"Anti-Folk, Singer/Songwriter",1994
7936,Wilco,One Sunday Morning (Song for Jane Smiley's Boyfriend),Indie Rock,2011
7937,The Delmore Brothers,Freight Train Boogie,"Close Harmony, Country Boogie",1946
7938,Woody Herman,Woodchopper's Ball,"Dixieland, Swing",1939
7939,Mark Ronson feat. Lykke Li,Late Night Feelings,"Dance-Pop, Nu-Disco",2019
7940,Björk,Crystalline,"Art Pop, Glitch Pop",2011
7941,Michael Jackson,Dirty Diana,Pop Rock,1987
7942,Gnarls Barkley,Run,Neo-Soul,2008
7943,Steve Earle,Copperhead Road,"Alt-Country, Country Rock, Singer/Songwriter",1988
7944,E-40 feat. Keak Da Sneak,Tell Me When to Go,"Hyphy, West Coast Hip Hop",2006
7945,Maroon 5,Makes Me Wonder,"Funktronica, Pop Rock",2007
7946,Erroll Garner,I'll Remember April,"Bebop, Stride",1956
7947,Brass Construction,Movin',"Disco, Funk",1975
7948,Stone Temple Pilots,Trippin' on a Hole in a Paper Heart,"Grunge, Power Pop",1996
7949,Betty Boo,Where Are You Baby?,"Dance-Pop, Pop Rap",1990
7950,Barbra Streisand with Barry Gibb,Guilty,"Adult Contemporary, Blue Eyed Soul",1980
7951,Wham!,Wham Rap! (Enjoy What You Do),"Disco Rap, Pop, Pop Rap, UK Hip Hop",1982
7952,Richard and Linda Thompson,Shoot Out the Lights,"Folk Rock, Singer/Songwriter",1982
7953,Bis,Kandy Pop,"Dance-Punk, Indie Pop",1996
7954,My Bloody Valentine,Swallow,"Dream Pop, Neo-Psychedelia, Shoegaze",1991
7955,Michigan & Smiley,Nice Up the Dance,Dancehall,1979
7956,Toto,Rosanna,AOR,1982
7957,The Gaslight Anthem,The '59 Sound,"Alternative Rock, Heartland Rock, Punk Rock",2008
7958,Taraf de Haidouks,Balada conducatorolui,L?ut?reasc?,1991
7959,Avi Buffalo,What's in It For?,Indie Pop,2009
7960,My Chemical Romance,I'm Not Okay (I Promise),"Emo-Pop, Pop Punk",2004
7961,MC Shan,The Bridge,East Coast Hip Hop,1986
7962,Tracy Bonham,Mother Mother,Alternative Rock,1995
7963,Elton John,Sorry Seems to Be the Hardest Word,"Pop, Singer/Songwriter",1976
7964,The Smiths,Shoplifters of the World Unite,"Indie Pop, Jangle Pop",1987
7965,Rush,2112,"Hard Rock, Progressive Rock, Rock Opera",1976
7966,Neneh Cherry,Kong,"Art Pop, Trip Hop",2018
7967,The Everly Brothers,Walk Right Back,"Close Harmony, Pop",1961
7968,Aretha Franklin,Freeway of Love,"Contemporary R&B, Dance-Pop, Pop Soul",1985
7969,Kool Keith,Sex Style,"East Coast Hip Hop, Hardcore Hip Hop",1997
7970,Joni Mitchell,For the Roses,"Contemporary Folk, Singer/Songwriter",1972
7971,Fabrizio De André,Verranno a chiederti del nostro amore,Canzone d'autore,1973
7972,Kirsty MacColl,A New England,"Jangle Pop, New Wave",1984
7973,Bruce Springsteen,Meeting Across the River,"Heartland Rock, Piano Rock, Singer/Songwriter",1975
7974,Brotherhood of Man,Save Your Kisses For Me,Sunshine Pop,1976
7975,Chicago,Hard to Say I'm Sorry,Soft Rock,1982
7976,The Police,Voices Inside My Head,Pop Reggae,1980
7977,Gorillaz,19/2000,"Alternative Rock, Trip Hop",2001
7978,David Soul,Don't Give Up on Us,Adult Contemporary,1976
7979,Lennie Tristano,Turkish Mambo,"Bebop, Cool Jazz",1956
7980,Sonic Youth,Bull in the Heather,"Alternative Rock, Noise Rock",1994
7981,Robbie Williams,She's the One,"Adult Contemporary, Pop Rock",1998
7982,Jackie DeShannon,When You Walk in the Room,Blue Eyed Soul,1963
7983,Van Morrison,Jackie Wilson Said (I'm in Heaven When You Smile),"Blue Eyed Soul, Pop Soul, Rhythm & Blues",1972
7984,Pearl Jam,World Wide Suicide,Alternative Rock,2006
7985,Timber Timbre,Hot Dreams,"Contemporary Folk, Singer/Songwriter",2014
7986,The Rolling Stones,Star Star,Rock & Roll,1973
7987,Bootsy's Rubber Band,Bootzilla,P-Funk,1978
7988,Ian Dury,Plaistow Patricia,Punk Rock,1977
7989,Rosanne Cash,Runaway Train,Country,1988
7990,The Strokes,The End Has No End,"Garage Rock Revival, Indie Rock",2003
7991,Real Estate,Darling,"Indie Pop, Jangle Pop",2017
7992,Sting,Russians,Adult Contemporary,1985
7993,Frank Sinatra,All the Way,"Standards, Vocal Jazz",1957
7994,Marty Robbins,Don't Worry,Country,1960
7995,The Fat Boys,Jailhouse Rap,East Coast Hip Hop,1984
7996,Montrose,Rock Candy,Hard Rock,1973
7997,Connie Francis,Stupid Cupid,"Brill Building, Rock & Roll",1958
7998,Lloyd Price,Just Because,"New Orleans R&B, Rock & Roll",1957
7999,Sum 41,Fat Lip,Pop Punk,2001
8000,Julian Cope,Safesurfer,Neo-Psychedelia,1991
8001,Ciara,Promise,Contemporary R&B,2006
8002,Tanya Tucker,Delta Dawn,Nashville Sound,1972
8003,PJ Harvey,Let England Shake,"Art Pop, Chamber Pop, Indie Folk, Singer/Songwriter",2011
8004,Cherrelle & Alexander O'Neal,Saturday Love,"Contemporary R&B, Synth Funk",1986
8005,Dusty Springfield,Goin' Back,"Baroque Pop, Blue Eyed Soul",1966
8006,El Columpio Asesino,Toro,Indie Rock,2011
8007,Dave feat. Burna Boy,Location,"Afroswing, Pop Rap, UK Hip Hop",2019
8008,Dusty Springfield,Some of Your Lovin',"Blue Eyed Soul, Pop Soul",1965
8009,Elvis Presley,Long Black Limousine,"Blue Eyed Soul, Country Soul",1969
8010,Echo and the Bunnymen,Never Stop,"Alternative Rock, Post-Punk",1983
8011,Jack White,I'm Shakin',"Blues Rock, Garage Rock",2012
8012,Bob Dylan,When the Ship Comes In,"Contemporary Folk, Singer/Songwriter",1964
8013,Pino Donaggio,Io che non vivo (Senza te),Italo Pop,1965
8014,Audion,Mouth to Mouth,Minimal Techno,2006
8015,Barry Ryan,Eloise,Baroque Pop,1968
8016,Loreena McKennitt,The Mummers' Dance,"Celtic Folk Music, Celtic New Age, Contemporary Folk",1997
8017,Spiritualized,Broken Heart,"Chamber Pop, Dream Pop, Neo-Psychedelia",1997
8018,Billy Murray,The Yankee Doodle Boy,"Classical March, Traditional Pop",1905
8019,Los Prisioneros,El baile de los que sobran,"New Wave, Pop Rock, Synthpop",1986
8020,Sloan,The Good in Everyone,Power Pop,1996
8021,GQ,Disco Nights (Rock-Freak),Disco,1979
8022,Mon Laferte,Tu falta de querer,"Latin Pop, Singer/Songwriter",2015
8023,Freddy Cannon,Way Down Yonder in New Orleans,Rock & Roll,1959
8024,Sean Paul,Like Glue,Dancehall,2002
8025,Warpaint,New Song,Alternative Dance,2016
8026,George Harrison,All Those Years Ago,"Pop Rock, Singer/Songwriter",1981
8027,Traffic,Hole in My Shoe,Psychedelic Pop,1967
8028,Primal Scream,Miss Lucifer,"Electronic, Industrial Rock",2002
8029,Stevie Wonder,If You Really Love Me,Pop Soul,1971
8030,Looking Glass,Brandy (You're a Fine Girl),Soft Rock,1972
8031,Ethel Waters,Am I Blue?,"Blues, Vocal Jazz",1929
8032,The Seekers,I'll Never Find Another You,"Folk Pop, Sunshine Pop",1964
8033,Miles Davis,Jeru,Cool Jazz,1949
8034,Gerry Mulligan Quartet feat. Chet Baker,My Funny Valentine,"Bebop, Cool Jazz",1953
8035,Peter Murphy,Cuts You Up,"Alternative Rock, Gothic Rock",1990
8036,Kool & The Gang,Get Down on It,"Disco, Funk",1981
8037,Weyes Blood,Do You Need My Love,"Baroque Pop, Progressive Pop, Psychedelic Pop",2016
8038,Dwight Twilley Band,I'm On Fire,Power Pop,1975
8039,Nik Kershaw,Wouldn't It Be Good,"New Wave, Pop Rock",1984
8040,Azealia Banks,1991,"Hip House, UK Garage",2012
8041,Moby,Extreme Ways,Downtempo,2002
8042,Miss Kittin & The Hacker,1982,Electroclash,1998
8043,Woody Herman,Blues in the Night (My Mama Done Tol' Me),"Big Band, Swing",1941
8044,Red Hot Chili Peppers,Around the World,"Funk Rock, Rap Rock",1999
8045,Sharon Van Etten,Serpents,"Indie Rock, Singer/Songwriter",2011
8046,Maxine Nightingale,Right Back Where We Started From,"Disco, Pop Soul",1975
8047,The Notwist,One with the Freaks,"Indie Pop, Indietronica",2002
8048,Paramore,Ain't It Fun,Power Pop,2013
8049,The Jam,The Butterfly Collector,"Mod Revival, New Wave, Power Pop",1979
8050,Kaytranada feat. Anderson .Paak,Glowed Up,"Pop Rap, Trap",2016
8051,The Bravery,An Honest Mistake,"New Wave, Post-Punk Revival",2005
8052,King Curtis & His Noble Knights,Soul Twist,Rhythm & Blues,1962
8053,Josï¿½ Alfredo Jimï¿½nez,Si nos dejan,"Bolero, Mariachi, Ranchera",1970
8054,Happy Mondays,24 Hour Party People,"Alternative Dance, Baggy / Madchester",1987
8055,B.J. Thomas,Rock & Roll Lullaby,Pop,1972
8056,Nirvana,Dumb,Alternative Rock,1993
8057,Sonic Youth,Expressway to Yr Skull,"Experimental Rock, Noise Rock",1986
8058,The Equals,"Baby, Come Back","Beat Music, Ska",1967
8059,The Soft Boys,Queen of Eyes,"Jangle Pop, Neo-Psychedelia, Post-Punk",1980
8060,Maurice Fanon,L'ï¿½charpe,Chanson,1963
8061,Danny Brown,Grown Up,Conscious Hip Hop,2012
8062,Ian Dury and The Blockheads,What a Waste,"New Wave, Pub Rock",1978
8063,Patrick Hernandez,Born To Be Alive,"Euro-Disco, Hi-NRG",1979
8064,The Ventures,Hawaii 5-0,"Surf Rock, Television Music",1969
8065,M.I.A.,Bird Flu,"Experimental Hip Hop, UK Hip Hop",2006
8066,Bembeya Jazz National,Armee Guineenne,Mande Music,1968
8067,The Righteous Brothers,(You're My) Soul & Inspiration,"Baroque Pop, Blue Eyed Soul",1966
8068,The Cookies,Don't Say Nothin' Bad (About My Baby),"Brill Building, Girl Group",1963
8069,Grizzly Bear,Sleeping Ute,"Indie Rock, Neo-Psychedelia, Progressive Rock",2012
8070,Yellowman,Zungguzunggu- guzungguzeng,"Dancehall, Deejay",1982
8071,Kreayshawn,Gucci Gucci,"Hyphy, Pop Rap, West Coast Hip Hop",2011
8072,The Who,Eminence Front,"New Wave, Pop Rock",1982
8073,Was (Not Was),Walk the Dinosaur,"Contemporary R&B, Dance-Pop",1987
8074,Missy Misdemeanor Elliott feat. 702 and Magoo,Beep Me 911,"Contemporary R&B, Pop Rap",1997
8075,Sam Roberts,Brother Down,"Alternative Rock, Indie Pop",2002
8076,MC5,Sister Anne,Proto-Punk,1971
8077,Francis Cabrel,La Robe et l'echelle,"Chanson, Folk Pop, French Pop",2008
8078,The White Stripes,Hello Operator,"Alternative Rock, Blues Rock, Garage Rock Revival",2000
8079,Magnetic Man,I Need Air,Dubstep,2010
8080,The Pointer Sisters,Automatic,"Dance-Pop, Synth Funk",1983
8081,David Bowie,Scary Monsters (And Super Creeps),"Art Rock, New Wave, Pop Rock",1980
8082,Spoonie Gee,The Godfather,East Coast Hip Hop,1987
8083,Beyoncï¿½ feat. Jay-Z,Upgrade U,"Contemporary R&B, Dance-Pop",2006
8084,Françoise Hardy,Le temps de l'amour,Yï¿½-yï¿½,1962
8085,Backstreet Boys,Quit Playin' Games (With My Heart),"Boy Band, Teen Pop",1996
8086,Clarence Carter,Making Love (At the Dark End of the...),Southern Soul,1969
8087,Erik Lundin,Suedi,Pop Rap,2015
8088,Steve Winwood,Valerie,Synthpop,1982
8089,Nick Drake,Saturday Sun,"Chamber Folk, Singer/Songwriter",1969
8090,Kenny Rogers & the First Edition,"Ruby, Don't Take Your Love to Town","Country Pop, Folk Pop",1969
8091,Grateful Dead,Sugar Magnolia,Country Rock,1970
8092,Taylor Swift,You Belong with Me,"Country Pop, Pop Rock, Teen Pop",2008
8093,Weezer,Beverly Hills,"Alternative Rock, Power Pop",2005
8094,Harry Belafonte,Jamaica Farewell,Calypso,1956
8095,Pauline Croze,T'es Beau,"Folk Pop, French Pop, Nouvelle chanson franï¿½aise",2005
8096,Maxime Le Forestier,Nï¿½ quelque part,"Chanson, French Pop",1987
8097,Moris,El Oso,Singer/Songwriter,1969
8098,Olivia Newton-John,Physical,Pop Rock,1981
8099,James Brown,Rapp Payback (Where Iz Moses),"Disco, Funk",1980
8100,Neil Young and Crazy Horse,Sleeps with Angels,Rock,1994
8101,The Sleepy Jackson,Rain Falls For Wind,Indie Pop,2003
8102,Édith Piaf,Padam Padam...,Chanson,1951
8103,The Style Council,You're the Best Thing,"Blue Eyed Soul, Sophisti-Pop",1984
8104,Don Henley,Dirty Laundry,Pop Rock,1982
8105,Larry Davis,Texas Flood,Electric Texas Blues,1958
8106,Maxïmo Park,Books from Boxes,Indie Rock,2007
8107,Sugarloaf,Green-Eyed Lady,Psychedelic Rock,1970
8108,Television,Friction,"Art Punk, Art Rock, Post-Punk",1977
8109,Guns N' Roses,Mr. Brownstone,Hard Rock,1987
8110,The High Llamas,"Checking In, Checking Out","Chamber Pop, Country Pop",1994
8111,Vibrations,My Girl Sloopy,"Rhythm & Blues, Soul",1964
8112,Eels,Last Stop: This Town,"Alternative Rock, Indie Pop, Trip Hop",1998
8113,Barry Manilow,Could It Be Magic,"Adult Contemporary, Baroque Pop",1973
8114,Idlewild,You Held the World in Your Arms,Alternative Rock,2002
8115,Queen,Radio Ga Ga,"Pop Rock, Synthpop",1984
8116,Nina Hagen Band,Unbeschreiblich weiblich,"Deutschrock, Glam Rock",1978
8117,The Divine Comedy,Something for the Weekend,Chamber Pop,1996
8118,Tom Robinson Band,2-4-6-8 Motorway,Pub Rock,1977
8119,Villagers,Nothing Arrived,Indie Pop,2012
8120,New Kids on the Block,You Got It (The Right Stuff),Boy Band,1988
8121,The Rolling Stones,Factory Girl,Roots Rock,1968
8122,Billie Holiday,Love For Sale,Vocal Jazz,1954
8123,Billy J. Kramer with The Dakotas,Little Children,Merseybeat,1964
8124,Avril Lavigne,Girlfriend,"Pop Rock, Teen Pop",2007
8125,Kim Gordon,Air BnB,Noise Rock,2019
8126,Wu-Tang Clan,Method Man,"Boom Bap, East Coast Hip Hop, Hardcore Hip Hop",1993
8127,Zoï¿½,No Me Destruyas,Pop Rock,2006
8128,Peech Boys,Don't Make Me Wait,"Electro-Disco, Garage House",1982
8129,Barry Manilow,I Write the Songs,Adult Contemporary,1975
8130,The Police,"De Do Do Do, De Da Da Da","New Wave, Pop Rock",1980
8131,Ministry,N.W.O.,Industrial Metal,1992
8132,Grateful Dead,China Cat Sunflower,Psychedelic Rock,1969
8133,Siouxsie and The Banshees,Christine,Post-Punk,1980
8134,Styx,Babe,"AOR, Soft Rock",1979
8135,Empress Of,Standard,"Alternative R&B, Art Pop, Synthpop",2015
8136,Chicago,I'm a Man,Jazz-Rock,1969
8137,David Byrne,Everybody's Coming to My House,"Art Pop, New Wave",2018
8138,Johnny Hallyday,Que je t'aime,"Chanson, French Pop, Pop Rock",1969
8139,The Beatles,Lovely Rita,"Pop Rock, Psychedelic Pop",1967
8140,Loose Joints,Is It All Over My Face,Disco,1980
8141,Sputniks,Sputnik-Thema,"Rock & Roll, Surf Rock",1965
8142,Bjï¿½rk,The Gate,"Ambient Pop, Art Pop",2017
8143,Jocelyn Brown,Somebody Else's Guy,"Boogie, Pop Soul",1984
8144,Australian Crawl,Reckless (Don't You Be So...),Pop Rock,1983
8145,Caparezza,Fuori dal tunnel,"Comedy Rap, Pop Rap",2003
8146,Wilco,War on War,"Alt-Country, Alternative Rock",2002
8147,Major Lance,Um Um Um Um Um Um Um,"Chicago Soul, Pop Soul",1963
8148,Al Stewart,Time Passages,"Singer/Songwriter, Soft Rock",1978
8149,Madness,Night Boat to Cairo,2 Tone,1979
8150,Timi Yuro,What's a Matter Baby (Is It Hurting You),Pop Soul,1962
8151,Wilco,I Might,Indie Rock,2011
8152,My Chemical Romance,Teenagers,"Alternative Rock, Glam Rock",2006
8153,Traffic,Glad,"Jazz-Rock, Pop Rock",1970
8154,The J. Geils Band,Love Stinks,Pop Rock,1980
8155,Janelle Monáe feat. Grimes,Pynk,"Alternative R&B, Art Pop, Electropop",2018
8156,Snoop Doggy Dogg,Murder Was the Case,"G-Funk, Gangsta Rap, West Coast Hip Hop",1993
8157,Louis Prima and Keely Smith,That Old Black Magic,"Swing, Vocal Jazz",1958
8158,Four Tops,Still Water (Love),Motown Sound,1970
8159,Queen,The Show Must Go On,"Hard Rock, Symphonic Rock",1991
8160,Converge,Concubine/Fault & Fracture,Mathcore,2001
8161,The Wannadies,Hit,"Alternative Rock, Power Pop",1997
8162,OutKast feat. Killer Mike,The Whole World,Southern Hip Hop,2001
8163,Live,All Over You,Post-Grunge,1994
8164,Neil Diamond,"Cherry, Cherry","Pop Rock, Sunshine Pop",1966
8165,Peter Gabriel,Mercy Street,"Ambient Pop, Art Pop",1986
8166,Joan Armatrading,Drop the Pilot,"Pop Rock, Synthpop",1983
8167,Rod Stewart & Faces,"You Can Make Me Dance, Sing or Anything",Soft Rock,1974
8168,David Byrne & Brian Eno,Strange Overtones,"Alternative Dance, Art Pop",2008
8169,Johnny Cash,God's Gonna Cut You Down,"Americana, Contemporary Folk",2006
8170,Wilson Pickett,"634-5789 (Soulsville, U.S.A.)",Soul,1966
8171,Aphex Twin,T69 Collapse,IDM,2018
8172,The Microphones,The Moon,Lo-Fi / Slacker Rock,2001
8173,Carly Simon,Why,Dance-Pop,1982
8174,Robert Johnson,Ramblin' on My Mind,Delta Blues,1937
8175,Robert Johnson,Stop Breakin' Down Blues,Delta Blues,1938
8176,Ivory Joe Hunter,Since I Met You Baby,Rhythm & Blues,1956
8177,Manic Street Preachers,La Tristesse Durera (Scream to a Sigh),Alternative Rock,1993
8178,El Perro del Mar,Change of Heart,"Dream Pop, Twee Pop",2009
8179,The Kendalls,Just Like Real People,Country,1979
8180,Pearl Jam,Last Kiss,"Alternative Rock, Pop Rock",1999
8181,Ella Fitzgerald,How High the Moon,Vocal Jazz,1948
8182,Shocking Blue,Send Me a Postcard,"Garage Rock, Psychedelic Pop, Psychedelic Rock",1968
8183,The New Pornographers,War on the East Coast,"Indie Pop, Indie Rock, Power Pop",2014
8184,George Harrison,All Things Must Pass,"Baroque Pop, Folk Rock, Pop Rock, Singer/Songwriter",1970
8185,Van Halen,Everybody Wants Some!!,Hard Rock,1980
8186,Eddy Mitchell,La derniï¿½re sï¿½ance,"Country Pop, French Pop",1977
8187,Beck,Beercan,"Anti-Folk, Lo-Fi / Slacker Rock",1994
8188,Chance the Rapper,Chain Smoker,Pop Rap,2013
8189,Doris Day,It's Magic,Traditional Pop,1948
8190,The Beta Band,Squares,"Indietronica, Trip Hop",2001
8191,Elvis Presley,A Mess of Blues,Rock & Roll,1960
8192,Kendrick Lamar feat. Gunplay,Cartoon and Cereal,"Conscious Hip Hop, West Coast Hip Hop",2012
8193,The Gap Band,Oops Upside Your Head (I Don't Believe You Won't Get Up and Dance),"Disco, Funk",1979
8194,The Ozark Mountain Daredevils,Jackie Blue,"Country Rock, Soft Rock",1974
8195,Vera Lynn,We'll Meet Again,Standards,1939
8196,Abe Elenkrig's Yidishe Orchestra,Fon der Choope (From the Wedding),Klezmer,1913
8197,Gladys Knight and The Pips,Best Thing That Ever Happened to Me,"Pop Soul, Smooth Soul",1973
8198,Ian Dury,Wake Up and Make Love with Me,"New Wave, Pub Rock",1977
8199,Tommy Tutone,867-5309/Jenny,"New Wave, Power Pop",1982
8200,The Beatles,Run for Your Life,Pop Rock,1965
8201,Elvis Costello and The Attractions,Man Out of Time,"New Wave, Pop Rock, Singer/Songwriter",1982
8202,The Band,Whispering Pines,"Folk Rock, Roots Rock",1969
8203,Ween,Freedom of '76,"Alternative Rock, Blue Eyed Soul, Philly Soul, Smooth Soul",1994
8204,Jackson Browne,Lawyers in Love,"Pop Rock, Singer/Songwriter",1983
8205,ABRA,Crybaby,"Freestyle, Synthpop",2016
8206,The Incredible String Band,October Song,Contemporary Folk,1966
8207,Buck Owens,I've Got a Tiger By the Tail,Bakersfield Sound,1964
8208,Utah Saints,Something Good,House,1992
8209,The Beach Boys,Feel Flows,"Progressive Pop, Psychedelic Pop",1971
8210,Slime,Deutschland,Deutschpunk,1981
8211,Stevie Nicks,Stand Back,"Dance-Pop, Pop Rock",1983
8212,Das Bo,"Tï¿½rlich, tï¿½rlich (Sicher, dicker)","Miami Bass, Pop Rap",2000
8213,Shack,Comedy,"Britpop, Chamber Pop",1999
8214,Daniel Johnston,Some Things Last a Long Time,"Chamber Pop, Singer/Songwriter",1990
8215,Ice Cube feat. Don Jaguar,Wicked,"Gangsta Rap, West Coast Hip Hop",1992
8216,The Plan,Mon amour,Indie Rock,2001
8217,The Rolling Stones,I Am Waiting,"Baroque Pop, Folk Rock",1966
8218,The Nitty Gritty Dirt Band,Will the Circle Be Unbroken,Bluegrass,1972
8219,Mia Martini,Almeno tu nell'universo,Italo Pop,1989
8220,Jacques Dutronc,Les Cactus,"Beat Music, French Pop, Garage Rock",1966
8221,Mott the Hoople,Saturday Gigs,"Glam Rock, Pop Rock",1974
8222,Barry White,I'm Gonna Love You Just a Little More Baby,Smooth Soul,1973
8223,The Cars,(Let the) Good Times Roll,"New Wave, Pop Rock",1978
8224,Matthew Dear,Dog Days,Microhouse,2003
8225,U.S. Girls,Rosebud,"Art Pop, Synthpop",2018
8226,Origin Unknown,Valley of the Shadows,Jungle,1993
8227,Metallica,Ride the Lightning,Thrash Metal,1984
8228,Michael Jackson,She's Out of My Life,Pop Soul,1979
8229,Eddie Cochran,Sittin' in the Balcony,Rock & Roll,1957
8230,Siouxsie and The Banshees,Spellbound,"Gothic Rock, Post-Punk",1981
8231,Kings of Leon,Red Morning Light,"Garage Rock Revival, Southern Rock",2003
8232,Paul Simon,The Late Great Johnny Ace,"Pop Rock, Singer/Songwriter",1983
8233,James Taylor,Don't Let Me Be Lonely Tonight,Singer/Songwriter,1972
8234,Van Morrison,In the Garden,"Pop Rock, Singer/Songwriter",1986
8235,N.O.R.E. [Noreaga],Nothin',East Coast Hip Hop,2002
8236,Echt,Du Trï¿½gst Keine Liebe In Dir,Pop,1999
8237,Meat Puppets,Plateau,"Alternative Rock, Country Rock",1984
8238,Groove Armada,At the River,Downtempo,1997
8239,Herman's Hermits,I'm Into Something Good,Beat Music,1964
8240,Dave Clark Five,Catch Us If You Can,Beat Music,1965
8241,Deniece Williams,Let's Hear It for the Boy,"Contemporary R&B, Dance-Pop, Film Soundtrack",1984
8242,Bruce Springsteen,If I Should Fall Behind,"Rock, Singer/Songwriter",1992
8243,The Stranglers,Skin Deep,"New Wave, Pop Rock",1984
8244,Kanye West feat. Syleena Johnson,All Falls Down,Pop Rap,2004
8245,Siouxsie and The Banshees,Peek-a-Boo,"Art Pop, New Wave",1988
8246,Rufus & Chaka,Do You Love What You Feel,Soul,1979
8247,KC and The Sunshine Band,I'm Your Boogie Man,"Disco, Funk",1976
8248,Count Basie,Jumpin' at the Woodside,"Big Band, Swing",1938
8249,Dominique A.,Pour la peau,"French Pop, Nouvelle chanson franï¿½aise",2001
8250,Cornelius Brothers & Sister Rose,Treat Her Like a Lady,Soul,1970
8251,Cocteau Twins,Pearly-Dewdrops' Drops,"Dream Pop, Ethereal Wave",1984
8252,The Shadows of Knight,Gloria,Garage Rock,1966
8253,Phoenix,Heatwave,French House,1999
8254,Stacey Q,Two of Hearts,"Dance-Pop, Hi-NRG",1986
8255,Eddie Boyd,Five Long Years,"Chicago Blues, Piano Blues",1952
8256,Slim Harpo,Rainin' in My Heart,Swamp Blues,1961
8257,Sparkle Feat. R. Kelly,Be Careful,Contemporary R&B,1998
8258,Rina Ketty,J'attendrai,Chanson,1938
8259,Orquesta Aragï¿½n,El bodeguero,"Chachachï¿½, Cuban Charanga",1955
8260,The Ugly Ducklings,Nothin',Garage Rock,1966
8261,Fountains of Wayne,Sink to the Bottom,"Indie Rock, Power Pop",1996
8262,Pavement,Grounded,Indie Rock,1995
8263,Vince Staples,Yeah Right,"Experimental Hip Hop, Hardcore Hip Hop, West Coast Hip Hop",2017
8264,Grace Jones,Private Life,"Art Pop, Dub, New Wave",1980
8265,Los Twist,Pensï¿½ que se trataba de cieguitos,"Comedy Rock, Rock & Roll",1983
8266,Coolio,Fantastic Voyage,West Coast Hip Hop,1994
8267,Jacques Higelin,Pars,"Blues, Chanson, Pop Rock",1978
8268,The Duprees,You Belong to Me,Doo-Wop,1962
8269,Bette Midler,The Rose,"Adult Contemporary, Film Soundtrack",1979
8270,Mother Love Bone,Chloe Dancer/Crown of Thorns,"Glam Rock, Grunge, Hard Rock",1989
8271,R. Kelly,Bump n' Grind,Contemporary R&B,1993
8272,Joe Goddard feat. Valentina,Gabriel,"House, UK Bass",2011
8273,The Charlatans,Weirdo,"Baggy / Madchester, Neo-Psychedelia",1992
8274,Cake,Never There,Alternative Rock,1998
8275,The Mello-Kings,Tonite Tonite,Doo-Wop,1957
8276,Jay Som,Superbike,"Dream Pop, Indie Pop",2019
8277,Red Hot Chili Peppers,Breaking the Girl,Alternative Rock,1991
8278,Coati Mundi,Me No Pop I,Latin Disco,1980
8279,Elvis Costello and The Attractions,New Amsterdam,"New Wave, Power Pop, Singer/Songwriter",1980
8280,Killing Joke,Wardance,Post-Punk,1980
8281,The Tragically Hip,Wheat Kings,Alternative Rock,1992
8282,Black Star,Definition,"Boom Bap, Conscious Hip Hop, East Coast Hip Hop",1998
8283,Double 99,Rip Groove,Speed Garage,1997
8284,Beck,Deadweight,Indie Pop,1997
8285,Father John Misty,"I Love You, Honeybear","Indie Folk, Singer/Songwriter",2015
8286,The Grapes of Wrath,All the Things I Wasn't,"Folk Rock, Jangle Pop",1989
8287,Tortoise,Gamera,"Experimental Rock, Post-Rock",1995
8288,The Real Roxanne,Bang Zoom (Let's Go Go),"East Coast Hip Hop, Electro",1986
8289,Paul Weller,The Changingman,Rock,1995
8290,Commodores,Still,"Adult Contemporary, Pop Soul",1979
8291,Bob Dylan,I'll Be Your Baby Tonight,"Country, Country Rock, Singer/Songwriter",1967
8292,Amos Milburn and His Aladdin Chickenshackers,"One Scotch, One Bourbon, One Beer",Rhythm & Blues,1953
8293,Wheatus,Teenage Dirtbag,"Alternative Rock, Power Pop",2000
8294,Paul McCartney and Wings,Junior's Farm,Pop Rock,1974
8295,Shackleton,Blood on My Hands,Dubstep,2006
8296,Al Wilson,The Snake,Northern Soul,1968
8297,Kettcar,Landungsbrï¿½cken raus,"Indie Pop, Indie Rock",2002
8298,The Hellacopters,By the Grace of God,Hard Rock,2002
8299,Johnny Ace,My Song,Rhythm & Blues,1952
8300,Cliff Richard,Devil Woman,Pop Rock,1976
8301,2Pac,I Ain't Mad at Cha,"Conscious Hip Hop, West Coast Hip Hop",1996
8302,Golden Earring,Twilight Zone,Pop Rock,1982
8303,Francis and the Lights feat. Bon Iver,Friends,"Alternative R&B, Art Pop",2016
8304,Claude Nougaro,Le Jazz et la java,Chanson ï¿½ texte,1961
8305,Prince and The Revolution,The Beautiful Ones,"Contemporary R&B, Film Soundtrack, Smooth Soul",1984
8306,Fanny Brice,Second Hand Rose,Revue,1922
8307,Lightnin' Rod,Sport,Funk,1973
8308,Johnny Hallyday,Quelque chose de Tennessee,French Pop,1985
8309,The Ink Spots,Don't Get Around Much Anymore,Vocal Group,1943
8310,Shirley Ellis,The Clapping Song,Pop Soul,1965
8311,Basement Jaxx,Good Luck,"Dance-Pop, UK Garage",2003
8312,Steam,Na Na Hey Hey Kiss Him Goodbye,"Pop Rock, Pop Soul",1969
8313,Craig David,Fill Me In,"2-Step, Contemporary R&B",2000
8314,Kate Bush,Moving,Art Pop,1978
8315,Steve Reich/Kronos Quartet,Different Trains: America - Before the War,Minimalism,1989
8316,Tindersticks,Rented Rooms,Chamber Pop,1997
8317,Rocket from the Crypt,On a Rope,"Alternative Rock, Garage Rock Revival, Post-Hardcore",1995
8318,Pinegrove,Old Friends,Midwest Emo,2016
8319,Johnny Horton,Honky Tonk Man,"Honky Tonk, Rockabilly",1956
8320,Woody Guthrie,Tom Joad,"American Folk Music, Contemporary Folk",1940
8321,Barbara George,I Know (You Don't Love Me No More),Soul,1961
8322,Lee Perry & the Full Experiences,Disco Devil,Dub,1977
8323,Mary Jane Girls,All Night Long,"Boogie, Contemporary R&B, Synth Funk",1983
8324,Hï¿½kan Hellstrï¿½m,Kï¿½nn ingen sorg fï¿½r mig Gï¿½teborg,"Indie Pop, Jangle Pop",2000
8325,Muddy Waters,You Need Love,Chicago Blues,1962
8326,Juliette Grï¿½co,Si tu t'imagines,Chanson,1950
8327,Eric Weissberg and Steve Mandel,Dueling Banjos,"Bluegrass, Film Soundtrack",1972
8328,The Pretty Things,Rosalyn,"British Rhythm & Blues, Freakbeat, Garage Rock, Mod",1964
8329,The Rolling Stones,I Got the Blues,"Blues Rock, Soul",1971
8330,Pulp,Mis-Shapes,Britpop,1995
8331,The National,Rylan,"Chamber Pop, Post-Punk Revival",2019
8332,Billy Ray Cyrus,Achy Breaky Heart,Country Pop,1992
8333,Phil Collins,Another Day in Paradise,Pop Rock,1989
8334,Phosphorescent,New Birth in New England,"Americana, Country Pop",2018
8335,Salem,King Night,"Post-Industrial, Witch House",2010
8336,Liam Gallagher,Wall of Glass,Britpop,2017
8337,Sade,By Your Side,Smooth Soul,2000
8338,Pavement,Major Leagues,"Indie Pop, Indie Rock",1999
8339,Idris Muhammad,Could Heaven Ever Be Like This,"Disco, Funk",1977
8340,Kylie Minogue,Come into My World,Dance-Pop,2001
8341,The Mothers of Invention,"Hungry Freaks, Daddy","Psychedelic Rock, Satire",1966
8342,The Rolling Stones,Time Waits for No One,Rock,1974
8343,The Stooges,Down on the Street,"Garage Rock, Hard Rock, Proto-Punk",1970
8344,Michael Kiwanuka,Love & Hate,"Singer/Songwriter, Soul",2016
8345,Ladyhawke,My Delirium,"Dance-Punk, Electropop, Post-Punk Revival",2008
8346,Destroyer,Dream Lover,Indie Rock,2015
8347,Metallica,The Four Horsemen,Thrash Metal,1983
8348,Rickie Lee Jones,The Horses,Singer/Songwriter,1989
8349,Dinosaur Jr.,Almost Ready,Indie Rock,2007
8350,Ennio Morricone,The Ecstasy of Gold,"Film Score, Spaghetti Western",1966
8351,Michel Delpech,Chez Laurette,Chanson,1965
8352,King Curtis,Memphis Soul Stew,"Funk, Rhythm & Blues, Soul",1967
8353,Perfume Genius,Mr. Peterson,"Indie Pop, Singer/Songwriter",2010
8354,Steve Miller Band,Rock'n Me,Pop Rock,1976
8355,El Gran Silencio,Dormir soï¿½ando,Latin Alternative,1998
8356,The Weeknd feat. Daft Punk,I Feel It Coming,"Contemporary R&B, Dance-Pop, Nu-Disco",2016
8357,Lauryn Hill feat. Santana,To Zion,Neo-Soul,1998
8358,Percy Faith & His Orchestra,The Song From Moulin Rouge (Where Is Your Heart),"Easy Listening, Traditional Pop",1953
8359,Cher,If I Could Turn Back Time,"AOR, Pop Rock",1989
8360,Racing Cars,"They Shoot Horses, Don't They?","Country Pop, Soft Rock",1976
8361,"Dr. Dre feat. Snoop Dogg, Kurupt & Nate Dogg",The Next Episode,"Gangsta Rap, West Coast Hip Hop",1999
8362,My Bloody Valentine,I Only Said,"Noise Pop, Shoegaze",1991
8363,Car Seat Headrest,Vincent,Indie Rock,2016
8364,The Hidden Cameras,Ban Marriage,Indie Pop,2003
8365,Temples,Shelter Song,"Neo-Psychedelia, Psychedelic Pop",2012
8366,Hoodoo Gurus,What's My Scene?,Pop Rock,1987
8367,Catherine Wheel,Black Metallic,Shoegaze,1991
8368,Sheer Mag,Can't Stop Fighting,"Garage Rock, Power Pop",2016
8369,Bernard Herrmann,Vertigo Prelude and Rooftop,"Cinematic Classical, Film Score, Orchestral",1958
8370,David Ackles,Down River,Singer/Songwriter,1968
8371,Devo,Uncontrollable Urge,"Art Punk, New Wave, Post-Punk",1978
8372,Fairground Attraction,Perfect,Folk Pop,1988
8373,Objekt,Theme from Q,"2-Step, UK Bass",2017
8374,The Intruders,I'll Always Love My Mama,Philly Soul,1973
8375,Lou Reed,Caroline Says II,"Art Rock, Singer/Songwriter",1973
8376,The King Cole Trio,Embraceable You,Vocal Jazz,1944
8377,ScHoolboy Q feat. A$AP Rocky,Hands on the Wheel,"Gangsta Rap, West Coast Hip Hop",2012
8378,Don Gardner & Dee Dee Ford,I Need Your Loving,"Rhythm & Blues, Soul",1962
8379,Blue Boy,Remember Me,"House, Trip Hop",1997
8380,International Pony,Leaving Home,Electropop,2002
8381,Bad Brains,Banned in D.C.,Hardcore Punk,1982
8382,Spiritualized,Stop Your Crying,"Gospel, Neo-Psychedelia",2001
8383,Norah Jones,Come Away with Me,"Jazz Pop, Vocal Jazz",2002
8384,Bicep,Just,"Deep House, Electro",2015
8385,Basement Jaxx,Jump n' Shout,Hip House,1999
8386,Radiohead,Airbag,"Alternative Rock, Art Rock",1997
8387,The Band,The Unfaithful Servant,"Blues Rock, Folk Rock, Roots Rock",1969
8388,Little Johnny Taylor,Part Time Love,"Pop Soul, Rhythm & Blues",1963
8389,Boby Lapointe,Aragon et Castille,Chanson,1960
8390,Tom Petty and The Heartbreakers,Even the Losers,Pop Rock,1979
8391,The Sensational Alex Harvey Band,Next,"Glam Rock, Hard Rock",1973
8392,Missy Elliott feat. Ludacris,One Minute Man,"Contemporary R&B, Pop Rap",2001
8393,Kelis,"Young, Fresh n' New","New Jack Swing, Pop Rap",2001
8394,Boards of Canada,Happy Cycling,IDM,1998
8395,The Kinks,Celluloid Heroes,Pop Rock,1972
8396,Ivory Joe Hunter,I Almost Lost My Mind,"Rhythm & Blues, Traditional Pop",1949
8397,Radiohead,Talk Show Host,"Alternative Rock, Art Rock",1996
8398,Tricky Woo,Fly the Orient,Garage Rock,1999
8399,Triana,En el lago,Andalusian Rock,1975
8400,Cliff Richard,We Don't Talk Anymore,Pop,1979
8401,Blind Faith,Presence of the Lord,"Blues Rock, British Blues",1969
8402,Charles Trenet,Douce France,Chanson,1947
8403,Toro y Moi,Freelance,Synth Funk,2018
8404,Marvin Gaye,Baby Don't You Do It,Pop Soul,1964
8405,Sigur Rï¿½s,Innï¿½ mï¿½r syngur vitleysingur,"Art Pop, Dream Pop, Indie Pop",2008
8406,Gladys Knight,License To Kill,"Film Soundtrack, Pop Soul",1989
8407,The Box Tops,Soul Deep,"Pop Soul, Rhythm & Blues",1969
8408,Whale,Hobo Humpin' Slobo Babe,Grebo,1993
8409,Ronnie Hawkins,Mary Lou,Rockabilly,1959
8410,Gat Decor,Passion,Progressive House,1992
8411,Carlos Gardel,Mi Buenos Aires Querido,Tango,1934
8412,M People,How Can I Love You More?,"House, Pop Soul",1991
8413,Ivano Fossati,La costruzione di un amore,Singer/Songwriter,1988
8414,The Housemartins,Happy Hour,"Indie Pop, Jangle Pop",1986
8415,Charles Trenet,L'âme Des Poêtes,Chanson,1951
8416,Father John Misty,Ballad of the Dying Man,"Piano Rock, Singer/Songwriter",2017
8417,The Allman Brothers Band,Ain't Wastin' Time No More,"Blues Rock, Jam Band, Southern Rock",1972
8418,Young Thug,Danny Glover,"Southern Hip Hop, Trap",2013
8419,The Monkees,Porpoise Song,"Baroque Pop, Film Soundtrack, Psychedelic Pop",1968
8420,Foreigner,Juke Box Hero,"AOR, Hard Rock",1981
8421,The Incredible String Band,A Very Cellular Song,"Progressive Folk, Psychedelic Folk",1968
8422,Mastodon,The Motherload,"Progressive Metal, Stoner Metal",2014
8423,Carol Douglas,Doctor's Orders,"Disco, Pop Soul",1974
8424,Leroy Van Dyke,Walk On By,Nashville Sound,1961
8425,Maroon 5,This Love,Pop Rock,2002
8426,Tom Waits,Goin' Out West,"Blues Rock, Experimental Rock, Punk Blues, Singer/Songwriter",1992
8427,Redgum,I Was Only 19 (A Walk in the Light Green),"Folk Pop, Folk Rock",1983
8428,Jackson Browne,The Load Out,"Folk Rock, Singer/Songwriter",1977
8429,Miles Davis,Summertime,Big Band,1959
8430,Jacques Brel,Mon enfance,Chanson ï¿½ texte,1967
8431,Christopher Cross,Arthur's Theme (The Best That You Can Do),"Film Soundtrack, Soft Rock, Yacht Rock",1981
8432,alt-J,In Cold Blood,"Art Pop, Indietronica",2017
8433,The DeFranco Family,"Heartbeat, It's a Lovebeat","Bubblegum, Teen Pop",1973
8434,Lonnie Holley,I Woke Up in a Fucked-Up Americaï¿½,"Post-Industrial, Psychedelic Soul",2018
8435,Dr. Feelgood,Roxette,Pub Rock,1974
8436,Spiritualized,I Think I'm in Love,"Neo-Psychedelia, Space Rock",1997
8437,Leo Sayer,You Make Me Feel Like Dancing,"Blue Eyed Soul, Disco",1976
8438,Jarvis Cocker,Don't Let Him Waste Your Time,"Britpop, Indie Rock",2006
8439,Marty Robbins,Begging to You,Country,1963
8440,Commodores,Machine Gun,Funk,1974
8441,Edward Meeker,Take Me Out to the Ball Game,Vaudeville,1908
8442,Tom Waits,Hang On St. Christopher,Blues Rock,1987
8443,Clipse,Trill,"Gangsta Rap, Southern Hip Hop",2006
8444,George Harrison,Isn't It a Pity,"Folk Rock, Pop Rock, Singer/Songwriter",1970
8445,Peter Fox,Alles neu,"Hip Hop, Pop",2008
8446,The Pogues,Streams of Whiskey,"Celtic Punk, Celtic Rock",1984
8447,Lï¿½psley,Hurt Me,Alternative R&B,2015
8448,The Jacksons,Heartbreak Hotel,Disco,1980
8449,Depeche Mode,Home,Downtempo,1997
8450,The Black Crowes,She Talks to Angels,"Acoustic Rock, Southern Rock",1990
8451,The Beatles,I've Got a Feeling,Rock,1970
8452,Foreigner,Cold As Ice,AOR,1977
8453,Louis Jordan and His Tympany Five,Ration Blues,Blues,1943
8454,Ramones,Judy Is a Punk,Punk Rock,1976
8455,Martha Wainwright,Bloody Mother Fucking Asshole,"Folk Pop, Singer/Songwriter",2004
8456,Slade,Gudbuy T'Jane,"Glam Rock, Hard Rock",1972
8457,Tricky,Christiansands,Trip Hop,1996
8458,Amadou & Mariam,Le Rï¿½alitï¿½,Mande Music,2004
8459,John Hiatt,Memphis in the Meantime,"Roots Rock, Singer/Songwriter",1987
8460,Natalie Prass,Short Court Style,"Dance-Pop, Pop Soul, Sophisti-Pop",2018
8461,Yes,And You and I,Symphonic Prog,1972
8462,The Swingin' Medallions,Double Shot (Of My Baby's Love),Garage Rock,1965
8463,Them,Mystic Eyes,"British Rhythm & Blues, Garage Rock",1965
8464,Eminem,Mosh,Political Hip Hop,2004
8465,Earl Sweatshirt,Earl,"Horrorcore, West Coast Hip Hop",2010
8466,Talk Talk,Desire,"Art Rock, Post-Rock",1988
8467,UB40,One in Ten,Pop Reggae,1981
8468,Def Leppard,Bringin' On the Heartbreak,Hard Rock,1981
8469,Ray Parker Jr.,Ghostbusters,"Dance-Pop, Film Soundtrack, Halloween Music",1984
8470,Cesï¿½ria ï¿½vora,Petit Pays,Morna,1995
8471,Bob Dylan,I Don't Believe You (She Acts Like We Never Have Met),"Contemporary Folk, Singer/Songwriter",1964
8472,Neil Young,When You Dance I Can Really Love,"Country Rock, Hard Rock",1970
8473,Jill Scott,A Long Walk,Neo-Soul,2000
8474,Stars,Elevator Love Letter,Twee Pop,2003
8475,The Replacements,Merry Go Round,Alternative Rock,1990
8476,Europe's Society Orchestra,Castle House Rag (Castles in Europe),Ragtime,1914
8477,LL Cool J,Jingling Baby (Remixed and Still Jingling),East Coast Hip Hop,1990
8478,Charly García,Cerca de la revoluciï¿½n,"New Wave, Pop Rock",1984
8479,Mitch Miller,The Yellow Rose of Texas,Classical March,1955
8480,Jungle Brothers,Straight out the Jungle,East Coast Hip Hop,1988
8481,Miranda Lambert,The House That Built Me,Contemporary Country,2009
8482,The Impressions,We're a Winner,Chicago Soul,1967
8483,Pulp,The Trees,Chamber Pop,2001
8484,Neon Indian,Annie,"Chillwave, Synthpop",2015
8485,The Shades of Blue,Oh! How Happy,Blue Eyed Soul,1966
8486,Super Furry Animals,(Drawing) Rings Around the World,"Neo-Psychedelia, Power Pop, Progressive Pop",2001
8487,Ramones,Rock 'n' Roll High School,"Pop Punk, Surf Punk",1979
8488,Paul and Paula,Hey Paula,"Teen Pop, Traditional Pop",1962
8489,The Joy Formidable,Whirring,"Indie Rock, Shoegaze",2009
8490,Helen Reddy,Angie Baby,"Adult Contemporary, Soft Rock",1974
8491,The Animals,It's My Life,"British Rhythm & Blues, Mod",1965
8492,David McWilliams,Days of Pearly Spencer,Baroque Pop,1967
8493,Tarwater,The Watersample,"Indietronica, Post-Rock",1998
8494,No Age,Eraser,"Indie Rock, Noise Pop",2008
8495,Killer Mike,Reagan,"Hardcore Hip Hop, Political Hip Hop, Southern Hip Hop",2012
8496,Santogold,Lights Out,"Indie Pop, Indie Rock, New Wave",2008
8497,Kate Bush,King of the Mountain,Art Pop,2005
8498,Gang Starr,Mass Appeal,"Boom Bap, East Coast Hip Hop",1994
8499,Sergio Mendes & Brasil '66,The Fool on the Hill,"Bossa Nova, Easy Listening",1968
8500,The Beatles,Rocky Raccoon,"Folk Rock, Pop Rock",1968
8501,The Rolling Stones,Back Street Girl,Pop Rock,1967
8502,Fairport Convention,Matty Groves,British Folk Rock,1969
8503,Franco Battiato,Prospettiva Nevski,"Canzone d'autore, New Wave, Pop Rock",1980
8504,Paul McCartney and Wings,Venus and Mars / Rock Show,Pop Rock,1975
8505,Owen Pallett,Lewis Takes Off His Shirt,"Chamber Pop, Folktronica, Indietronica",2010
8506,Pearl Jam,State of Love and Trust,Grunge,1992
8507,The Band,Acadian Driftwood,Roots Rock,1975
8508,Teenage Fanclub,Ain't That Enough,"Jangle Pop, Power Pop",1997
8509,The Everly Brothers,On the Wings of a Nightingale,Pop,1984
8510,Gene Clark,No Other,"Country Rock, Psychedelic Rock",1974
8511,The Rolling Stones,You Got the Silver,"Acoustic Blues, Blues Rock",1969
8512,Bobby Womack,Harry Hippie,Soul,1972
8513,Little Willie John,All Around the World,Rhythm & Blues,1955
8514,Carly Simon,Let the River Run,"Film Soundtrack, Pop",1989
8515,Tommy James and The Shondells,Mony Mony,"Pop Rock, Rock & Roll",1968
8516,Benny Goodman Sextet feat. Charlie Christian,Breakfast Feud,Big Band,1941
8517,Lucinda Williams,Drunken Angel,"Alt-Country, Singer/Songwriter",1998
8518,Fergie,Big Girls Don't Cry,Pop,2006
8519,Bruce Springsteen,Girls in Their Summer Clothes,Pop Rock,2007
8520,The Everly Brothers,Crying in the Rain,"Brill Building, Close Harmony",1961
8521,Oasis,Stop Cryin' Your Heart Out,Britpop,2002
8522,Elastica,Waking Up,Britpop,1995
8523,Snoop Dogg feat. B-Real,Vato,West Coast Hip Hop,2006
8524,Millie Jackson,If Loving You Is Wrong (I Donï¿½t Want To Be Right),"Deep Soul, Smooth Soul",1974
8525,Frank Sinatra,When Your Lover Has Gone,"Standards, Vocal Jazz",1955
8526,Tindersticks,Can We Start Again?,Chamber Pop,1999
8527,Lana Del Rey,Brooklyn Baby,"Art Pop, Dream Pop",2014
8528,Chris de Burgh,The Lady in Red,Adult Contemporary,1986
8529,U2,Until the End of the World,"Alternative Rock, Pop Rock",1991
8530,Radiohead,2+2=5,Alternative Rock,2003
8531,Eddie Money,Two Tickets to Paradise,"AOR, Pop Rock",1977
8532,Daniel Balavoine,Le Chanteur,French Pop,1978
8533,The Charlatans,One to Another,"Britpop, Indie Rock",1996
8534,Red Hot Chili Peppers,Dark Necessities,"Alternative Rock, Funk Rock",2016
8535,Tom Waits,Ruby's Arms,Singer/Songwriter,1980
8536,Five Blind Boys,Our Father (Which Art in Heaven),Traditional Black Gospel,1950
8537,Muse,Madness,"Pop Rock, Synthpop",2012
8538,Nancy Sinatra & Lee Hazlewood,Summer Wine,"Baroque Pop, Psychedelic Pop",1966
8539,Iron Maiden,Wrathchild,NWOBHM,1981
8540,The Music Explosion,Little Bit O' Soul,Garage Rock,1967
8541,Clap Your Hands Say Yeah,Is This Love?,"Indie Pop, Indie Rock",2005
8542,Bruce Springsteen,Blinded by the Light,"Heartland Rock, Singer/Songwriter",1973
8543,Sophie Ellis-Bextor,Murder on the Dancefloor,"Dance-Pop, Nu-Disco",2001
8544,Delroy Wilson,Dancing Mood,Rocksteady,1966
8545,Eric Bogle,And the Band Played Waltzing Matilda,Contemporary Folk,1977
8546,Cat Power feat. Lana Del Rey,Woman,"Americana, Pop Rock, Singer/Songwriter",2018
8547,The Students,I'm So Young,Doo-Wop,1958
8548,Marmion,Schï¿½neberg,Trance,1993
8549,The Coral,Don't Think You're the First,"Indie Rock, Neo-Psychedelia",2003
8550,Razorlight,Golden Touch,Indie Rock,2004
8551,Andy Kirk & His Twelve Clouds of Joy,Until the Real Thing Comes Along,"Swing, Vocal Jazz",1936
8552,Bobby Vinton,Roses Are Red (My Love),Traditional Pop,1962
8553,Chet Baker,Let's Get Lost,"Standards, Vocal Jazz",1955
8554,Altered Images,I Could Be Happy,"New Wave, Twee Pop",1981
8555,Tori Amos,God,"Alternative Rock, Art Pop, Piano Rock, Singer/Songwriter",1994
8556,Rammstein,Mein Teil,Neue Deutsche Hï¿½rte,2004
8557,Benny Goodman & Charlie Christian,Stompin' at the Savoy,"Big Band, Swing",1936
8558,Ray Charles,America the Beautiful,Pop Soul,1972
8559,Aerosmith,Back in the Saddle,Hard Rock,1976
8560,The Hives,Tick Tick Boom,Garage Rock Revival,2007
8561,Eddy Duchin & His Orchestra,Lovely to Look At,Traditional Pop,1935
8562,Injury Reserve feat. Aminï¿½,Jailbreak the Tesla,"Hardcore Hip Hop, Industrial Hip Hop",2019
8563,Roxanne Shanté,Roxanne's Revenge,East Coast Hip Hop,1984
8564,Billy Thorpe & The Aztecs,Most People I Know (Think That I'm Crazy),Pop Rock,1972
8565,A Tribe Called Quest feat. Busta Rhymes,Dis Generation,"Conscious Hip Hop, East Coast Hip Hop, Jazz Rap",2016
8566,Swans,Oxygen,"Experimental Rock, Noise Rock",2014
8567,Iron Maiden,Fear of the Dark,Heavy Metal,1992
8568,The Band,Chest Fever,Roots Rock,1968
8569,Kay Kyser & His Orchestra,Three Little Fishes (Itty Bitty Poo),Traditional Pop,1939
8570,Heaven 17,Let Me Go!,Synthpop,1982
8571,Miguel Mateos / ZAS,Tirï¿½ para arriba,Pop Rock,1984
8572,Belle and Sebastian,Your Cover's Blown,"Chamber Pop, Twee Pop",2004
8573,The Heartbreakers,Born to Lose,Punk Rock,1977
8574,Pavement,Carrot Rope,"Indie Pop, Indie Rock",1999
8575,Count Basie,Swinging the Blues,Big Band,1938
8576,Joy Division,Dead Souls,Post-Punk,1980
8577,Willie Nelson and Merle Haggard,Pancho and Lefty,"Contemporary Country, Urban Cowboy",1983
8578,Elisa,Luce (Tramonti a nord est),Pop,2001
8579,N*E*R*D,Provider,"Pop Rap, Pop Rock",2002
8580,David Bowie,Andy Warhol,"Art Rock, Folk Rock",1971
8581,The Divine Comedy,Generation Sex,Chamber Pop,1998
8582,No Doubt,Hella Good,"Alternative Dance, Electropop, Pop Rock",2001
8583,Drake,Started from the Bottom,Pop Rap,2013
8584,Frank Sinatra,You Make Me Feel So Young,"Standards, Vocal Jazz",1956
8585,Patti Smith,Hey Joe (Version),"Art Rock, Proto-Punk",1974
8586,Jimmy Spicer,Adventures of Super Rhyme (Rap),"Disco Rap, East Coast Hip Hop",1980
8587,Miles Davis,Spanish Key,"Avant-Garde Jazz, Jazz Fusion",1970
8588,David Bowie,Aladdin Sane (1913-1938-197?),"Art Rock, Glam Rock, Piano Rock",1973
8589,Hüsker Dü,These Important Years,Alternative Rock,1987
8590,Bob Marley and The Wailers,Put It On,Reggae,1971
8591,Frank Sinatra,Luck Be a Lady,"Traditional Pop, Vocal Jazz",1963
8592,Sido,Mein Block,Hip Hop,2004
8593,AlunaGeorge,You Know You Like It,"Contemporary R&B, Trap [EDM]",2011
8594,Radiohead,Motion Picture Soundtrack,Art Pop,2000
8595,Neil Young,I'm the Ocean,"Grunge, Hard Rock",1995
8596,The Pogues,Streets of Sorrow/Birmingham Six,"Celtic Punk, Celtic Rock",1988
8597,Sia,Breathe Me,"Chamber Pop, Singer/Songwriter",2004
8598,Carole King,It Might As Well Rain Until September,Brill Building,1962
8599,Cymande,Bra,"Funk, Psychedelic Soul",1972
8600,Pretenders,I'll Stand By You,Pop Rock,1994
8601,Deep Purple,Woman from Tokyo,Hard Rock,1973
8602,John Hiatt,Riding With the King,"Heartland Rock, Pop Rock, Singer/Songwriter",1983
8603,Terry Riley,A Rainbow in Curved Air,"Minimalism, Progressive Electronic",1969
8604,Lou Reed,Wild Child,Rock,1972
8605,Metallica,Orion,"Progressive Metal, Thrash Metal",1986
8606,Marv Johnson,You Got What It Takes,"Rhythm & Blues, Soul",1959
8607,Department S,Is Vic There?,"New Wave, Post-Punk",1981
8608,Fanfare Ciocărlia,lag bari,Balkan Brass Band,2001
8609,Ministry,Stigmata,Industrial Rock,1988
8610,Neil Young,Walk On,Country Rock,1974
8611,Devendra Banhart,Santa Maria da Feira,Contemporary Folk,2005
8612,Another Sunny Day,You Should All Be Murdered,"Jangle Pop, Twee Pop",1989
8613,Social Distortion,Ball and Chain,Punk Rock,1990
8614,EL VY,"Return to the Moon (Political Song for Didi Bloome to Sing, With Crescendo)",Indie Rock,2015
8615,Panda Bear,Mr Noah,"Neo-Psychedelia, Psychedelic Pop",2014
8616,Augie March,One Crowded Hour,"Chamber Folk, Indie Pop",2006
8617,Zola Jesus,Night,Darkwave,2010
8618,Michel Polnareff,Sous quelle ï¿½toile suis-je nï¿½,"Chanson, French Pop, Singer/Songwriter",1966
8619,Broder Daniel,Shoreline,Post-Punk Revival,2003
8620,Charlie Parker,Just Friends,Cool Jazz,1950
8621,ESG,You're No Good,Dance-Punk,1981
8622,The D.O.C.,It's Funky Enough,"Gangsta Rap, West Coast Hip Hop",1989
8623,Stereophonics,Just Looking,Britpop,1999
8624,Benny Goodman,Avalon,"Big Band, Dixieland",1937
8625,Fats Domino,Let the Four Winds Blow,New Orleans R&B,1961
8626,The Romantics,Talking in Your Sleep,"New Wave, Power Pop",1983
8627,Supergrass,Richard III,"Britpop, Power Pop",1997
8628,The Temptations,"Runaway Child, Running Wild",Psychedelic Soul,1969
8629,Soundgarden,Outshined,"Alternative Metal, Grunge",1991
8630,Josef K,It's Kinda Funny,Post-Punk,1980
8631,Bangles,Going Down to Liverpool,Jangle Pop,1984
8632,Change,A Lover's Holiday,Disco,1980
8633,Paul Weller,Sunflower,"Pop Rock, Singer/Songwriter",1993
8634,The Shirelles,Foolish Little Girl,"Brill Building, Girl Group",1963
8635,The Weavers,On Top of Old Smoky,American Folk Music,1951
8636,Nirvana,Aneurysm,Grunge,1991
8637,The Who,Young Man Blues,Hard Rock,1970
8638,Cocteau Twins,Cherry-Coloured Funk,Dream Pop,1990
8639,Los Fabulosos Cadillacs,Mal bicho,Latin Alternative,1995
8640,The Dixie Hummingbirds,Amazing Graze,Traditional Black Gospel,1946
8641,Audioslave,Like a Stone,Alternative Rock,2002
8642,Status Quo,Caroline,Boogie Rock,1973
8643,Claude Nougaro,Tu verras,Chanson,1978
8644,Youth Lagoon,Dropla,Psychedelic Pop,2013
8645,Ciara,Like a Boy,Contemporary R&B,2006
8646,Floyd Tillman,Slipping Around,Country,1949
8647,Arctic Monkeys,Why'd You Only Call Me When You're High?,Indie Rock,2013
8648,Miranda Lambert,Kerosene,"Contemporary Country, Country Rock",2005
8649,Terence Trent D'Arby,Sign Your Name,"Contemporary R&B, Pop Soul, Smooth Soul",1987
8650,Associated Glee Clubs of America,Adeste Fideles,"Choral, Christmas Music",1925
8651,Andrew Hill,Refuge,Avant-Garde Jazz,1965
8652,Superpitcher,Tomorrow,"Deep House, Microhouse",2001
8653,Serge Gainsbourg,Variations sur Marilou,"Chanson, French Pop",1976
8654,Jack Nitzsche,The Lonely Surfer,"Baroque Pop, Surf Rock",1963
8655,Nazareth,Hair of the Dog,Hard Rock,1975
8656,Queens of the Stone Age,Regular John,Stoner Rock,1998
8657,Nick Cave & The Bad Seeds,Stagger Lee,"Alternative Rock, Punk Blues",1996
8658,Young Thug Feat. Elton John,High,"Pop Rap, Southern Hip Hop, Trap",2018
8659,Kamasi Washington,Fists of Fury,"Jazz Fusion, Spiritual Jazz",2018
8660,Raekwon,Incarcerated Scarfaces,"Boom Bap, East Coast Hip Hop",1995
8661,Johnny Rivers,Poor Side of Town,Traditional Pop,1966
8662,The National,Pink Rabbits,Indie Rock,2013
8663,Trinity,Three Piece Suit,Deejay,1977
8664,Against Me!,Thrash Unreal,Pop Punk,2007
8665,Lambchop,The Old Gold Shoe,Chamber Pop,2000
8666,Pino Daniele,Napule ï¿½,Canzone d'autore,1977
8667,Larry Williams,"Dizzy, Miss Lizzy",Rock & Roll,1958
8668,Lauryn Hill,Everything Is Everything,Contemporary R&B,1998
8669,Boris Vian,J'suis snob,Chanson ï¿½ texte,1955
8670,Björk,Isobel,"Art Pop, Downtempo",1995
8671,Woody Herman,Laura,Big Band,1945
8672,ABC,All of My Heart,New Romantic,1982
8673,The Pointer Sisters,Jump (For My Love),"Dance-Pop, Hi-NRG",1983
8674,Damia,Les Goï¿½lands,Chanson rï¿½aliste,1937
8675,Baccara,"Yes Sir, I Can Boogie","Euro-Disco, Europop",1977
8676,The Beatles,When I'm Sixty-Four,Music Hall,1967
8677,Usher feat. Young Jeezy,Love in this Club,"Contemporary R&B, Pop",2008
8678,The Weakerthans,Left and Leaving,Indie Rock,2000
8679,Slick Rick,Hey Young World,"Conscious Hip Hop, East Coast Hip Hop, Pop Rap",1988
8680,D-Mob feat. Gary Haisman,We Call It Acieed,Acid House,1988
8681,Julieta Venegas,Me voy,"Folk Pop, Latin Pop",2006
8682,Léo Ferré,La Mémoire et la mer,Chanson ï¿½ texte,1970
8683,Jarabe de Palo,La Flaca,"Latin Pop, Latin Rock, Pop Rock",1996
8684,Carpenters,Goodbye to Love,Baroque Pop,1972
8685,Eagles,Heartache Tonight,"Country Rock, Pop Rock",1979
8686,Mercury Rev,Car Wash Hair,Neo-Psychedelia,1991
8687,Paula Abdul,"Rush, Rush",Pop,1991
8688,Grateful Dead,Ripple,Folk Rock,1970
8689,Jacno,Rectangle,"French Pop, Synthpop",1979
8690,Elvis Costello and The Attractions,Tokyo Storm Warning,"Pop Rock, Singer/Songwriter",1986
8691,Prince and The Revolution,Paisley Park,"Neo-Psychedelia, Pop Rock, Psychedelic Pop",1985
8692,Father John Misty,Mr. Tillman,"Folk Pop, Indie Pop",2018
8693,The Magnetic Fields,"100,000 Fireflies",Twee Pop,1991
8694,King Pleasure,Moody's Mood for Love,"Bebop, Rhythm & Blues, Vocal Jazz",1952
8695,Judas Priest,The Ripper,"Hard Rock, Heavy Metal",1976
8696,Cowboy Junkies,Sweet Jane,"Dream Pop, Slowcore",1988
8697,Jimmy Eat World,Sweetness,Emo-Pop,2001
8698,Chabuca Granda,La flor de la canela,Mï¿½sica Criolla Peruana,1953
8699,DJ Rashad,Let It Go,Footwork,2013
8700,Elvis Presley,Milkcow Blues Boogie,Rockabilly,1955
8701,Tiga & Zyntherius,Sunglasses at Night,"Electroclash, Techno",2001
8702,Van Morrison,Beside You,"Chamber Folk, Singer/Songwriter",1968
8703,The Pied Pipers,Dream,Vocal Group,1945
8704,Starbuck,Moonlight Feels Right,Soft Rock,1975
8705,The Go-Betweens,Right Here,"Indie Pop, Jangle Pop",1987
8706,Danny O'Keefe,Good Time Charlie's Got the Blues,Country,1971
8707,Tony Bennett,Stranger in Paradise,"Traditional Pop, Vocal Jazz",1953
8708,"Rihanna, Kanye West, Paul McCartney",FourFiveSecondsï¿½,Pop Soul,2015
8709,Marian Anderson,Ave Maria,Lieder,1936
8710,The Cadillacs,Gloria,Doo-Wop,1954
8711,Javiera Mena,Espada,"Electropop, Nu-Disco, Synthpop",2013
8712,Serge Lama,Je suis malade,Chanson,1973
8713,Benny Goodman,Body and Soul,"Standards, Swing",1935
8714,ceo,Come with Me,"Balearic Beat, Indie Pop, Indietronica",2010
8715,Playgroup,Make It Happen,Electropop,2000
8716,Kings of Leon,Radioactive,"Alternative Rock, Southern Rock",2010
8717,The Stanley Brothers,Little Maggie,Bluegrass,1947
8718,The Brothers Johnson,I'll Be Good to You,Funk,1976
8719,U2,"Trash, Trampoline and the Party Girl / Party Girl",Post-Punk,1982
8720,The Lumineers,Ho Hey,"Folk Pop, Indie Folk, Indie Pop",2012
8721,The Rivieras,California Sun,"Rock & Roll, Surf Rock",1964
8722,Fantastic Johnny C,Boogaloo Down Broadway,Soul,1967
8723,Alexander O'Neal,Criticize,Contemporary R&B,1987
8724,Doves,Kingdom Of Rust,"Indie Pop, Indie Rock",2009
8725,Jann Arden,Insensitive,Adult Contemporary,1994
8726,Eels,Fresh Feeling,"Pop, Trip Hop",2001
8727,Second Phase,Mentasm,"Hardcore [EDM], Techno",1991
8728,DJ Marky & XRS,LK,Sambass,2002
8729,M.I.A.,Sunshowers,"Electropop, Experimental Hip Hop, Political Hip Hop, UK Hip Hop",2004
8730,Teddy Wilson/Billie Holiday,What a Little Moonlight Can Do,"Swing, Vocal Jazz",1935
8731,Mr. Fingers,Washing Machine,Chicago House,1986
8732,Clifford Brown & Max Roach,Cherokee,Hard Bop,1955
8733,Tommy James and The Shondells,I Think We're Alone Now,Pop Rock,1967
8734,Jenny Lewis,She's Not Me,"Chamber Pop, Soft Rock",2014
8735,Nacha Pop,Lucha de gigantes,Pop Rock,1987
8736,The Velvet Underground,Stephanie Says,Art Rock,1985
8737,Duran Duran,The Wild Boys,"Dance-Pop, New Wave, Pop Rock",1984
8738,Elastica,Line Up,Britpop,1994
8739,The Cure,A Letter to Elise,Alternative Rock,1992
8740,Whodini,Freaks Come Out at Night,"East Coast Hip Hop, Electro",1984
8741,Ozzy Osbourne,No More Tears,"Hard Rock, Heavy Metal",1991
8742,Midnight Oil,The Dead Heart,Alternative Rock,1986
8743,MC Solaar,Nouveau Western,"Boom Bap, French Hip Hop, Jazz Rap",1993
8744,Hashim,Al-Naafiysh (The Soul),Electro,1983
8745,Nine Inch Nails,Wish,"Industrial Metal, Industrial Rock",1992
8746,Buddy Guy,First Time I Met the Blues,"Chicago Blues, Rhythm & Blues, Soul Blues",1960
8747,Attaque 77,Hacelo por mï¿½,Punk Rock,1990
8748,C.W. McCall,Convoy,"Novelty, Truck Driving Country",1975
8749,Frank Sinatra,I'm a Fool to Want You,"Standards, Vocal Jazz",1951
8750,Boris Vian,Je bois,Chanson ï¿½ texte,1956
8751,The Jimi Hendrix Experience,Voodoo Chile,"Acid Rock, Blues Rock, Electric Blues",1968
8752,The Bobbettes,Mr. Lee,"Doo-Wop, Girl Group",1957
8753,Léo Ferré,La Vie d'artiste,Chanson ï¿½ texte,1951
8754,Indochine,L'aventurier,"French Pop, New Wave, Synthpop",1982
8755,Jens Lekman,A Postcard to Nina,"Chamber Pop, Singer/Songwriter",2007
8756,Ash,Shining Light,"Alternative Rock, Power Pop",2001
8757,No Age,Glitter,"Indie Rock, Noise Pop",2010
8758,Virus,Una luna de miel en la mano,"New Wave, Synthpop",1985
8759,Dennis Coffey and The Detroit Guitar Band,Scorpio,Deep Funk,1971
8760,ScHoolboy Q,Man of the Year,"Cloud Rap, West Coast Hip Hop",2013
8761,Donna Summer & Barbra Streisand,No More Tears (Enough Is Enough),Disco,1979
8762,Beastie Boys,Body Movin',"East Coast Hip Hop, Electro",1998
8763,Elvis Presley,Tryin' to Get to You,"Pop, Rock & Roll",1956
8764,Crow,Evil Woman Don't Play Your Games With Me,Hard Rock,1969
8765,John Hiatt,Thing Called Love,"Roots Rock, Singer/Songwriter",1987
8766,Jacques Brel,Mathilde,Chanson ï¿½ texte,1964
8767,Wilson Pickett,Don't Knock My Love,Southern Soul,1971
8768,Dinah Washington,Baby Get Lost,Vocal Jazz,1949
8769,The Staple Singers,Let's Do It Again,"Chicago Soul, Pop Soul",1975
8770,Limp Bizkit,Break Stuff,"Nu Metal, Rap Metal, Southern Hip Hop",1999
8771,France Gall,"Poupï¿½e de cire, poupï¿½e de son",Yï¿½-yï¿½,1965
8772,D Train,You're the One for Me,"Boogie, Synth Funk",1981
8773,War,Summer,Pop Soul,1976
8774,James Brown,King Heroin,"Soul Jazz, Spoken Word",1972
8775,Los Autï¿½nticos Decadentes,Loco (Tu forma de ser),Latin Alternative,1989
8776,Razorlight,America,"Alternative Rock, Pop Rock",2006
8777,Arthur Gibbs & His Gang,Charleston,Swing,1924
8778,Porter Wagoner,A Satisfied Mind,Country,1955
8779,Fatboy Slim,Everybody Needs a 303,Big Beat,1996
8780,Sly and the Family Stone,(You Caught Me) Smilin',"Funk, Psychedelic Soul",1971
8781,Ciara feat. Ludacris,Ride,Contemporary R&B,2010
8782,La Maldita Vecindad y Los Hijos del Quinto Patio,Kumbala,"Danzï¿½n, Latin Alternative",1991
8783,Waxahatchee,Swan Dive,"Indie Rock, Singer/Songwriter",2013
8784,Vicki Lawrence,The Night the Lights Went Out in Georgia,Country Pop,1973
8785,Lucky Millinder & His Orchestra (vocals Wynonie Harris),Who Threw the Whiskey in the Well,"Jump-Blues, Swing",1945
8786,Empress Of,How Do You Do It,"Dance-Pop, Electropop, UK Garage",2015
8787,Marvin Gaye,"When Did You Stop Loving Me, When Did I Stop Loving You",Soul,1978
8788,John Denver,Annie's Song,"Baroque Pop, Country Pop, Soft Rock",1974
8789,Nilsson,I Guess the Lord Must Be in New York City,"Baroque Pop, Folk Pop",1969
8790,Alicia Bridges,I Love the Nightlife (Disco 'Round),Disco,1978
8791,Young Thug feat. Gunna,Hot / Hot (Remix feat. Travis Scott),"Southern Hip Hop, Trap",2019
8792,Cage the Elephant,Shake Me Down,Alternative Rock,2010
8793,The Strokes,What Ever Happened?,"Garage Rock Revival, Indie Rock",2003
8794,The National,Light Years,Chamber Pop,2019
8795,Kool & The Gang,Hollywood Swinging,Funk,1973
8796,Bush Tetras,Too Many Creeps,"Dance-Punk, No Wave",1980
8797,Junior Byles,Curley Locks,Roots Reggae,1974
8798,Syd Barrett,Opel,"Psychedelic Folk, Psychedelic Rock",1988
8799,Jeremih,773 Love,Contemporary R&B,2012
8800,Alex Chilton,Bangkok,"Garage Punk, Rock & Roll",1978
8801,The National,Terrible Love,Post-Punk Revival,2010
8802,Innerzone Orchestra,Bug in the Bassbin,Nu Jazz,1996
8803,Eddie Money,Baby Hold On,Pop Rock,1977
8804,Los Canarios,Get On Your Knees,"Pop Rock, Pop Soul",1967
8805,Herbert,So Now…,Deep House,1998
8806,AC/DC,Rock and Roll Ain't Noise Pollution,Hard Rock,1980
8807,IDLES,Mother,"Post-Hardcore, Post-Punk",2017
8808,Weezer,We Are All On Drugs,"Alternative Rock, Power Pop",2005
8809,Bette Midler,Wind Beneath My Wings,Adult Contemporary,1988
8810,Beginner feat. Gzuz & Gentleman,Ahnma,Hip Hop,2016
8811,Paul McCartney and Wings,Helen Wheels,Pop Rock,1973
8812,Mogwai,Rano Pano,Post-Rock,2011
8813,Heart,Magic Man,Pop Rock,1975
8814,Linda Ronstadt,When Will I Be Loved,Country Rock,1974
8815,The Bell Notes,I've Had It,Rock & Roll,1959
8816,Bob Dylan,Ain't Talkin',Americana,2006
8817,Tinariwen,Cler Achel,Tishoumaren,2007
8818,Siouxsie and The Banshees,Kiss Them for Me,"Alternative Dance, Art Pop",1991
8819,Elton John,Take Me to the Pilot,Piano Rock,1970
8820,Dan Deacon,Wham City,Indietronica,2007
8821,Judas Priest,You've Got Another Thing Comin',"Hard Rock, Heavy Metal",1982
8822,Jefferson Airplane,Volunteers,Psychedelic Rock,1969
8823,Hootie & The Blowfish,Only Wanna Be With You,Pop Rock,1994
8824,Ariel Pink,Black Ballerina,"Hypnagogic Pop, Psychedelic Pop",2014
8825,Soulwax,E Talking,"Alternative Dance, Dance-Punk, Electroclash, Post-Punk Revival",2004
8826,Musique,In the Bush,Disco,1978
8827,Nicolas Jaar,Space Is Only Noise If You Can See,"Ambient House, Microhouse",2011
8828,Bruce Springsteen,Cover Me,"Heartland Rock, Pop Rock",1984
8829,Pï¿½pï¿½ Bradock,Deep Burnt,"Deep House, French House",1999
8830,King Princess,1950,"Alternative R&B, Pop Soul",2018
8831,J Balvin and Bad Bunny,La canciï¿½n,Reggaeton,2019
8832,T.I.,Rubber Band Man,"Dirty South, Southern Hip Hop, Trap",2003
8833,Interpol,Untitled,Post-Punk Revival,2002
8834,Serge Reggiani,Il suffirait de presque rien,Chanson,1968
8835,Money Mark,Cry,Lo-Fi / Slacker Rock,1995
8836,Eric Clapton,Let It Grow,Blues Rock,1974
8837,Morrissey,You Have Killed Me,"Alternative Rock, Pop Rock",2006
8838,Ida Maria,I Like You So Much Better When You're Naked,"Indie Rock, Pop Rock",2008
8839,Sonny and Cher,Baby Don't Go,"Pop Rock, Sunshine Pop",1965
8840,The Rolling Stones,Winter,Rock,1973
8841,Bob Dylan,You're a Big Girl Now,"Folk Rock, Singer/Songwriter",1975
8842,Allen Toussaint,From a Whisper to a Scream,Southern Soul,1970
8843,Dido,White Flag,Adult Contemporary,2003
8844,Young Thug,Digits,"Southern Hip Hop, Trap",2016
8845,Les Chats Sauvages,Twist à St. Tropez,Rock & Roll,1961
8846,YACHT,Psychic City (Voodoo City),Indietronica,2009
8847,Laurel Halo,Light + Space,Ambient Pop,2012
8848,Gorillaz feat. Bootie Brown,Dirty Harry,"Abstract Hip Hop, Experimental Hip Hop, Political Hip Hop, Trip Hop",2005
8849,Pharrell Williams feat. Gwen Stefani,Can I Have It Like That,Pop Rap,2005
8850,Beats International,Dub Be Good to Me,"Alternative Dance, Downtempo",1990
8851,Germaine Sablon,Le Chant des partisans,Chanson,1943
8852,Led Zeppelin,Dancing Days,Hard Rock,1973
8853,Ernie Maresca,Shout! Shout! (Knock Yourself Out),Rock & Roll,1962
8854,Dion,Lovers Who Wander,"Doo-Wop, Rock & Roll",1962
8855,Leonard Cohen,Dance Me to the End of Love,"Singer/Songwriter, Sophisti-Pop",1984
8856,The Cramps,TV Set,"Garage Punk, Psychobilly",1980
8857,Jacques Brel,Le Plat pays,Chanson ï¿½ texte,1962
8858,Tangerine Dream,Sequent C,"Ambient, Berlin School",1974
8859,Fleetwood Mac,Say You Love Me,"Country Pop, Country Rock, Piano Rock",1975
8860,Joe Dassin,Marie-Jeanne,Chanson,1967
8861,Kylie Minogue,Spinning Around,"Dance-Pop, Nu-Disco",2000
8862,The Lemonheads,The Outdoor Type,"Alternative Rock, Folk Rock",1996
8863,Beau Dommage,La Complainte du Phoque En Alaska,"Chanson, Folk Pop, Folk Rock",1974
8864,The Mills Brothers,Someday (You'll Want Me to Want You),Vocal Group,1949
8865,The Beatles,Oh! Darling,"Blues Rock, British Rhythm & Blues",1969
8866,Il ï¿½tait une fois,J'ai encore rï¿½vï¿½ d'elle,Chanson,1975
8867,Terry Callier,Dancing Girl,"Contemporary Folk, Soul",1972
8868,Roxy Music,Oh Yeah,"New Wave, Pop Rock, Sophisti-Pop",1980
8869,Franz Ferdinand,No You Girls,"Dance-Punk, Post-Punk Revival",2009
8870,Shuggie Otis,Aht Uh Mi Hed,Funk,1974
8871,Rod Stewart,I Don't Want to Talk About It,Pop Rock,1975
8872,Daddy Yankee,Gasolina,Reggaeton,2004
8873,Beck,Blue Moon,"Indie Folk, Singer/Songwriter",2014
8874,Fiona Apple,Werewolf,"Jazz Pop, Piano Rock, Singer/Songwriter",2012
8875,Charly García,No voy en tren,New Wave,1987
8876,Tomte,Ich sang die ganze Zeit von dir,Indie Rock,2006
8877,Rod Stewart,Youï¿½re in My Heart (The Final Acclaim),"Folk Rock, Pop",1977
8878,N*E*R*D,Rock Star,Rap Rock,2002
8879,Peggy Lee,Maï¿½ana (Is Soon Enough for Me),Traditional Pop,1948
8880,The Guess Who,No Time,"Psychedelic Pop, Psychedelic Rock",1970
8881,The Mighty Diamonds,Right Time,Roots Reggae,1976
8882,Jay and The Americans,Come a Little Bit Closer,Pop,1964
8883,Art Mooney & His Orchestra,I'm Looking Over a Four-Leaf Clover,Chachachï¿½,1948
8884,SOPHIE,Just Like We Never Said Goodbyeï¿½,Bubblegum Bass,2015
8885,ATB,9pm ('Till I Come),Ibiza Trance,1999
8886,The Crystals,Uptown,"Brill Building, Girl Group",1962
8887,Nick Cave & The Bad Seeds,(Are You) The One That I've Been Waiting For?,"Piano Rock, Singer/Songwriter",1997
8888,Khia,"My Neck, My Back (Lick It)",Dirty South,2001
8889,Whitney Houston,I Have Nothing,"Adult Contemporary, Contemporary R&B, Film Soundtrack, Pop Soul",1992
8890,Catatonia,Mulder and Scully,Britpop,1998
8891,The Dixie Hummingbirds,Let's Go Out to the Programs,Traditional Black Gospel,1953
8892,Fleetwood Mac,Hold Me,Pop Rock,1982
8893,Cafï¿½ Tacvba,Puntos cardinales,"Pop Rock, Progressive Pop",2003
8894,The Smoke,My Friend Jack,"Freakbeat, Mod, Psychedelic Pop",1967
8895,Frank Ifield,I Remember You,Country Pop,1962
8896,AC/DC,Down Payment Blues,Hard Rock,1978
8897,Iggy Pop,Funtime,"Art Rock, Post-Punk",1977
8898,Yaeji,Drink Iï¿½m Sippin On,Alternative R&B,2017
8899,ScHoolboy Q,THere He Go,"Gangsta Rap, West Coast Hip Hop",2012
8900,Dave Matthews Band,What Would You Say,Pop Rock,1994
8901,Nao,Girlfriend,"Alternative R&B, Future Bass",2016
8902,The Trammps,Hold Back the Night,"Philly Soul, Pop Soul",1975
8903,Carlos Vives,La gota frï¿½a,"Latin Pop, Vallenato",1993
8904,Fleet Foxes,Third of May/Ōdaigahara,"Chamber Folk, Progressive Folk",2017
8905,Kanye West,Real Friends,Conscious Hip Hop,2016
8906,Santa Sabina,Azul casi morado,"Alternative Rock, Gothic Rock",1992
8907,Bob Dylan,Ring Them Bells,"Gospel, Piano Rock, Singer/Songwriter",1989
8908,Morrissey,Speedway,Alternative Rock,1994
8909,Port O'Brien,I Woke Up Today,"Indie Folk, Indie Rock",2008
8910,Wallace Collection,Daydream,"Baroque Pop, Pop Rock, Psychedelic Pop",1969
8911,Darlene Love,A Fine Fine Boy,"Brill Building, Girl Group",1963
8912,Pï¿½pï¿½ Bradock,Burning,"Deep House, French House",1999
8913,London Grammar,Strong,"Art Pop, Dream Pop, Indie Pop",2013
8914,Toni Braxton,You're Makin' Me High,Contemporary R&B,1996
8915,Moby,We Are All Made of Stars,Pop Rock,2002
8916,AraabMuzik,Streetz Tonight,"Dubstep, Instrumental Hip Hop",2011
8917,Kaiser Chiefs,Everyday I Love You Less and Less,"Indie Rock, Pop Rock",2005
8918,Al Jolson,April Showers,Traditional Pop,1921
8919,The Southern Sons,Lift Every Voice and Sing,"Gospel, Vocal Group",1942
8920,Elvis Presley,Wear My Ring Around Your Neck,"Pop, Rock & Roll",1958
8921,Soulja Boy,Crank That (Soulja Boy),"Snap, Southern Hip Hop",2007
8922,Bobby Parker,Watch Your Step,"Rhythm & Blues, Soul",1961
8923,Buffalo Tom,Taillights Fade,"Alternative Rock, Power Pop",1992
8924,The Ark,It Takes a Fool to Remain Sane,"Glam Rock, Pop Rock",2000
8925,Prince,Joy in Repetition,"Pop Rock, Synth Funk",1990
8926,Guns N' Roses,Better,Hard Rock,2008
8927,Modest Mouse,The World at Large,"Dream Pop, Indie Rock",2004
8928,Spiritualized,Electricity,"Garage Rock, Neo-Psychedelia",1997
8929,The 1975,The Sound,Synthpop,2016
8930,Queen,Tie Your Mother Down,"Boogie Rock, Hard Rock",1976
8931,David Bowie,The Bewlay Brothers,"Art Rock, Folk Rock, Glam Rock, Singer/Songwriter",1971
8932,The Byrds,Everybody's Been Burned,"Folk Rock, Pop Rock, Psychedelic Pop",1967
8933,Aerosmith,Cryin',"Hard Rock, Pop Rock",1993
8934,Neil Young,Comes a Time,"Country, Folk Rock, Singer/Songwriter",1978
8935,Starland Vocal Band,Afternoon Delight,"Country Pop, Soft Rock",1976
8936,Deep Dish feat. Everything But the Girl,The Future of the Future (Stay Gold),"Deep House, Progressive House",1998
8937,fIREHOSE,Sometimes,Post-Punk,1987
8938,Masters At Work presents India,To Be in Love,Funky House,1997
8939,KC and The Sunshine Band,Keep It Comin' Love,Disco,1976
8940,The Beach Boys,Little Deuce Coupe,Vocal Surf,1963
8941,John Lee Hooker,Dimples,Electric Blues,1956
8942,Trovadores Regionales,Gregorio Cortez,Corrido,1929
8943,Al Jolson,Anniversary Song,Traditional Pop,1946
8944,A$AP Rocky,Goldie,East Coast Hip Hop,2012
8945,Steely Dan,Dirty Work,Pop Rock,1972
8946,Ying Yang Twins,Wait (The Whisper Song),"Pop Rap, Snap, Southern Hip Hop",2005
8947,J. Blackfoot,Taxi,"Rhythm & Blues, Soul",1983
8948,Funkadelic,Cosmic Slop,"Funk, Funk Rock, Psychedelic Soul",1973
8949,Aimee Mann,4th of July,"Pop Rock, Singer/Songwriter",1993
8950,2Pac feat. K-Ci & JoJo,How Do U Want It,"G-Funk, Pop Rap, West Coast Hip Hop",1996
8951,The Who,Happy Jack,"Freakbeat, Mod",1966
8952,Pop Smoke,Welcome to the Party,"East Coast Hip Hop, UK Drill",2019
8953,1910 Fruitgum Company,"1, 2, 3, Red Light",Bubblegum,1968
8954,Alanis Morissette,Head Over Feet,"Pop Rock, Singer/Songwriter",1995
8955,Vaughn Monroe,There! I've Said It Again,Standards,1945
8956,Marvin Gaye,Hitch Hike,"Pop Soul, Rhythm & Blues",1962
8957,Perfect Pussy,Interference Fits,"Noise Rock, Post-Hardcore",2014
8958,Southside Johnny & The Asbury Jukes,I Don't Want to Go Home,Heartland Rock,1976
8959,John Williams / The London Symphony Orchestra,Star Wars (Main Title),"Cinematic Classical, Film Score, Orchestral",1977
8960,Procol Harum,A Salty Dog,"Baroque Pop, Progressive Rock",1969
8961,Snowy White,Bird of Paradise,Blues Rock,1983
8962,Fun Lovin' Criminals,Love Unlimited,"Downtempo, Hip Hop",1998
8963,Grateful Dead,Casey Jones,Country Rock,1970
8964,Space [UK],Female of the Species,"Britpop, Space Age Pop",1996
8965,Bobby Solo,Una lacrima sul viso,Italo Pop,1964
8966,War,The Cisco Kid,"Funk, Soul",1972
8967,Lily Allen,Not Fair,Country Pop,2009
8968,Can,Father Cannot Yell,"Krautrock, Psychedelic Rock",1969
8969,Bob Dylan,All I Really Want to Do,"Contemporary Folk, Singer/Songwriter",1964
8970,Belle and Sebastian,Le Pastie de la Bourgeoisie,"Indie Pop, Jangle Pop",1997
8971,Sébastien Tellier,Divine,"Electropop, Synthpop",2008
8972,Pearl Jam,Yellow Ledbetter,Grunge,1992
8973,LaVern Baker,I Cried a Tear,Rhythm & Blues,1958
8974,Lionrock,Rude Boy Rock,"Big Beat, Ska",1998
8975,El-P,Deep Space 9mm,"Abstract Hip Hop, East Coast Hip Hop",2002
8976,Merle Haggard,The Fugitive,Bakersfield Sound,1966
8977,Alan Jackson,Where Were You (When the World Stopped Turning),Contemporary Country,2001
8978,Janis Joplin,Move Over,Blues Rock,1971
8979,Britney Spears,I'm a Slave 4 U,Dance-Pop,2001
8980,alt-J,Tessellate,"Art Pop, Indie Pop",2011
8981,Jerry Butler,"Hey, Western Union Man","Philly Soul, Pop Soul",1968
8982,Hervï¿½ Vilard,Capri c'est fini,French Pop,1965
8983,"Gary ""U.S."" Bonds",School Is Out,"Rhythm & Blues, Rock & Roll",1961
8984,The Drums,Money,Indie Pop,2011
8985,LFO,Freak,Acid Techno,2003
8986,Buffalo Springfield,Rock and Roll Woman,"Country Rock, Folk Rock",1967
8987,Bourvil,C'était Bien (Le Petit Bal Perdu),Chanson,1960
8988,Angel Olsen,Forgiven/Forgotten,Indie Rock,2014
8989,Sammy Turner,Lavender Blue,"Rhythm & Blues, Soul, Traditional Pop",1959
8990,Daniel Johnston,True Love Will Find You in the End,"Lo-Fi / Slacker Rock, Singer/Songwriter",1984
8991,The Cure,Primary,"Gothic Rock, Post-Punk",1981
8992,Parquet Courts,Total Football,"Art Punk, Dance-Punk",2018
8993,Pantera,Cemetary Gates,"Groove Metal, Thrash Metal",1990
8994,boygenius,Bite the Handï¿½,"Indie Rock, Singer/Songwriter",2018
8995,Radio Futura,Escuela de calor,"New Wave, Pop Rock",1984
8996,The Boomtown Rats,Rat Trap,"New Wave, Pop Rock, Pub Rock",1978
8997,Telex,Moskow Diskow,"Electro-Disco, Synthpop",1979
8998,Ralph McTell,Streets of London,"Contemporary Folk, Singer/Songwriter",1969
8999,Pet Shop Boys,I Don't Know What You Want But I Can't Give It Anymore,Synthpop,1999
9000,Yvonne Elliman,I Don't Know How to Love Him,Rock Opera,1970
9001,Cham,Ghetto Story / Ghetto Story Chapter 3 (feat. Akon),Ragga,2006
9002,Irma Thomas,It's Raining,"Deep Soul, New Orleans R&B",1962
9003,Juan Luis Guerra y 4.40,Burbujas de amor,"Bachata, Latin Pop",1990
9004,Carole King,Only Love Is Real,Singer/Songwriter,1976
9005,Smokey Robinson and The Miracles,The Love I Saw in You Was Just a Mirage,Motown Sound,1967
9006,De'Lacy,Hideaway,"Deep House, Garage House",1994
9007,Spin Doctors,Little Miss Can't Be Wrong,"Funk Rock, Pop Rock",1991
9008,The Kooks,Seaside,Indie Pop,2006
9009,Los Prisioneros,We Are South American Rockers,"New Wave, Pop Rock",1988
9010,Roberta Flack and Donny Hathaway,Where Is the Love,Smooth Soul,1972
9011,Fugazi,Margin Walker,Post-Hardcore,1989
9012,Johnny Mercer,Zip-A-Dee-Doo-Dah,Vocal Jazz,1946
9013,Bruce Springsteen,My Hometown,Heartland Rock,1984
9014,The Chakachas,Jungle Fever,Latin Funk,1971
9015,Jerry Butler,Never Give You Up,"Philly Soul, Pop Soul",1968
9016,Rose Tattoo,Rock 'n' Roll Outlaw,"Blues Rock, Hard Rock",1978
9017,Jack Guthrie & His Oklahomans,Oklahoma Hills,Cowboy,1945
9018,Tom Jones with Mousse T.,Sex Bomb,"Dance-Pop, Pop Soul",1999
9019,Van Morrison,It's All in the Game,"Adult Contemporary, Pop Rock, Singer/Songwriter",1979
9020,Aretha Franklin,The House that Jack Built,Southern Soul,1968
9021,Bob Dylan,Absolutely Sweet Marie,Folk Rock,1966
9022,Nirvana,Serve the Servants,Grunge,1993
9023,Hï¿½kan Hellstrï¿½m,"Kom igen, Lena!",Indie Pop,2002
9024,Crystal Castles,Courtship Dating,"Electropop, Synthpop",2008
9025,U2,Walk On,Pop Rock,2000
9026,Erykah Badu,Appletree,Neo-Soul,1997
9027,Afrika Bambaataa & The Soulsonic Force,Renegades of Funk,"East Coast Hip Hop, Electro",1983
9028,Guy Bï¿½art,L'eau vive,Chanson,1958
9029,Deep Purple,Burn,Hard Rock,1974
9030,Crowded House,Four Seasons in One Day,Soft Rock,1991
9031,Aretha Franklin,Jump to It,"Boogie, Contemporary R&B",1982
9032,The Who,Join Together,Hard Rock,1972
9033,Babyshambles,Killamangiro,"Garage Rock Revival, Indie Rock",2004
9034,Genesis,Turn It On Again,"Pop Rock, Progressive Pop",1980
9035,Volcano Choir,Byegone,Indie Folk,2013
9036,David Bowie,Sweet Thing,"Art Rock, Glam Rock",1974
9037,Sister Sledge,Thinking of You,"Disco, Pop Soul",1979
9038,Bad Company,Rock 'N' Roll Fantasy,Hard Rock,1979
9039,Ariana Grande feat. Zedd,Break Free,"Dance-Pop, Electro House, Electropop",2014
9040,The Lemonheads,Confetti,"Alternative Rock, Power Pop",1992
9041,Burning,Que hace una chica como tï¿½ en un sitio como este,"Rock urbano espaï¿½ol, Soft Rock",1978
9042,Morris Albert,Feelings,Easy Listening,1974
9043,Ice Cube feat. Das EFX,Check Yo Self,"Boom Bap, Disco Rap, Gangsta Rap, West Coast Hip Hop",1992
9044,Squeeze,Take Me I'm Yours,"New Wave, Synthpop",1978
9045,Radiohead,Like Spinning Plates,"Art Pop, Electronic",2001
9046,Steve Arrington,Feel So Real,"Boogie, Dance-Pop",1985
9047,Sleigh Bells,Comeback Kid,Noise Pop,2012
9048,John Stewart,Gold,Soft Rock,1979
9049,Guns N' Roses,Chinese Democracy,"Hard Rock, Industrial Rock",2008
9050,Billie Holiday,Solitude,Vocal Jazz,1941
9051,Joe Dassin,Salut les amoureux,Chanson,1972
9052,Gene Vincent and His Blue Caps,Race with the Devil,Rockabilly,1956
9053,Flying Lotus,Do the Astral Plane,"IDM, Microhouse, Wonky",2010
9054,Dick Annegarn,Coutances,Chanson,1975
9055,Sub Sub,Ain't No Love,Funky House,1993
9056,The Fabulous Thunderbirds,Tuff Enuff,"Boogie Rock, Southern Rock",1986
9057,Japan,Gentlemen Take Polaroids,"Art Pop, New Wave",1980
9058,Junior Boys,Teach Me How to Fight,"Glitch Pop, Synthpop",2004
9059,Das Racist,Michael Jackson,"Abstract Hip Hop, Experimental Hip Hop",2011
9060,Roxy Music,Jealous Guy,"Adult Contemporary, Soft Rock",1981
9061,Tanita Tikaram,Good Tradition,Folk Pop,1988
9062,The Offspring,Gone Away,Alternative Rock,1997
9063,Iry LeJeune,Love Bridge Waltz,Cajun,1948
9064,Björk,Lionsong,"Art Pop, Downtempo, IDM",2015
9065,Dominique A.,Le twenty-two bar,Nouvelle chanson franï¿½aise,1995
9066,Rufus Wainwright,Oh What a World,"Chamber Pop, Singer/Songwriter",2003
9067,AC/DC,The Jack,"Blues Rock, Hard Rock",1975
9068,The Beach Boys,The Warmth of the Sun,Vocal Surf,1964
9069,The Isley Brothers,Footsteps in the Dark,"Funk, Soul",1977
9070,Daryl Hall & John Oates,You Make My Dreams,"Blue Eyed Soul, Pop Rock",1980
9071,Oasis,The Shock of the Lightning,"Alternative Rock, Neo-Psychedelia",2008
9072,John Zorn,The Sicilian Clan,"Cocktail Nation, Jazz Fusion",1990
9073,DJ Shadow and The Groove Robbers,In/Flux,"Instrumental Hip Hop, Plunderphonics, Trip Hop, Turntablism",1993
9074,The Animals,I'm Crying,"British Rhythm & Blues, Mod",1964
9075,The Byrds,Set You Free This Time,Folk Rock,1965
9076,Dinosaur Jr.,Just Like Heaven,"Indie Rock, Noise Rock",1989
9077,The Russian Futurists,Let's Get Ready to Crumble,"Indie Pop, Indietronica",2003
9078,Willie Nelson,Whiskey River,Outlaw Country,1978
9079,Modest Mouse,Trailer Trash,Midwest Emo,1997
9080,Pet Shop Boys,Love Is a Bourgeois Construct,"Electro House, Electropop, Synthpop",2013
9081,Jacques Brel,Ces Gens Là,Chanson ï¿½ texte,1965
9082,Terror Squad,Lean Back,"East Coast Hip Hop, Gangsta Rap",2004
9083,Tool,Schism,"Alternative Metal, Progressive Metal",2001
9084,Future,Turn On the Lights,"Pop Rap, Southern Hip Hop, Trap",2012
9085,Gang Gang Dance,MindKilla,"Electropop, Neo-Psychedelia",2011
9086,The Rolling Stones,Before They Make Me Run,Rock & Roll,1978
9087,Smashing Pumpkins,I Am One,Alternative Rock,1990
9088,Timbaland feat. Keri Hilson,The Way I Are,"Dance-Pop, Electropop",2007
9089,TV on the Radio,Halfway Home,"Art Rock, Indie Rock",2008
9090,Local Natives,Airplanes,"Chamber Pop, Indie Folk",2009
9091,Elvis Presley,(Now and Then There's) A Fool Such As I,"Pop, Rockabilly",1959
9092,Lucinda Williams,Pineola,Alt-Country,1992
9093,Rheostatics,Record Body Count,Indie Rock,1991
9094,Little Willie John,"Talk to Me, Talk to Me","Doo-Wop, Rhythm & Blues",1958
9095,Poison,Every Rose Has Its Thorn,"Acoustic Rock, Pop Rock",1988
9096,The Impalas,Sorry (I Ran All the Way Home),Doo-Wop,1959
9097,The Tragically Hip,New Orleans Is Sinking,Blues Rock,1989
9098,Eugenio Finardi,Musica ribelle,"Pop Rock, Singer/Songwriter",1976
9099,Lucy Dacus,I Don't Wanna Be Funny Anymore,Indie Rock,2015
9100,Onyx,Slam,"Boom Bap, East Coast Hip Hop, Hardcore Hip Hop",1993
9101,The Monkees,(I'm Not Your) Steppin' Stone,Pop Rock,1966
9102,The Replacements,Here Comes a Regular,"Alternative Rock, Power Pop",1985
9103,Juan Carlos Baglietto,"Mirta, de regreso","Folk Rock, Singer/Songwriter",1982
9104,Johnnie Ray,Just Walkin' in the Rain,Traditional Pop,1956
9105,Bernd Begemann,Hitler - Menschlich gesehen,"Hamburger Schule, Lo-Fi / Slacker Rock, Singer/Songwriter",1993
9106,The B-52's,52 Girls,New Wave,1979
9107,Doris Day and Buddy Clark,Love Somebody,Traditional Pop,1948
9108,Low,Disarray,"Ambient Pop, Glitch Pop",2018
9109,Frankie Carle & His Orchestra,Rumors Are Flying,Traditional Pop,1946
9110,Hoagy Carmichael,Ole Buttermilk Sky,Traditional Pop,1946
9111,The Beach Boys,Wild Honey,"Pop Soul, Psychedelic Pop",1967
9112,Jean Ferrat,Nuit et Brouillard,Chanson,1963
9113,Erykah Badu,Cel U Lar Device,"Contemporary R&B, Neo-Soul",2015
9114,Sleigh Bells,Infinity Guitars,"Noise Pop, Noise Rock",2010
9115,Lynyrd Skynyrd,What's Your Name,Southern Rock,1977
9116,Drake,Energy,"Pop Rap, Trap",2015
9117,Electric Light Orchestra,Showdown,"Pop Rock, Symphonic Rock",1973
9118,Bob Dylan,Only a Pawn in Their Game,"Contemporary Folk, Singer/Songwriter",1964
9119,Laura Marling,Sophia,"Indie Folk, Singer/Songwriter",2011
9120,Big Star,In the Street,Power Pop,1972
9121,ABBA,Eagle,"Europop, Pop Rock",1977
9122,The Rakes,22 Grand Job,Post-Punk Revival,2004
9123,Mark Ronson & The Business Intl,Bang Bang Bang,"Electropop, Pop Rap, Synthpop",2010
9124,Rufus Wainwright,Cigarettes and Chocolate Milk,"Art Pop, Chamber Pop, Singer/Songwriter",2001
9125,Jeff Buckley,Lilac Wine,"Alternative Rock, Singer/Songwriter",1994
9126,The Ink Spots and Ella Fitzgerald,I'm Making Believe,"Traditional Pop, Vocal Group",1944
9127,Frankie Laine,That Lucky Old Sun,Traditional Pop,1949
9128,Russ Morgan & His Orchestra,Cruising Down the River,"Easy Listening, Traditional Pop",1949
9129,Vic Damone,You're Breaking My Heart,Traditional Pop,1949
9130,Colette Magny,Melocoton,Chanson,1963
9131,Wu-Tang Clan,Can It Be All So Simple,"Boom Bap, East Coast Hip Hop, Hardcore Hip Hop",1993
9132,John Lee Hooker,Motor City Is Burning,Electric Blues,1968
9133,ScHoolboy Q feat. Kanye West,THat Part,"Trap, West Coast Hip Hop",2016
9134,Donna Summer,State of Independence,Pop,1982
9135,Kasabian,Empire,Indie Rock,2006
9136,Superpitcher,Happiness,"Microhouse, Tech House",2004
9137,Carly Rae Jepsen,All That,"Sophisti-Pop, Synthpop",2015
9138,The Highwaymen,Michael (Row the Boat Ashore),Folk Pop,1960
9139,Pink Floyd,Fearless,"Art Rock, Folk Rock",1971
9140,Saint Etienne,How We Used to Live,"Art Pop, Indietronica, Progressive Pop",2000
9141,Caribou,Our Love,Deep House,2014
9142,Andy Williams,Music to Watch Girls By,Lounge,1967
9143,Babylon Zoo,Spaceman,Alternative Rock,1996
9144,"Raekwon feat. Inspectah Deck, Ghostface Killah, & Method Man",House of Flying Daggers,"East Coast Hip Hop, Hardcore Hip Hop",2009
9145,Nicolas Jaar,No,"Ambient House, Art Pop, Latin Electronic",2016
9146,Digitalism,Zdarlight,Electro House,2005
9147,Paul Revere & The Raiders,(I'm Not Your) Steppin' Stone,"Beat Music, Garage Rock",1966
9148,At the Drive-In,Pattern Against User,Post-Hardcore,2000
9149,Talking Heads,Memories Can't Wait,"New Wave, Post-Punk",1979
9150,Spice Girls,Spice Up Your Life,"Dance-Pop, Teen Pop",1997
9151,Ocean Colour Scene,The Riverboat Song,Britpop,1996
9152,The Remains,Don't Look Back,Garage Rock,1966
9153,Chubby Checker,Let's Twist Again,"Rhythm & Blues, Rock & Roll",1961
9154,Donna Summer,MacArthur Park,Disco,1978
9155,Charlie Rich,The Most Beautiful Girl,Nashville Sound,1973
9156,Lucio Battisti,Il mio canto libero,"Baroque Pop, Pop Rock, Progressive Pop",1972
9157,Mark Ronson feat. Angel Olsen,True Blue,"Dance-Pop, New Wave, Synthpop",2019
9158,Four Tet,Angel Echoes,"Ambient House, Folktronica, Microhouse",2010
9159,The Chameleons,In Shreds,Post-Punk,1982
9160,T.I.,Whatever You Like,"Pop Rap, Southern Hip Hop",2008
9161,The Kinks,This Time Tomorrow,"Folk Rock, Pop Rock",1970
9162,The Shamen,Ebeneezer Goode,"Dance-Pop, Euro House, Hip House",1992
9163,Elvis Costello and The Attractions,Psycho,"Country, Country Rock",1981
9164,Post Malone,White Iverson,"Alternative R&B, Cloud Rap",2015
9165,Percy Sledge,Take Time to Know Her,Deep Soul,1968
9166,Los Violadores,"Uno, dos, ultraviolento",Punk Rock,1985
9167,Furniture,Brilliant Mind,"Art Pop, New Wave",1986
9168,Bob Marley,Nice Time,Reggae,1967
9169,Sufjan Stevens,The Only Thing,"Indie Folk, Singer/Songwriter",2015
9170,Air,Alone in Kyoto,"Ambient, Ambient Pop, Electronic",2004
9171,ï¿½lex Anwandter,Siempre es viernes en mi corazï¿½n,"Dance-Pop, Synthpop",2016
9172,The Bellamy Brothers,Let Your Love Flow,Country Pop,1975
9173,Everything But the Girl,Each and Every One,"Jazz Pop, Sophisti-Pop",1984
9174,Sky Ferreira,You're Not the One,"Alternative Dance, New Wave, Pop Rock",2013
9175,The Cardigans,You're the Storm,"Indie Pop, Pop Rock",2003
9176,fIREHOSE,Flyin' the Flannel,Alternative Rock,1991
9177,Lightning Bolt,Dracula Mountain,Noise Rock,2003
9178,David Bowie,Letter to Hermione,"Contemporary Folk, Singer/Songwriter",1969
9179,Cibo Matto,Birthday Cake,"Alternative Dance, Art Pop",1995
9180,The Flaming Lips,Silver Trembling Hands,"Experimental Rock, Neo-Psychedelia",2009
9181,Michel Delpech,Quand j'ï¿½tais chanteur,Chanson,1975
9182,Jacques Brel,Vesoul,Chanson ï¿½ texte,1968
9183,The Five Du-Tones,Shake a Tailfeather,"Rhythm & Blues, Rock & Roll",1963
9184,Ann Peebles,I'm Gonna Tear Your Playhouse Down,Southern Soul,1973
9185,Canibus,Second Round K.O.,"East Coast Hip Hop, Hardcore Hip Hop",1998
9186,Jackson Browne,Here Come Those Tears Again,Singer/Songwriter,1976
9187,Queens of the Stone Age,If I Had a Tail,Alternative Rock,2013
9188,Olivia Newton-John,Have You Never Been Mellow,Adult Contemporary,1975
9189,The Miracles,I'll Try Something New,Pop Soul,1962
9190,Kid Frost,La Raza,"Chicano Rap, West Coast Hip Hop",1990
9191,Schneider TM,Frogtoise,Indietronica,2002
9192,Nino Ferrer,La Rua Madureira,Chanson,1969
9193,Rita Montaner,El Manisero (The Peanut Vendor),"Rhumba, Son Cubano",1928
9194,Diana Ross,Theme from Mahogany (Do You Know Where You're Going To),"Adult Contemporary, Film Soundtrack, Pop Soul",1975
9195,Daniel Lanois,The Maker,"Pop Rock, Singer/Songwriter",1989
9196,Morgan,Miss Parker,Trip Hop,1999
9197,Rose Royce,Love Don't Live Here Anymore,Smooth Soul,1978
9198,Joni Mitchell,Carey,"Folk Pop, Singer/Songwriter",1971
9199,Danny Wilson,Mary's Prayer,"Pop Rock, Sophisti-Pop",1987
9200,Loleatta Holloway,Love Sensation,"Disco, Soul",1980
9201,Leonard Cohen,In My Secret Life,"Singer/Songwriter, Sophisti-Pop",2001
9202,tUnE-yArDs,Powa,Art Pop,2011
9203,Aphex Twin,On,"Ambient Techno, IDM",1993
9204,Lorenzo Senni,The Shape of Trance to Come,"Progressive Electronic, Progressive Trance",2017
9205,Thelonious Monk,Off Minor,Bebop,1948
9206,Magali Noël,Fais moi mal Johnny,Chanson,1956
9207,R.E.M.,Can't Get There from Here,Jangle Pop,1985
9208,The Cure,All Cats Are Grey,"Gothic Rock, Post-Punk",1981
9209,Michel Sardou,La Maladie d'amour,Chanson,1973
9210,Disclosure,F for You,"Deep House, Future House, UK Garage",2013
9211,Tal Bachman,She's So High,Power Pop,1999
9212,Steve Goodman,City of New Orleans,"Contemporary Folk, Country, Singer/Songwriter",1971
9213,Gid Tanner & His Skillet Lickers,Soldier's Joy,Old-Time,1929
9214,The Verve,On Your Own,Britpop,1995
9215,British Sea Power,Waving Flags,Indie Rock,2008
9216,Mel and Tim,Backfield in Motion,Soul,1969
9217,Adriano Celentano,Azzurro,Italo Pop,1968
9218,The Sensations,Let Me In,"Doo-Wop, Rhythm & Blues",1961
9219,Destiny's Child,No No No,Contemporary R&B,1998
9220,Robert Johnson,Me and the Devil Blues,Delta Blues,1938
9221,X,Fourth of July,Alternative Rock,1987
9222,Serge Reggiani,Le Petit garï¿½on,Chanson,1967
9223,The Fixx,One Thing Leads to Another,"New Wave, Pop Rock",1983
9224,Edward Bear,Last Song,"Singer/Songwriter, Soft Rock",1972
9225,Ja Rule,"Holla, Holla",East Coast Hip Hop,1999
9226,Paolo Conte,Max,Singer/Songwriter,1987
9227,Fabrizio De André,Il pescatore,Canzone d'autore,1970
9228,Los Teen Tops,La Plaga,Rock & Roll,1960
9229,"Bonnie ""Prince"" Billy",Death to Everyone,"Alt-Country, Singer/Songwriter",1999
9230,Babasï¿½nicos,El Loco,"Art Rock, Psychedelic Rock",2001
9231,Stone Temple Pilots,Big Bang Baby,Alternative Rock,1996
9232,Public Enemy,Brothers Gonna Work It Out,"East Coast Hip Hop, Hardcore Hip Hop, Political Hip Hop",1990
9233,Faith Hill,Breathe,Country Pop,1999
9234,Phil Collins,Sussudio,"Dance-Pop, Synthpop",1985
9235,Julia Holter,Maxim's I,"Art Pop, Dream Pop, Progressive Pop",2013
9236,Ready For the World,Love You Down,"Contemporary R&B, Pop Soul",1986
9237,Kendrick Lamar feat. Jay Rock,Money Trees,"Conscious Hip Hop, West Coast Hip Hop",2012
9238,INXS,Don't Change,"New Wave, Pop Rock",1982
9239,The War on Drugs,Pain,"Heartland Rock, Indie Rock",2017
9240,Leonard Cohen,The Partisan,"Contemporary Folk, Singer/Songwriter",1969
9241,Dr. Hook,"The Cover of ""Rolling Stone""","Country Pop, Country Rock, Musical Comedy",1972
9242,Slipknot,Left Behind,Nu Metal,2001
9243,Drugstore,El President,Alternative Rock,1998
9244,Bob Dylan,I Dreamed I Saw St. Augustine,"Folk Rock, Singer/Songwriter",1967
9245,Mogwai,Mogwai Fear Satan,Post-Rock,1997
9246,Electric Light Orchestra,Can't Get It Out of My Head,"Art Rock, Pop Rock, Symphonic Rock",1974
9247,Peter and Gordon,Woman,Pop,1966
9248,Julia Jacklin,Donï¿½t Know How to Keep Loving You,"Indie Folk, Singer/Songwriter, Slowcore",2019
9249,Mina,Se telefonando,Italo Pop,1966
9250,The Beatles,She Came in Through the Bathroom Window,Pop Rock,1969
9251,Led Zeppelin,How Many More Times,"Blues Rock, Hard Rock",1969
9252,De La Soul,Potholes in My Lawn,East Coast Hip Hop,1988
9253,The Men,Open Your Heart,"Garage Punk, Indie Rock",2012
9254,Sonic Youth,Youth Against Fascism,"Noise Rock, Punk Rock",1992
9255,Ray Price,Make the World Go Away,Nashville Sound,1963
9256,Otis Redding,Shake,Southern Soul,1965
9257,ï¿½tienne Daho,Week-end ï¿½ Rome,"French Pop, Synthpop",1984
9258,Simply Red,If You Don't Know Me By Now,"Blue Eyed Soul, Sophisti-Pop",1989
9259,The Coasters,That Is Rock & Roll,"Rhythm & Blues, Rock & Roll",1959
9260,Liars,No. 1 Against the Rush,"Art Rock, Minimal Synth",2012
9261,Rae Sremmurd,No Type,"Pop Rap, Southern Hip Hop, Trap",2014
9262,MC Solaar,Caroline,"Boom Bap, French Hip Hop",1991
9263,Kanye West feat. Consequence and Cam'ron,Gone,Pop Rap,2005
9264,Ted Leo + Pharmacists,Me and Mia,"Indie Rock, Pop Punk, Power Pop",2004
9265,Procol Harum,Homburg,"Baroque Pop, Psychedelic Pop",1967
9266,Rihanna,Pon de Replay,"Contemporary R&B, Dance-Pop, Dancehall",2005
9267,David Bowie,"Jump, They Say","Alternative Dance, Art Pop",1993
9268,Renaud,Laisse Bï¿½ton,Chanson,1977
9269,P!nk,Just Like a Pill,Pop Rock,2001
9270,Michael Coleman,The Boys of the Lough,Irish Folk Music,1922
9271,Michael Coleman,The Humours of Ennistymon,Irish Folk Music,1922
9272,Ms. Dynamite,It Takes More,Contemporary R&B,2002
9273,Future,Same Damn Time,"Southern Hip Hop, Trap",2012
9274,The Mountain Goats,This Year,"Indie Folk, Singer/Songwriter",2005
9275,Robin Luke,Susie Darlin',Rockabilly,1958
9276,Joan Manuel Serrat,Mediterrï¿½neo,Nueva canciï¿½n espaï¿½ola,1971
9277,Wham!,Last Christmas,"Christmas Music, Synthpop",1984
9278,Sunnyboys,Alone With You,"Jangle Pop, Power Pop",1981
9279,Boogie,Oh My,West Coast Hip Hop,2015
9280,Ma Rainey & Her Tub Jug Washboard Band,Prove It on Me Blues,"Jug Band, Vaudeville Blues",1928
9281,Lloyd Cole and The Commotions,My Bag,"Indie Pop, Jangle Pop",1987
9282,Gladys Knight and The Pips,Friendship Train,Pop Soul,1969
9283,The Animals,Inside - Looking Out,British Rhythm & Blues,1966
9284,Pink Floyd,Lucifer Sam,Psychedelic Rock,1967
9285,Ramones,I Wanna Be Your Boyfriend,Pop Punk,1976
9286,Sting,If I Ever Lose My Faith in You,"Pop Rock, Sophisti-Pop",1993
9287,Czerkinsky,Natacha,"French Pop, Synthpop",1998
9288,Roberto Vecchioni,Luci a San Siro,Canzone d'autore,1971
9289,Barbara,Le Mal de vivre,Chanson,1965
9290,Bing Crosby,Dancing in the Dark,Standards,1931
9291,Queen,Love of My Life,"Art Pop, Piano Rock",1975
9292,Violent Femmes,Add It Up,"Alternative Rock, Post-Punk",1983
9293,Superpunk,Neue Zähne für meinen Bruder und mich,"Hamburger Schule, Indie Pop",2001
9294,Lush,Ladykillers,"Britpop, Indie Pop, Indie Rock",1996
9295,Ricky Nelson,Stood Up,Rock & Roll,1957
9296,Nina Simone,I Wish I Knew How It Would Feel to Be Free,Vocal Jazz,1967
9297,Scott Walker,Big Louise,Baroque Pop,1969
9298,Jamie Woon,Night Air,"Alternative R&B, Future Garage",2010
9299,Karyn White,Superwoman,"Contemporary R&B, Pop Soul",1988
9300,The Reflections,(Just Like) Romeo and Juliet,Blue Eyed Soul,1964
9301,Neil Sedaka,Calendar Girl,"Brill Building, Teen Pop",1960
9302,Antony and The Johnsons,Bird Gerhl,"Chamber Pop, Singer/Songwriter",2005
9303,Simply Red,Fairground,"Dance-Pop, Pop Soul",1995
9304,Cat Stevens,The Wind,"Contemporary Folk, Singer/Songwriter",1971
9305,Bon Jovi,Bed of Roses,"Hard Rock, Pop Rock",1992
9306,UFO,Lights Out,Hard Rock,1977
9307,Otis Redding,I've Got Dreams to Remember,Deep Soul,1968
9308,Fela,Original Sufferhead,Afrobeat,1981
9309,Bruce Springsteen,I'm Goin' Down,Heartland Rock,1984
9310,Dan Fogelberg,Part of the Plan,Yacht Rock,1974
9311,Queensrÿche,Silent Lucidity,Progressive Rock,1990
9312,Jeanette,Porque te vas,"Canciï¿½n melï¿½dica, Pop",1974
9313,Mount Kimbie feat. King Krule,Blue Train Lines,"Indietronica, Post-Punk, Synth Punk",2017
9314,Silver Convention,Get Up and Boogie,Euro-Disco,1976
9315,Grandaddy,Hewlett's Daughter,"Indie Pop, Indie Rock, Space Rock",2000
9316,Teenage Head,Picture My Face,Punk Rock,1978
9317,Joy Orbison,Ellipsis,"House, UK Funky",2012
9318,Odyssey,Inside Out,Boogie,1982
9319,Grace Jones,La Vie en rose,"Disco, Pop Soul",1977
9320,Public Image Ltd.,Memories,Post-Punk,1979
9321,Sheila E.,A Love Bizarre,"Contemporary R&B, Synth Funk",1985
9322,Patrick Wolf,The Libertine,"Chamber Pop, Folktronica, Singer/Songwriter",2005
9323,Beirut,Nantes,Chamber Pop,2007
9324,Sonic Youth,Tunic (Song for Karen),"Alternative Rock, Noise Rock",1990
9325,Jay-Jay Johanson,So Tell the Girls That I Am Back in Town,Trip Hop,1996
9326,Stina Nordenstam,Little Star,"Dream Pop, Indie Pop, Singer/Songwriter",1994
9327,Orleans,Still the One,"Soft Rock, Yacht Rock",1976
9328,Jackie Wilson,That's Why (I Love You So),"Rhythm & Blues, Soul",1959
9329,Mose Allison,Parchman Farm,"Piano Blues, Rhythm & Blues, Vocal Jazz",1957
9330,Unknown Mortal Orchestra,Hunnybee,"Neo-Psychedelia, Psychedelic Pop",2018
9331,3rd Bass,Pop Goes the Weasel,East Coast Hip Hop,1991
9332,Pylon,Cool,Post-Punk,1979
9333,The Felice Brothers,Frankie's Gun!,"Americana, Folk Rock",2008
9334,Michel Jonasz,Les vacances au bord de la mer,Chanson,1975
9335,John Mayall,Ramblin' on My Mind,"Blues Rock, British Blues",1966
9336,Lana Del Rey,National Anthem,"Art Pop, Pop Rap",2012
9337,Sigur Rï¿½s,Viï¿½rar vel til loftï¿½rï¿½sa,Post-Rock,1999
9338,Aerosmith,Jaded,Pop Rock,2001
9339,Erasure,Sometimes,Synthpop,1986
9340,Eric Clapton,Lay Down Sally,"Blues Rock, Country Rock",1977
9341,Genesis,Invisible Touch,Pop Rock,1986
9342,Nitty Gritty Dirt Band,Mr. Bojangles,Country Rock,1970
9343,Animal Collective,Who Could Win a Rabbit?,Freak Folk,2004
9344,The Platters,Twilight Time,Doo-Wop,1958
9345,Hand Habits,placeholder,"Indie Folk, Singer/Songwriter",2019
9346,Bruce Cockburn,Wondering Where the Lions Are,"Folk Pop, Singer/Songwriter",1979
9347,Pata Negra,Camarón,Flamenco Nuevo,1987
9348,Woody Guthrie,Pastures of Plenty,Contemporary Folk,1946
9349,The Orlons,Don't Hang Up,"Girl Group, Rhythm & Blues",1962
9350,Bryan Ferry,A Hard Rain's A-Gonna Fall,Glam Rock,1973
9351,George Jones,The Window Up Above,Nashville Sound,1960
9352,Marie & Les Garcons,Re-Bop,"New Wave, Pop Rock",1979
9353,The Beat,Stand Down Margaret,"2 Tone, Pop Reggae",1980
9354,Three Dog Night,Mama Told Me (Not to Come),Pop Rock,1970
9355,The Crystals,He Hit Me (And It Felt Like a Kiss),"Brill Building, Girl Group",1962
9356,Sublime,Santeria,"Alternative Rock, Pop Reggae, Third Wave Ska",1996
9357,Alphaville,Forever Young,Synthpop,1984
9358,2Pac,Brenda's Got a Baby,"Conscious Hip Hop, West Coast Hip Hop",1991
9359,Shaggy feat. Rik Rok,It Wasn't Me,"Contemporary R&B, Pop Reggae",2000
9360,The Rolling Stones,Ventilator Blues,Blues Rock,1972
9361,"Blood, Sweat & Tears",You've Made Me So Very Happy,"Blue Eyed Soul, Jazz-Rock",1969
9362,System of a Down,Aerials,Alternative Metal,2001
9363,David Byrne & St. Vincent,Who,Art Pop,2012
9364,Journey,Faithfully,"AOR, Piano Rock",1983
9365,Azealia Banks,Anna Wintour,"Garage House, Hip House",2018
9366,Eddie Cantor,Yes! We Have No Bananas,Vaudeville,1922
9367,Billie Holiday,Summertime,"Standards, Vocal Jazz",1936
9368,The Mojos,Everything's Al'right,Merseybeat,1964
9369,The Mission,Tower of Strength,Gothic Rock,1987
9370,Tom Waits,Frank's Wild Years,Jazz Poetry,1983
9371,The Radio Dept.,Where Damage Isn't Already Done,"Dream Pop, Shoegaze",2004
9372,The Internet,Roll (Burbank Funk),"Funk, Neo-Soul, Psychedelic Soul",2018
9373,Bonnie Tyler,It's a Heartache,"Country Pop, Soft Rock",1977
9374,Dusty Springfield,Just a Little Lovin',Baroque Pop,1968
9375,Minor Threat,Minor Threat,Hardcore Punk,1981
9376,Neko Case,Night Still Comes,Singer/Songwriter,2013
9377,Emily Loizeau,L'autre bout du monde,Nouvelle chanson franï¿½aise,2006
9378,Todd Terje,Ragysh,"Nu-Disco, Space Disco",2011
9379,Charli XCX & Troye Sivan,1999,"Dance-Pop, Electropop",2018
9380,Tito Puente,Oye Como Va,Salsa,1962
9381,William Sheller,Rock' N' Dollars,French Pop,1975
9382,The Charlatans,North Country Boy,Britpop,1997
9383,The Mole,Lockdown Party,Deep House,2013
9384,James Taylor,Mexicoï¿½,Singer/Songwriter,1975
9385,The Thermals,A Pillar of Salt,"Indie Rock, Pop Punk",2006
9386,Bob Dylan & The Band,Million Dollar Bash,"Folk Rock, Roots Rock",1975
9387,The Fall,Rowche Rumble,Post-Punk,1979
9388,Kiesza,Hideaway,"Dance-Pop, Deep House",2014
9389,Shout Out Louds,Impossible,Indie Pop,2007
9390,Boston,Amanda,AOR,1986
9391,AC/DC,Problem Child,Hard Rock,1976
9392,Neil Diamond,America,"Film Soundtrack, Pop Rock",1980
9393,Blur,No Distance Left to Run,"Alternative Rock, Art Rock",1999
9394,Junip,Line of Fire,Indie Folk,2013
9395,Prefab Sprout,The Best Jewel Thief in the World,"Jangle Pop, Sophisti-Pop",2013
9396,Gaï¿½tan Roussel,Help Myself (Nous ne faisons que passer),Alternative Dance,2009
9397,Andy Williams,Can't Get Used to Losing You,Traditional Pop,1963
9398,Hot Chip,Hungry Child,"Deep House, Garage House",2019
9399,Squeeze,Pulling Mussels (From the Shell),"New Wave, Power Pop",1980
9400,Public Enemy,Sophisticated Bitch,"East Coast Hip Hop, Hardcore Hip Hop",1987
9401,Marvin Gaye,Trouble Man,"Film Soundtrack, Smooth Soul",1972
9402,The Flying Burrito Bros,Dark End of the Street,"Country Rock, Country Soul",1969
9403,Daniel Darc,"Je me souviens, je me rappelle",Nouvelle chanson franï¿½aise,2004
9404,Yardbirds,Still I'm Sad,"Blues Rock, British Rhythm & Blues, Garage Rock",1965
9405,Carl Perkins,Dixie Fried,Rockabilly,1956
9406,Twin Shadow,Slow,"New Wave, Synthpop",2010
9407,The Specials,Stereotype,2 Tone,1980
9408,Feeder,Buck Rogers,"Alternative Rock, Power Pop",2001
9409,Lucio Dalla,Caruso,Canzone d'autore,1986
9410,"DJ Khaled feat. Akon, T.I., Rick Ross, Fat Joe, Baby, Lil Wayne",We Takin' Over,Pop Rap,2007
9411,Nasty Habits,Shadow Boxing,Techstep,1996
9412,Paula Cole,I Don't Want to Wait,"Pop, Singer/Songwriter",1996
9413,Tocotronic,Drï¿½ben Auf Dem Hï¿½gel,"Hamburger Schule, Noise Pop",1995
9414,B.B. King,Please Love Me,"Electric Blues, Jump-Blues",1953
9415,The Rolling Stones,Far Away Eyes,Pop Rock,1978
9416,Weeping Willows,True to You,Pop Rock,1999
9417,Love Unlimited Orchestra,Walkin' in the Rain With the One I Love,Smooth Soul,1972
9418,Stompin' Tom Connors,The Hockey Song,Country,1973
9419,John McCormack,The Star Spangled Banner,Standards,1917
9420,John Lennon,Woman,"Pop Rock, Singer/Songwriter",1980
9421,Out Hud,"Hair Dude, You're Stepping on My Mystique","Dance-Punk, Indietronica",2002
9422,Placebo,Teenage Angst,Alternative Rock,1996
9423,Tirzah,Holding On,"Alternative R&B, Art Pop",2018
9424,Sam & Dave,You Don't Know Like I Know,Southern Soul,1965
9425,Pavement,Trigger Cut,Indie Rock,1992
9426,Depeche Mode,Freelove,Synthpop,2001
9427,Caesars Palace,Jerk It Out,Indie Pop,2002
9428,MC Solaar,Bouge de lï¿½,French Hip Hop,1990
9429,Sturgill Simpson,Turtles All the Way Down,Outlaw Country,2014
9430,Pet Shop Boys,Heart,Synthpop,1987
9431,Lee Dorsey,Holy Cow,"New Orleans R&B, Southern Soul",1966
9432,Ray Charles,Crying Time,"Pop Soul, Soul Jazz",1965
9433,Daniel Caesar feat. Kali Uchis,Get You,"Contemporary R&B, Neo-Soul",2016
9434,50 Cent,How to Rob,"East Coast Hip Hop, Hardcore Hip Hop",1999
9435,Bobby Freeman,C'mon and Swim,Rhythm & Blues,1964
9436,Cheap Trick,The Flame,"AOR, Soft Rock",1988
9437,Dee Clark,Raindrops,"Rhythm & Blues, Soul",1961
9438,Blondie,Picture This,New Wave,1978
9439,Asian Dub Foundation,Free Satpal Ram (Primal Scream and Brendan Lynch Mix),"Breakbeat, UK Hip Hop",1998
9440,Nas,Life's a Bitch,"Conscious Hip Hop, East Coast Hip Hop, Hardcore Hip Hop, Jazz Rap",1994
9441,Tom Waits,The Piano Has Been Drinking (Not Me) (An Evening With Pete King),"Piano Blues, Singer/Songwriter",1976
9442,Johnny Kemp,Just Got Paid,"Dance-Pop, New Jack Swing",1987
9443,Antony and The Johnsons,You Are My Sister,"Chamber Pop, Singer/Songwriter",2005
9444,The Springfields,Island of Dreams,Folk Pop,1962
9445,The Handsome Family,Weightless Again,Alt-Country,1998
9446,Majical Cloudz,Downtownï¿½,"Ambient Pop, Art Pop",2015
9447,Harry MacDonough & Alice Green,They Didn't Believe Me,Vaudeville,1915
9448,Steffi feat. Virginia,Yours,Deep House,2010
9449,Spoon,Written in Reverse,Indie Rock,2009
9450,Luis Alberto Spinetta,Seguir viviendo sin tu amor,"New Wave, Pop Rock",1991
9451,Cliff Richard & The Shadows,The Young Ones,"Film Soundtrack, Pop, Rock & Roll",1961
9452,Jean Sablon,Vous qui passez sans me voir,Chanson,1936
9453,D4L,Laffy Taffy,"Pop Rap, Snap, Southern Hip Hop",2005
9454,Sarah McLachlan,Sweet Surrender,"Pop Rock, Singer/Songwriter",1997
9455,Ariana Grande,God is a woman,"Contemporary R&B, Electropop",2018
9456,Bob Dylan,One Too Many Mornings,"Contemporary Folk, Singer/Songwriter",1964
9457,Steve Lacy,Playground,"Funk Rock, Neo-Soul, Psychedelic Soul",2019
9458,Frankie Avalon,Venus,Teen Pop,1959
9459,Frankie Avalon,Why,Teen Pop,1959
9460,Lou Reed,Street Hassle,Art Rock,1978
9461,Chairlift,Ch-Ching,Alternative R&B,2015
9462,Lil Baby x Gunna,Drip Too Hard,"Southern Hip Hop, Trap",2018
9463,Martin Circus,Disco Circus,Disco,1979
9464,Stompin' Tom Connors,Sudbury Saturday Night,"Contemporary Folk, Country",1967
9465,Paul Simon,Slip Slidin' Away,"Pop Rock, Singer/Songwriter",1977
9466,Riccardo Cocciante/Richard Cocciante,Margherita/Marguerite,"Progressive Pop, Singer/Songwriter",1976
9467,Lakeside,Fantastic Voyage,"Boogie, Synth Funk",1980
9468,The Staple Singers,Slippery People,Disco,1984
9469,Radiohead,Knives Out,"Alternative Rock, Art Rock",2001
9470,Nightcrawlers,Push the Feeling On (MK Dub Revisited Edit),Garage House,1995
9471,Simian Mobile Disco,I Believe,"Electropop, Indietronica",2007
9472,Junior Boys,Banana Ripple,"Electro-Disco, Electropop, Indietronica",2011
9473,Nick Cave & The Bad Seeds,Deanna,"Garage Rock, Post-Punk",1988
9474,Trouble Funk,Still Smokin',Go-Go,1985
9475,Young Jeezy feat. Jay-Z,Go Crazy,Southern Hip Hop,2005
9476,Warumpi Band,Blackfella Whitefella,"Country Rock, New Wave, Post-Punk",1985
9477,Icehouse,Hey Little Girl,"New Wave, Synthpop",1982
9478,DJ Snake feat. Lil Jon,Turn Down for What,Trap [EDM],2013
9479,Nina Simone,Mr. Bojangles,Vocal Jazz,1971
9480,Eddie Cochran,Twenty Flight Rock,Rockabilly,1957
9481,Interpol,Rest My Chemistry,Post-Punk Revival,2007
9482,PJ Harvey,Big Exit,"Alternative Rock, Singer/Songwriter",2000
9483,Friendly Fires,Skeleton Boy,"Alternative Dance, Indietronica",2008
9484,Dyke and The Blazers,Funky Broadway,Funk,1967
9485,Darwin Deez,Radar Detector,Indie Pop,2010
9486,James Ingram,Yah Mo B There,"Contemporary R&B, Pop Soul",1983
9487,Mötley Crüe,Home Sweet Home,Glam Metal,1985
9488,Guy Clark,L.A. Freeway,"Outlaw Country, Singer/Songwriter",1975
9489,"LL Cool J feat. Method Man, Redman, Canibus and DMX","4,3,2,1","East Coast Hip Hop, Hardcore Hip Hop",1997
9490,The Bodines,Therese,"C86, Jangle Pop",1986
9491,The Murmaids,Popsicles and Icicles,Girl Group,1963
9492,LL Cool J,Around the Way Girl,East Coast Hip Hop,1990
9493,Junior M.A.F.I.A.,Get Money,"East Coast Hip Hop, Hardcore Hip Hop",1995
9494,Duke Ellington,Never No Lament (Don't Get Around Much Anymore),Big Band,1940
9495,Billy Joel,The River of Dreams,Pop,1993
9496,Stevie Wonder,Part-Time Lover,"Contemporary R&B, Pop Soul",1985
9497,Barnt,Geffen,Tech House,2012
9498,John Legend,Ordinary People,"Neo-Soul, Singer/Songwriter",2004
9499,Gentleman,Dem Gone,Reggae,2002
9500,My Morning Jacket,Off the Record,Indie Rock,2005
9501,Tame Impala,Patience,"Neo-Psychedelia, Nu-Disco, Synthpop",2019
9502,Roger Miller,Chug-a-Lug,Country,1964
9503,Elbow,Forget Myself,"Alternative Rock, Indie Pop",2005
9504,M.I.A.,Borders,"Political Hip Hop, Trap, UK Hip Hop",2015
9505,Jay-Z feat. Rihanna & Kanye West,Run This Town,"East Coast Hip Hop, Pop Rap",2009
9506,Mitski,Happy,"Art Pop, Art Rock, Noise Pop",2016
9507,Barï¿½n Rojo,Los rockeros van al infierno,"Hard Rock, Heavy Metal",1982
9508,Jungle Brothers,Because I Got It Like That,"Boom Bap, East Coast Hip Hop",1987
9509,King Crimson,Cat Food,"Art Rock, Progressive Rock",1970
9510,Rod Stewart,Handbags and Gladrags,"Folk Rock, Pop Rock",1969
9511,Oliver,Jean,Pop,1969
9512,Tommy Roe,Dizzy,"Bubblegum, Sunshine Pop",1969
9513,Lou Christie,Two Faces Have I,Pop,1963
9514,Floyd Cramer,Last Date,Nashville Sound,1960
9515,Janet Jackson,Let's Wait Awhile,"Contemporary R&B, Pop",1986
9516,The Clash,Remote Control,Punk Rock,1977
9517,Pink Floyd,The Gunner's Dream,"Art Rock, Piano Rock",1983
9518,David Bowie,Cygnet Committee,"Art Rock, Psychedelic Folk",1969
9519,Bob Marley and The Wailers,Soul Rebel,Reggae,1970
9520,Latimore,Let's Straighten It Out,Smooth Soul,1974
9521,Bobby Moore & The Rhythm Aces,Searching for My Love,"Rhythm & Blues, Soul",1965
9522,Fettes Brot,Schwule Mädchen,Pop Rap,2001
9523,Haerts,Wings,"Dream Pop, Indie Pop",2013
9524,Marilyn Monroe,Diamonds Are a Girl's Best Friend,"Film Soundtrack, Traditional Pop",1953
9525,Eminem,Just the Two of Us/'97 Bonnie & Clyde,Boom Bap,1997
9526,Aretha Franklin,A Change Is Gonna Come,Deep Soul,1967
9527,The 101ers,Keys to Your Heart,"Proto-Punk, Pub Rock",1976
9528,Gil Scott-Heron & Brian Jackson,Winter in America,"Jazz-Funk, Soul, Soul Jazz",1975
9529,Golden Gate Orchestra,Charleston,Big Band,1925
9530,Pet Shop Boys,So Hard,"Dance-Pop, Synthpop",1990
9531,Yeah Yeah Noh,Another Side to Mrs. Quill,Indie Pop,1985
9532,Junior Giscombe,Mama Used to Say,"Boogie, Contemporary R&B",1981
9533,Paul Robeson,Ballad for Americans,Traditional Pop,1940
9534,Madonna,This Used to Be My Playground,Adult Contemporary,1992
9535,The Fiery Furnaces,Here Comes the Summer,"Art Pop, Indietronica, Progressive Pop",2005
9536,"Blood, Sweat & Tears",God Bless the Child,"Blue Eyed Soul, Jazz-Rock",1969
9537,Jim Ed Brown,Pop a Top,Honky Tonk,1967
9538,Laura Nyro & Labelle,The Bells,"Pop Soul, Rhythm & Blues",1971
9539,Phil Collins,You Can't Hurry Love,"Blue Eyed Soul, Pop Soul",1982
9540,Trio Matamoros,Son de la Loma,"Bolero son, Trova",1928
9541,Claude Nougaro,Le Cinï¿½ma,Chanson,1962
9542,Man Parrish,"Hip Hop, Be Bop (Don't Stop)",Electro,1982
9543,The Style Council,Shout to the Top!,"Blue Eyed Soul, Pop Soul, Sophisti-Pop",1984
9544,black midi,bmbmbm,"No Wave, Noise Rock",2018
9545,Wang Chung,Everybody Have Fun Tonight,"Dance-Pop, New Wave",1986
9546,Fiona Apple,Hot Knife,"Art Pop, Cabaret, Singer/Songwriter",2012
9547,Phoenix,J-Boy,"New Wave, Synthpop",2017
9548,Arno,Les yeux de ma mï¿½re,"Chanson, Experimental Rock",1995
9549,Benny Goodman,After You've Gone,"Standards, Swing",1935
9550,Stevie Wonder,Joy Inside My Tearsï¿½,Smooth Soul,1976
9551,The Blow Monkeys,Diggin' Your Scene,"Blue Eyed Soul, Sophisti-Pop",1986
9552,Bobby Womack,Woman's Gotta Have It,Southern Soul,1972
9553,Michael Jackson,You Rock My World,"Contemporary R&B, Dance-Pop",2001
9554,Charles Aznavour,Emmenez-moi,Chanson,1968
9555,Bascom Lamar Lunsford,I Wish I Was a Mole in the Ground,"Appalachian Folk Music, Old-Time",1928
9556,Deana Carter,Strawberry Wine,Contemporary Country,1996
9557,Otis Redding,Change Gonna Come,Deep Soul,1965
9558,Nick Cave & The Bad Seeds,The Carny,"Dark Cabaret, Gothic Rock, Post-Punk",1986
9559,Vess L. Ossman,A Bunch of Rags,Ragtime,1898
9560,Sun Ra Arkestra,Nuclear War,Avant-Garde Jazz,1982
9561,Tom Waits,I Don't Wanna Grow Up,"Folk Rock, Singer/Songwriter",1992
9562,Third World,96 Degrees in the Shade,Roots Reggae,1977
9563,Blues Image,Ride Captain Ride,Pop Rock,1970
9564,Future Islands,Ran,Synthpop,2017
9565,Todd Rundgren,International Feel,"Art Pop, Progressive Pop",1973
9566,Pablo Milanï¿½s,Para Vivir,"Nueva trova, Singer/Songwriter",1976
9567,Eddy Mitchell,Couleur menthe ï¿½ l'eau,Chanson,1980
9568,Mad Season,River of Deceit,Alternative Rock,1995
9569,The Moldy Peaches,Anyone Else But You,"Anti-Folk, Indie Folk, Indie Pop",2001
9570,Jean Ferrat,Aimer ï¿½ perdre la raison,Chanson ï¿½ texte,1971
9571,Bauhaus,Kick in the Eye,"Gothic Rock, Post-Punk",1981
9572,Dimples D.,Sucker D.J.'s,East Coast Hip Hop,1983
9573,Björk,Hunter,"Art Pop, Electronic",1997
9574,Billy J. Kramer with The Dakotas,Bad to Me,Merseybeat,1963
9575,Guy Clark,Desperados Waiting for a Train,"Outlaw Country, Singer/Songwriter",1975
9576,Debbie Gibson,Only in My Dreams,"Dance-Pop, Teen Pop",1987
9577,Jason Isbell and The 400 Unit,If We Were Vampires,"Alt-Country, Americana, Contemporary Folk, Singer/Songwriter",2017
9578,The Beatles,Martha My Dear,"Baroque Pop, Pop Rock",1968
9579,Roxy Music,Beauty Queen,"Art Rock, Glam Rock",1973
9580,The Dixie Hummingbirds,I'll Live Again,Traditional Black Gospel,1952
9581,Bruce Springsteen,Devils and Dust,"Contemporary Folk, Singer/Songwriter",2005
9582,Massive Attack feat. Hope Sandoval,Paradise Circus,"Art Pop, Trip Hop",2010
9583,The Chordettes,Lollipop,"Doo-Wop, Girl Group",1958
9584,The Wallflowers,6th Avenue Heartache,"Alternative Rock, Pop Rock",1996
9585,The Rolling Stones,Jigsaw Puzzle,Roots Rock,1968
9586,Neil Young and Crazy Horse,Change Your Mind,Country Rock,1994
9587,Suprême NTM,Qu'est-ce qu'on attend,"Boom Bap, Conscious Hip Hop, French Hip Hop",1995
9588,J-Kwon,Tipsy,"Pop Rap, Southern Hip Hop",2004
9589,Lindisfarne,Lady Eleanor,British Folk Rock,1970
9590,R.E.M.,Driver 8,Jangle Pop,1985
9591,New Order,Krafty,"Alternative Dance, Synthpop",2005
9592,Frank Sinatra,Blues in the Night,Vocal Jazz,1958
9593,Freddy Cannon,Palisades Park,"Pop, Rock & Roll",1962
9594,Mercury Rev,The Dark Is Rising,Dream Pop,2001
9595,Sandie Shaw,Girl Don't Come,Pop,1964
9596,Eric B. & Rakim,Juice (Know the Ledge),"Boom Bap, East Coast Hip Hop, Jazz Rap",1992
9597,Bob Dylan,When I Paint My Masterpiece,"Folk Rock, Singer/Songwriter",1971
9598,The Turtles,It Ain't Me Babe,"Folk Rock, Pop Rock",1965
9599,"P. Diddy, Black Rob & Mark Curry",Bad Boy for Life,"East Coast Hip Hop, Pop Rap",2001
9600,Bobby Marchan,There's Something On Your Mind,"New Orleans R&B, Soul",1960
9601,Blue Swede,Hooked on a Feeling,"Europop, Pop Rock",1973
9602,Wynton Marsalis,Knozz-Moe-King,Jazz,1983
9603,O.C. Smith,Little Green Apples,Country Soul,1968
9604,Shakira,"Whenever, Wherever",Latin Pop,2001
9605,Rick James,Mary Jane,"Funk, Smooth Soul",1978
9606,Sam Mayo,Things Are Worse in Russia,Music Hall,1922
9607,Iceage,Pain Killer,"Art Punk, Post-Punk",2018
9608,Louis Armstrong,Hotter Than That,Dixieland,1928
9609,Scritti Politti,Absolute,"Sophisti-Pop, Synthpop",1984
9610,Percy Faith & His Orchestra,Delicado,Easy Listening,1952
9611,Murray Head,Superstar,"Pop Rock, Rock Opera",1969
9612,David Bowie,No Plan,Art Rock,2016
9613,Lio,Les Brunes comptent pas pour des prunes,French Pop,1986
9614,Clipse feat. Pharrell,Mr. Me Too,Southern Hip Hop,2006
9615,Fela Kuti,Roforofo Fight,Afrobeat,1972
9616,Def Leppard,Rock of Ages,Hard Rock,1983
9617,CupcakKe,Duck Duck Goose,"Hip House, Trap",2018
9618,Genesis,Abacab,"Pop Rock, Progressive Pop",1981
9619,Renato Zero,Il cielo,Pop Rock,1977
9620,Crystal Castles,Alice Practice,"Bitpop, Electroclash, Indietronica",2006
9621,Ezio Pinza,Some Enchanted Evening,"Show Tunes, Traditional Pop",1949
9622,Grace Jones,Williams' Blood,"Funk, Pop Soul, Trip Hop",2008
9623,Phantom Planet,California,"Alternative Rock, Power Pop",2002
9624,Bob Dylan,4th Time Around,"Contemporary Folk, Folk Rock, Singer/Songwriter",1966
9625,The Thrills,Santa Cruz,"Folk Rock, Indie Pop, Soft Rock",2002
9626,Michel Polnareff,Lettre ï¿½ France,"French Pop, Piano Rock",1977
9627,FKA twigs,In Time,"Alternative R&B, Art Pop, UK Bass",2015
9628,Oasis,I'm Outta Time,"Britpop, Psychedelic Pop",2008
9629,Cigarettes After Sex,Apocalypse,"Dream Pop, Slowcore",2017
9630,The Lovin' Spoonful,You Didn't Have to Be So Nice,"Pop Rock, Sunshine Pop",1965
9631,U2,A Sort of Homecoming,Alternative Rock,1984
9632,Paul Simon,American Tune,"Folk Pop, Singer/Songwriter",1973
9633,The Smithereens,Blood and Roses,"Alternative Rock, Power Pop",1986
9634,Lili Drop,Sur ma mob,New Wave,1979
9635,Frank Ocean,Solo,"Ambient Pop, Art Pop",2016
9636,The Communards,Don't Leave Me This Way,"Dance-Pop, Hi-NRG",1986
9637,Lynyrd Skynyrd,Simple Man,"Hard Rock, Southern Rock",1973
9638,Dido,Thank You,"Downtempo, Pop",1999
9639,Jon Hopkins,Light Through the Veins,"Ambient, Electronic",2009
9640,Iron Maiden,2 Minutes to Midnight,NWOBHM,1984
9641,Public Enemy,Give It Up,"East Coast Hip Hop, Hardcore Hip Hop, Political Hip Hop",1994
9642,Cat Power,I Believe in You,Country Rock,2008
9643,Gorillaz,Tomorrow Comes Today,Trip Hop,2000
9644,Tirzah,Gladly,"Alternative R&B, Hypnagogic Pop",2018
9645,Antony and The Johnsons,Another World,Chamber Pop,2009
9646,Cameo,Single Life,"Contemporary R&B, Synth Funk",1985
9647,Jai Paul,He,"Alternative R&B, Synth Funk",2019
9648,Chromatics,Back from the Grave,"Dream Pop, Synthpop",2012
9649,Amanda Lear,Follow Me,"Electro-Disco, Euro-Disco",1978
9650,Paul Weller,Uh Huh Oh Yeh,"Mod Revival, Pop Rock",1992
9651,The Hombres,Let It Out (Let It All Hang Out),"Garage Rock, Psychedelic Rock",1967
9652,Rufus Wainwright,The One You Love,"Indie Pop, Pop Rock, Singer/Songwriter",2004
9653,Alaska y Los Pegamoides,Bailando,"Dance-Pop, New Wave",1982
9654,Tegan and Sara,Boyfriend,"Electropop, Synthpop",2016
9655,Daniel Guichard,Mon vieux,Chanson,1974
9656,Aerosmith,Crazy,"Hard Rock, Pop Rock",1993
9657,Bob B. Soxx and The Blue Jeans,Zip-a-Dee-Doo-Dah,"Brill Building, Girl Group",1962
9658,Shelley Fabares,Johnny Angel,Teen Pop,1962
9659,The Who,So Sad About Us,"Freakbeat, Mod",1966
9660,Killer Mike,That's Life,"Dirty South, Gangsta Rap, Southern Hip Hop",2006
9661,U2 & B.B. King,When Love Comes to Town,Blues Rock,1988
9662,Dragon,April Sun in Cuba,Pop Rock,1977
9663,Bobby Vee,Run to Him,Pop,1961
9664,The Blue Nile,From a Late Night Train,"Ambient Pop, Sophisti-Pop",1989
9665,Chuck Brown & The Soul Searchers,We Need Some Money,Go-Go,1984
9666,Jimmy Cliff,"Wonderful World, Beautiful People","Pop Reggae, Pop Soul",1969
9667,Brian Hyland,Itsy Bitsy Teenie Weenie Yellow Polkadot Bikini,"Bubblegum, Novelty, Teen Pop",1960
9668,The Brothers Four,Greenfields,Folk Pop,1960
9669,Zoot Woman,Living in a Magazine,"Electropop, Synthpop",2001
9670,Roxanne Shanté,Have a Nice Day,East Coast Hip Hop,1987
9671,Florence + The Machine,What Kind of Man,Indie Rock,2015
9672,Nine Inch Nails,Only,"Alternative Dance, Industrial Rock",2005
9673,Leonard Cohen,Happens to the Heart,"Contemporary Folk, Singer/Songwriter",2019
9674,Daft Punk feat. Pharrell Williams,Lose Yourself to Dance,Boogie,2013
9675,The Beatles,I'll Follow the Sun,Folk Pop,1964
9676,Smokey Robinson,Baby That's Backatcha,Smooth Soul,1975
9677,Scorpions,No One Like You,Hard Rock,1982
9678,The Jacksons,Can You Feel It,Disco,1980
9679,Badly Drawn Boy,You Were Right,"Indie Pop, Indie Rock, Singer/Songwriter",2002
9680,Freedy Johnston,Bad Reputation,"Alt-Country, Power Pop, Singer/Songwriter",1994
9681,Tommy Roe,Sweet Pea,Bubblegum,1966
9682,Ralph Stanley,O Death,"A cappella, American Folk Music, Film Soundtrack",2000
9683,Mercury Rev,Opus 40,"Chamber Pop, Dream Pop, Neo-Psychedelia",1998
9684,The Shins,Caring Is Creepy,Indie Pop,2001
9685,Ray Price,Night Life,Nashville Sound,1963
9686,Rose Royce,I'm Going Down,Pop Soul,1976
9687,Oumou Sangare,Moussolou,Wassoulou,1991
9688,Jefferson Airplane,Today,"Folk Rock, Psychedelic Folk",1967
9689,Cerrone,Give Me Love,Euro-Disco,1977
9690,Ed Sheeran,Shape of You,Dance-Pop,2017
9691,Otis Clay,Trying to Live My Life Without You,Southern Soul,1972
9692,ScHoolboy Q feat. Kendrick Lamar,Collard Greens,West Coast Hip Hop,2013
9693,Blur,Go Out,Alternative Rock,2015
9694,Manuel Göttsching,E2-E4,Progressive Electronic,1984
9695,Wavves,King of the Beach,"Indie Rock, Surf Punk",2010
9696,DJ Koze aka Adolf Noise,Zuviel Zeit?,House,2005
9697,Jimmy Soul,If You Wanna Be Happy,Pop Soul,1963
9698,The Slits,Instant Hit,"Art Punk, Post-Punk",1979
9699,Def Leppard,Love Bites,"AOR, Glam Metal, Pop Rock",1987
9700,Eamon,Fuck It (I Don't Want You Back),Contemporary R&B,2003
9701,Fred Astaire,Nice Work If You Can Get It,"Traditional Pop, Vocal Jazz",1937
9702,Molotov,Voto Latino,"Latin Alternative, Rap Rock",1997
9703,Shirley Ellis,The Name Game,"Novelty, Pop Soul",1964
9704,Aimee Mann,Wise Up,"Film Soundtrack, Singer/Songwriter",1999
9705,Public Enemy,Public Enemy No. 1,"East Coast Hip Hop, Hardcore Hip Hop",1987
9706,The Righteous Brothers,Just Once in My Life,"Blue Eyed Soul, Brill Building",1965
9707,Ossman-Dudley Trio,St. Louis Tickle,Ragtime,1906
9708,Bo Donaldson and The Heywoods,Billy Don't Be a Hero,Pop,1974
9709,Neil Sedaka,Laughter in the Rain,Adult Contemporary,1974
9710,John Coltrane,India,Avant-Garde Jazz,1963
9711,Mantronix,Who Is It?,"East Coast Hip Hop, Electro",1986
9712,Ariel Pink feat. Jorge Elbrecht,Hang On to Life,"Psychedelic Pop, Soft Rock, Sophisti-Pop",2013
9713,Twisted Sister,I Wanna Rock,Glam Metal,1984
9714,Neil Young,Out on the Weekend,"Country Rock, Folk Rock, Singer/Songwriter",1972
9715,The Cranberries,Ode to My Family,"Dream Pop, Pop Rock",1994
9716,Burial,Street Halo,"Ambient House, Future Garage",2011
9717,The Specials,Do Nothing,2 Tone,1980
9718,The Distillers,Drain the Blood,Punk Rock,2003
9719,Alan Vega,Jukebox Babe,Rockabilly,1980
9720,Rupert Holmes,Escape (The Piï¿½a Colada Song),Yacht Rock,1979
9721,Bread,The Guitar Man,Soft Rock,1972
9722,Jackson Browne,Before the Deluge,Singer/Songwriter,1974
9723,Benny Goodman,Goody-Goody,Big Band,1936
9724,Benny Goodman (with Ella Fitzgerald),"Goodnight, My Love",Big Band,1936
9725,Fats Waller,It's a Sin to Tell a Lie,Swing,1936
9726,Georges Brassens,Il n'y a pas d'amour heureux,Chanson ï¿½ texte,1953
9727,Handy's Memphis Blues Band,St. Louis Blues,Blues,1922
9728,King Sunny Adé,Sunny ti de,Jï¿½jï¿½,1972
9729,Glenn Miller,(I've Got a Gal in) Kalamazoo,"Big Band, Vocal Jazz",1942
9730,Stereolab,Jenny Ondioline,"Krautrock, Noise Pop",1993
9731,The Box Tops,Neon Rainbow,"Baroque Pop, Psychedelic Pop",1967
9732,Kurt Vile,Loading Zones,"Alt-Country, Folk Rock, Singer/Songwriter",2018
9733,Jerry Jeff Walker,L.A. Freeway,Country,1973
9734,The Mamas and the Papas,Creeque Alley,"Folk Pop, Pop Rock",1967
9735,Everclear,Everything to Everyone,Alternative Rock,1997
9736,Los Planetas,Reunión en la cumbre,"Indie Rock, Shoegaze",2007
9737,Bon Jovi,Wanted Dead or Alive,Hard Rock,1986
9738,Def Leppard,Animal,"AOR, Hard Rock",1987
9739,The Human League,The Lebanon,"New Romantic, Pop Rock, Synthpop",1984
9740,Parquet Courts,Instant Disassembly,"Indie Rock, Post-Punk",2014
9741,Styx,Mr. Roboto,"Pop Rock, Synthpop",1983
9742,Kyle Dixon & Michael Stein,Stranger Things,"Synthwave, Television Music",2016
9743,"10,000 Maniacs",Hey Jack Kerouac,Jangle Pop,1987
9744,Dean Martin,Memories Are Made of This,Traditional Pop,1955
9745,Joe Tex,Skinny Legs and All,"Funk, Soul",1967
9746,U2,Elevation,Pop Rock,2000
9747,Ted Weems & His Orchestra,Heartaches,Big Band,1933
9748,Anderson .Paak,The Bird,Neo-Soul,2016
9749,U.S. Marine Band,Maple Leaf Rag,Ragtime,1910
9750,Apollo Two [LTJ Bukem],Atlantis (I Need You),Atmospheric Drum and Bass,1993
9751,Jeans Team Feat. MJ Lan,Keine Melodien,"Electroclash, Electropop, Synthpop",2000
9752,Artie Shaw,They Say,Swing,1938
9753,Horace Heidt and His Brigadiers,Ti-Pi-Tin,"Big Band, Vaudeville",1938
9754,Rich Homie Quan,Type of Way,"Pop Rap, Southern Hip Hop, Trap",2013
9755,Chromeo,Fancy Footwork,"Synth Funk, Synthpop",2007
9756,The Young Gods,L'Amourir,Industrial Rock,1988
9757,Crispian St. Peters,The Pied Piper,Sunshine Pop,1966
9758,Bob Marley and The Wailers,"Roots, Rock, Reggae",Roots Reggae,1976
9759,Leila,Sodastream,Downtempo,1999
9760,Stevie Wright,Evie,Hard Rock,1974
9761,David Seville,Witch Doctor,"Novelty, Rock & Roll",1958
9762,Sheb Wooley,The Purple People Eater,"Halloween Music, Novelty, Rock & Roll",1958
9763,Savages,The Answer,Post-Punk,2015
9764,Duane Eddy,Because They're Young,Rock & Roll,1960
9765,The Doors,Love Her Madly,"Blues Rock, Psychedelic Rock",1971
9766,Lit,My Own Worst Enemy,"Alternative Rock, Pop Punk",1999
9767,Tony Toni Toné,If I Had No Loot,New Jack Swing,1993
9768,Black Sabbath,Symptom of the Universe,Heavy Metal,1975
9769,Paul McCartney,My Brave Face,Pop Rock,1989
9770,Fats Waller,Two Sleepy People,"Stride, Vocal Jazz",1938
9771,Main Source,Looking at the Front Door,"Boom Bap, East Coast Hip Hop",1990
9772,Miss Toni Fisher,The Big Hurt,Traditional Pop,1959
9773,Chuck Berry,Sweet Little Rock 'n' Roller,Rock & Roll,1958
9774,The Trammps,That's Where the Happy People Go,"Disco, Philly Soul",1975
9775,Metallica,Hero of the Day,"Alternative Metal, Hard Rock",1996
9776,Bruce Springsteen,Hello Sunshine,"Chamber Folk, Country Pop, Singer/Songwriter",2019
9777,The Cruel Sea,The Honeymoon Is Over,Alternative Rock,1993
9778,Big Audio Dynamite II,Rush,Alternative Dance,1991
9779,Paul Revere & The Raiders,Him or Me - What's It Gonna Be?,"Pop Rock, Psychedelic Pop",1967
9780,Téléphone,La Bombe humaine,Rock,1979
9781,Julian Cope,Sunspots,"Neo-Psychedelia, Psychedelic Pop",1984
9782,Marion Williams,Packing Up,Gospel,1959
9783,Carpenters,For All We Know,Pop,1971
9784,LCD Soundsystem,American Dream,Synthpop,2017
9785,Al Green,Here I Am (Come and Take Me),Southern Soul,1973
9786,Syndicate of Sound,Little Girl,Garage Rock,1966
9787,Generation X,Your Generation,Punk Rock,1977
9788,The Paragons,On the Beach,Rocksteady,1967
9789,Porter Wagoner,"Green, Green Grass of Home",Country,1965
9790,Neil Sedaka,Oh Carol,Brill Building,1959
9791,Paul Simon,Peace Like a River,"Folk Rock, Singer/Songwriter",1972
9792,Macklemore & Ryan Lewis feat. Wanz,Thrift Shop,"Comedy Rap, Pop Rap",2012
9793,Jefferson Airplane,We Can Be Together,"Folk Rock, Psychedelic Rock",1969
9794,Duke Ellington,Main Stem,Big Band,1944
9795,Cannon's Jug Stompers,Walk Right In,"Country Blues, Jug Band",1930
9796,The Rolling Stones,Doom and Gloom,Blues Rock,2012
9797,Frankie Valli,My Eyes Adored You,Adult Contemporary,1974
9798,Jim Lowe,The Green Door,"Pop, Rock & Roll",1956
9799,GIT,Es por amor,"New Wave, Pop Rock",1986
9800,The Gentrys,Keep on Dancing,Rock & Roll,1965
9801,Groove Armada,Superstylin',House,2001
9802,Holly and the Italians,Tell That Girl to Shut Up,"New Wave, Power Pop",1979
9803,Objekt,Ganzfeld,IDM,2014
9804,Fats Domino,I'm Ready,Rock & Roll,1959
9805,Smashing Pumpkins,Rhinoceros,Alternative Rock,1991
9806,Lou Reed,"I Love You, Suzanne","Pop Rock, Rock & Roll",1984
9807,Téléphone,Hygiaphone,Rock,1977
9808,Kraftwerk,Neonlicht/Neon Lights,Synthpop,1978
9809,The Temptations,Beauty Is Only Skin Deep,Motown Sound,1966
9810,Barbara Acklin,Love Makes a Woman,Chicago Soul,1968
9811,Clyde McPhatter,Lover Please,"Rhythm & Blues, Soul",1962
9812,Bruce Springsteen,One Step Up,Heartland Rock,1987
9813,Violeta Parra,Gracias a la vida,"Andean Folk Music, Neuva canciï¿½n latinoamericana, Singer/Songwriter",1966
9814,Killing Joke,Eighties,Post-Punk,1984
9815,"Hank Williams, Jr.",Family Tradition,Outlaw Country,1979
9816,Jim Croce,Operator (That's Not the Way It Feels),Singer/Songwriter,1972
9817,Jay-Z feat. Beanie Sigel,Ignorant Shit,"East Coast Hip Hop, Pop Rap",2007
9818,Monyaka,Go deh yaka,Reggae,1983
9819,Ryan Adams,La Cienega Just Smiled,"Folk Pop, Singer/Songwriter",2001
9820,The 45 King,The 900 Number,"Boom Bap, East Coast Hip Hop",1988
9821,Billy Jones,Yes We Have No Bananas,Novelty,1923
9822,Javiera Mena,Luz de piedra de luna,"Electro-Disco, Synthpop",2010
9823,Metalheads [Goldie],Terminator,"Breakbeat Hardcore, Jungle",1992
9824,The Andrews Sisters,I Wanna Be Loved,"Traditional Pop, Vocal Group",1950
9825,Loudon Wainwright III,The Swimming Song,"Folk Pop, Singer/Songwriter",1973
9826,Jimmy Jones,Handy Man,"Pop Soul, Rhythm & Blues, Rock & Roll",1959
9827,The Buoys,Timothy,"Baroque Pop, Pop Rock",1970
9828,Javiera Mena,Otra era,"Nu-Disco, Synthpop",2014
9829,The Tough Alliance,Silly Crimes,"Dance-Pop, Indietronica",2006
9830,Leï¿½o,Maneras de vivir,"Boogie Rock, Hard Rock, Rock urbano espaï¿½ol",1981
9831,Candi Staton,I'm Just a Prisoner (Of Your Good Lovin'),Southern Soul,1970
9832,Bryan Adams,Run to You,"AOR, Pop Rock",1984
9833,Kate Bush,The Big Sky,"Art Pop, Art Rock, Progressive Pop",1985
9834,Stevie Wonder,Overjoyed,"Contemporary R&B, Pop Soul",1985
9835,Lil Wayne feat. Cory Gunz,6'7',Southern Hip Hop,2010
9836,Kano feat. D Double E & Ghetts,Class of Deja,"Conscious Hip Hop, UK Hip Hop",2019
9837,Jebediah,Leaving Home,"Alternative Rock, Power Pop",1997
9838,The Bob Seger System,2 + 2 = ?,Garage Rock,1968
9839,Massive Attack,Daydreaming,"Trip Hop, UK Hip Hop",1990
9840,The Bloodhound Gang,The Bad Touch,"Dance-Pop, Novelty",1999
9841,The Jesus and Mary Chain,Darklands,"Indie Rock, Post-Punk",1987
9842,Super_Collider,Darn (Cold Way o' Lovin'),IDM,1999
9843,Tino Rossi,Marinella,Chanson,1936
9844,Nina Simone,Strange Fruit,Vocal Jazz,1965
9845,Radio Futura,Veneno en la piel,"Latin Rock, Pop Rock",1990
9846,Harry James & His Orchestra,You Made Me Love You (I Didn't Want to Do It),"Big Band, Standards, Vocal Jazz",1941
9847,Das Racist,Hahahaha jk?,"Abstract Hip Hop, East Coast Hip Hop",2010
9848,Portishead,Strangers,Trip Hop,1994
9849,Armand Van Helden feat. Roland Clark,Flowerz,"Deep House, Funky House",1999
9850,Ethel Merman,You're the Top,"Show Tunes, Traditional Pop",1934
9851,Jai Paul,Track 2 (Str8 Outta Mumbai),"Alternative R&B, Chillwave, Electropop",2013
9852,Leroy Anderson,Blue Tango,"Pops Orchestra, Tango",1951
9853,The Gun Club,Mother of Earth,Post-Punk,1982
9854,Jacques Dutronc,L'opportuniste,Chanson,1968
9855,Squid,The Cleaner,"Art Punk, Dance-Punk",2019
9856,Daniel Lavoie,Ils s'aiment,French Pop,1983
9857,Boards of Canada,Dayvan Cowboy,"Downtempo, Folktronica",2005
9858,Pete Heller,Big Love,"French House, Funky House",1999
9859,Sigur Rï¿½s,Untitled 3,"Ambient, Minimalism",2002
9860,The Moments,Love on a Two-Way Street,Smooth Soul,1969
9861,Saint Etienne,Tonight,"Dance-Pop, Synthpop",2012
9862,The Beach Boys,When I Grow Up (To Be a Man),"Baroque Pop, Pop Rock, Sunshine Pop, Vocal Group",1964
9863,The Grass Roots,Let's Live for Today,Psychedelic Pop,1967
9864,23 Skidoo,Coup,"Dance-Punk, Funk",1983
9865,Ozzy Osbourne,Mr. Crowley,"Hard Rock, Heavy Metal",1980
9866,Paraíso,Para ti,"Jangle Pop, New Wave",1980
9867,Charly Bliss,Young Enough,"Indie Pop, Power Pop",2019
9868,Tom Petty and The Heartbreakers,Listen to Her Heart,"Heartland Rock, Power Pop",1978
9869,Booker T. & The MG's,Hang 'Em High,Southern Soul,1968
9870,Russ Morgan & His Orchestra,So Tired,Traditional Pop,1948
9871,Herman's Hermits,A Must to Avoid,Beat Music,1965
9872,Jane's Addiction,"Ted, Just Admit It...","Alternative Metal, Art Rock, Hard Rock",1988
9873,REO Speedwagon,Can't Fight This Feeling,"AOR, Soft Rock",1984
9874,Joe Ely,Honky Tonk Masquerade,Outlaw Country,1978
9875,Q-Tip,Vivrant Thing,"East Coast Hip Hop, Pop Rap",1999
9876,Miles Davis,Right Off,"Film Score, Jazz Fusion, Jazz-Rock",1971
9877,Jamie xx,Sleep Sound,"Future Garage, UK Bass",2014
9878,Rosemary Clooney,Tenderly,Traditional Pop,1952
9879,The Main Ingredient,Everybody Plays the Fool,Soul,1972
9880,Roy Acuff and The Smoky Mountain Boys,Wreck on the Highway,Traditional Country,1942
9881,Nelly Furtado,Say It Right,"Contemporary R&B, Dance-Pop",2006
9882,The Embassy,It Never Entered My Mind,"Indie Pop, Synthpop",2002
9883,The Byrds,You Ain't Goin' Nowhere,Country Rock,1968
9884,Rudy Vallée,Stein Song (University of Maine Fighting Song),"Big Band, Traditional Pop",1930
9885,Steve Winwood,Roll With It,Pop Rock,1988
9886,George Harrison,When We Was Fab,"Pop Rock, Singer/Songwriter",1987
9887,The Beautiful South,Old Red Eyes Is Back,"Indie Pop, Sophisti-Pop",1991
9888,Tim Dog,Fuck Compton,"Boom Bap, East Coast Hip Hop, Hardcore Hip Hop",1991
9889,The Young Rascals,A Girl Like You,Blue Eyed Soul,1967
9890,The Smiths,Meat Is Murder,Post-Punk,1985
9891,Kate Tempest,Europe Is Lost,"Conscious Hip Hop, Political Hip Hop, UK Hip Hop",2016
9892,Daughters,Satan in the Wait,"Art Punk, Noise Rock",2018
9893,The Sugarhill Gang,8th Wonder,"Disco Rap, East Coast Hip Hop",1980
9894,Larry Clinton & His Orchestra,My Reverie,"Traditional Pop, Vocal Jazz",1938
9895,Buster Brown,Fannie Mae,Rhythm & Blues,1959
9896,ZZ Top,Rough Boy,"Hard Rock, Pop Rock",1985
9897,Cafï¿½ Tacvba,Mediodï¿½a,"Dream Pop, Indie Rock",2003
9898,The Cables,Baby Why,Rocksteady,1968
9899,A Camp,I Can Buy You,"Indie Pop, Pop Rock",2001
9900,Zapp,Computer Love,"Contemporary R&B, Synthpop",1985
9901,TV on the Radio,DLZ,"Art Rock, Indie Rock",2008
9902,Cate Le Bon,Daylight Matters,"Art Pop, Psychedelic Pop",2019
9903,Jay-Z feat. Mary J. Blige,Can't Knock the Hustle,"East Coast Hip Hop, Hardcore Hip Hop",1996
9904,Veneno,Los Delincuentes,"Andalusian Rock, Rumba Flamenca",1977
9905,Peaches,Lovertits,Electroclash,2000
9906,Red Hot Chili Peppers,Higher Ground,"Alternative Rock, Funk Metal, Funk Rock",1989
9907,Friendly Fires,Silhouettes,"Dance-Pop, Nu-Disco",2019
9908,Andrés Calamaro,Estadio Azteca,"Acoustic Rock, Flamenco Jazz, Singer/Songwriter",2004
9909,I'm from Barcelona,We're from Barcelona,Indie Pop,2006
9910,Jo Stafford&Gordon MacRae,"""A"" You're Adorable",Traditional Pop,1949
9911,ABBA,Voulez-Vous,"Euro-Disco, Europop",1979
9912,Múm,Green Grass of Tunnel,Indietronica,2002
9913,Ronnie Bird,Fais attention,Garage Rock,1965
9914,Stevie Wonder,Heaven Help Us All,Motown Sound,1970
9915,Kenny y Los Elï¿½ctricos,No huyas de mi,"AOR, Pop Rock",1988
9916,David Rose,Holiday for Strings,Holiday Music,1942
9917,Stereophonics,Local Boy in the Photograph,"Britpop, Power Pop",1997
9918,The Fratellis,Flathead,"Garage Rock Revival, Indie Rock",2006
9919,Frank Ocean,Moon River,Neo-Soul,2018
9920,The Chocolate Watchband,Let's Talk About Girls,"Garage Rock, Psychedelic Rock",1967
9921,Aerosmith,Last Child,"Funk Rock, Hard Rock",1976
9922,Scorpions,Wind of Change,Pop Rock,1990
9923,Sarah Vaughan,Broken-Hearted Melody,"Standards, Vocal Jazz",1959
9924,Bauhaus,Dark Entries,"Gothic Rock, Post-Punk",1980
9925,Bruce Springsteen,Radio Nowhere,"Alternative Rock, Pop Rock",2007
9926,Liquid,Sweet Harmony,Breakbeat Hardcore,1991
9927,Herman's Hermits,"Mrs. Brown, You've Got a Lovely Daughter",Pop,1965
9928,Bill Monroe & His Blue Grass Boys,Uncle Pen,Bluegrass,1950
9929,Beastie Boys,Shadrach,East Coast Hip Hop,1989
9930,Interpol,The Rover,Post-Punk Revival,2018
9931,The Dust Brothers,Chemical Beats,Big Beat,1994
9932,Siouxsie and The Banshees,Dear Prudence,"Gothic Rock, Neo-Psychedelia, Post-Punk",1983
9933,Stï¿½phane Grappelly and His Hot Four with Django Reinhardt,Djangology,Jazz manouche,1936
9934,The Avett Brothers,I and Love and You,"Americana, Piano Rock",2009
9935,Les Brown & His Orchestra,I've Got My Love to Keep Me Warm,Big Band,1948
9936,KRS-One Feat. Keva,Step into a World (Rapture's Delight),"Boom Bap, East Coast Hip Hop",1997
9937,Prince,Housequake,"Funk, New Jack Swing",1987
9938,Hot Butter,Popcorn,Synthpop,1972
9939,Ben Selvin's Novelty Orchestra,Dardanella,"Big Band, Classical Waltz, Dixieland",1920
9940,Lennie Tristano,C Minor Complex,Cool Jazz,1962
9941,Kanye West feat. Rick Ross,Devil in a New Dress,Hip Hop,2010
9942,Vernon Dalhart,The Wreck of the Old 97,Traditional Country,1924
9943,Francis Lemarque,ï¿½ Paris,Chanson ï¿½ texte,1949
9944,The Passions [USA],Just to Be with You,Doo-Wop,1959
9945,The Chordettes,Born to Be with You,Vocal Group,1956
9946,Radiohead,Videotape,Art Pop,2007
9947,Constantines,Nighttime/Anytime (It's Alright),Post-Hardcore,2003
9948,Janelle Monáe feat. Miguel,Primetime,Alternative R&B,2013
9949,"Genius/GZA feat. Ghostface Killah, Killah Priest & RZA",4th Chamber,"Boom Bap, East Coast Hip Hop",1995
9950,Miss Kittin,Requiem for a Hit,Electroclash,2004
9951,Scott Walker,Duchess,"Baroque Pop, Singer/Songwriter",1969
9952,Elvis Presley,Don't,"Doo-Wop, Pop",1957
9953,Bill Monroe & His Blue Grass Boys,In the Pines,Bluegrass,1952
9954,Depeche Mode,A Question of Time,Synthpop,1986
9955,Michael McDonald,I Keep Forgettin' (Every Time You're Near),"Blue Eyed Soul, Yacht Rock",1982
9956,Radiohead,Bodysnatchers,Alternative Rock,2007
9957,Black Lips,Katrina,Garage Rock,2007
9958,Pretenders,I Go to Sleep,Pop Rock,1981
9959,Stupeflip,Je fume pu d'shit,"French Pop, Pop Reggae, Synthpop",2002
9960,Led Zeppelin,Thank You,"British Folk Rock, Psychedelic Rock",1969
9961,Adam Faith,What Do You Want?,Teen Pop,1959
9962,Thelonious Monk,Thelonious,Bebop,1948
9963,Nick Drake,Time of No Reply,"Contemporary Folk, Singer/Songwriter",1987
9964,Jack White & Alicia Keys,Another Way to Die,"Alternative Rock, Film Soundtrack",2008
9965,Fall Out Boy,"This Ain't a Scene, It's an Arms Race","Pop Punk, Pop Rock",2007
9966,Zucchero Fornaciari,Dune mosse,Pop Rock,1987
9967,Elli & Jacno,Main dans la main,"French Pop, Synthpop",1980
9968,Jeanette MacDonald & Nelson Eddy,Indian Love Call,Operetta,1936
9969,Gang of Four,Natural's Not In It,"Art Punk, Post-Punk",1979
9970,Lady Sovereign,Random,Pop Rap,2005
9971,Wynonie Harris,All She Wants to Do Is Rock,Jump-Blues,1949
9972,Cake,I Will Survive,Alternative Rock,1996
9973,DJ Jazzy Jeff & The Fresh Prince,Parents Just Don't Understand,"Boom Bap, Comedy Rap, East Coast Hip Hop, Pop Rap",1988
9974,Whirlpool Productions,From: Disco To: Disco,Nu-Disco,1996
9975,Bruce Springsteen,Downbound Train,Heartland Rock,1984
9976,Linda Ronstadt,"Long, Long Time",Folk Pop,1970
9977,Carcass,Heartwork,Melodic Death Metal,1993
9978,Spinal Tap,Tonight I'm Gonna Rock You Tonight,"Film Soundtrack, Heavy Metal",1984
9979,Mario Lanza,Be My Love,Traditional Pop,1950
9980,Teresa Brewer,Music! Music! Music!,Traditional Pop,1950
9981,"Frank Ocean feat. Jay-Z & Tyler, the Creator",Biking / Biking (Solo),"Alternative R&B, Pop Rap",2017
9982,System of a Down,Sugar,"Alternative Metal, Avant-Garde Metal",1998
9983,Lï¿½psley,Operator (He Doesn't Call Me)/Operator (DJ Koze's Disco Edit),"Dance-Pop, Nu-Disco",2016
9984,Drake feat. Trey Songz & Lil Wayne,Successful,Pop Rap,2009
9985,Caifanes,No dejes que...,"Alternative Rock, Latin Rock",1992
9986,Michael Jackson,Will You Be There,Pop Soul,1991
9987,Stereophonics,Maybe Tomorrow,"Alternative Rock, Pop Rock",2003
9988,Wolfmother,Dimension,Stoner Rock,2005
9989,Ratatat,Seventeen Years,"Dance-Punk, Indietronica",2003
9990,Rosemary Clooney,This Ole House,Traditional Pop,1954
9991,Toktok vs. Soffy O.,Day of Mine (Ludicrous Idiot),Electropop,2002
9992,Social Distortion,I Was Wrong,"Alternative Rock, Punk Rock",1996
9993,Animotion,Obsession,Synthpop,1984
9994,Chris Montez,Let's Dance,Rock & Roll,1962
9995,The Beatles,Savoy Truffle,"Pop Rock, Rhythm & Blues",1968
9996,Skids,Into the Valley,"New Wave, Punk Rock",1979
9997,Redman,Tonight's Da Night,"Boom Bap, East Coast Hip Hop, Hardcore Hip Hop",1992
9998,FKA twigs,Figure 8,"Alternative R&B, Art Pop, Glitch Pop, Wonky",2015
9999,The Mighty Lemon Drops,Like an Angel,"C86, Neo-Psychedelia",1985
10000,The Kinks,Come Dancing,Pop Rock,1982