Ranking,Song,Artist,EAS
1,My Heart Will Go On,Celine Dion,"64,042,000"
2,Hotel California,Eagles,"54,602,000"
3,Billie Jean,Michael Jackson,"46,195,000"
4,Layla,Derek and the Dominos,"37,630,000"
5,Every Breath You Take,The Police,"36,246,000"
6,I Will Always Love You,Whitney Houston,"35,883,000"
7,Bohemian Rhapsody,Queen,"35,174,000"
8,Sweet Caroline,Neil Diamond,"35,171,000"
9,Stayin' Alive,Bee Gees,"34,307,000"
10,Beat It,Michael Jackson,"29,925,000"
11,Don't Stop Believin',Journey,"29,614,000"
12,The Sound of Silence,Simon & Garfunkel,"29,574,000"
13,Can't Help Falling in Love,Elvis Presley,"29,258,000"
14,Stairway To Heaven,Led Zeppelin,"27,820,000"
15,Livin' on a Prayer,Bon Jovi,"27,282,000"
16,Maggie May,Rod Stewart,"26,843,000"
17,Dancing Queen,ABBA,"26,544,000"
18,In the Air Tonight,Phil Collins,"26,367,000"
19,Thriller,Michael Jackson,"25,771,000"
20,Sweet Home Alabama,Lynyrd Skynyrd,"25,764,000"
21,Let It Be,The Beatles,"25,470,000"
22,With Or Without You,U2,"25,244,000"
23,Back in Black,AC/DC,"25,123,000"
24,What's Love Got to Do with It,Tina Turner,"24,885,000"
25,Under Pressure,David Bowie & Queen,"24,527,000"
26,Another One Bites the Dust,Queen,"24,458,000"
27,Wish You Were Here,Pink Floyd,"24,137,000"
28,Smoke on the Water,Deep Purple,"24,076,000"
29,Sultans of Swing,Dire Straits,"23,373,000"
30,Here Comes the Sun,The Beatles,"23,177,000"
31,Summer of '69,Bryan Adams,"22,885,000"
32,Go Your Own Way,Fleetwood Mac,"22,651,000"
33,Imagine,John Lennon,"22,623,000"
34,Black Magic Woman / Gypsy Queen,Santana,"22,431,000"
35,Wannabe,Spice Girls,"22,413,000"
36,Sweet Child O' Mine,Guns N' Roses,"22,325,000"
37,Yesterday,The Beatles,"22,312,000"
38,Smells Like Teen Spirit,Nirvana,"22,026,000"
39,(Everything I Do) I Do It for You,Bryan Adams,"21,807,000"
40,I Wanna Dance with Somebody (Who Loves Me),Whitney Houston,"21,668,000"
41,Highway to Hell,AC/DC,"21,264,000"
42,You Shook Me All Night Long,AC/DC,"20,732,000"
43,I Want It That Way,Backstreet Boys,"20,642,000"
44,Another Day in Paradise,Phil Collins,"20,560,000"
45,Easy,Commodores,"20,527,000"
46,All I Want for Christmas Is You,Mariah Carey,"20,325,000"
47,Losing My Religion,R.E.M.,"20,318,000"
48,Black or White,Michael Jackson,"20,235,000"
49,Your Song,Elton John,"20,183,000"
50,Like A Prayer,Madonna,"19,989,000"
51,...Baby One More Time,Britney Spears,"19,884,000"
52,September,"Earth,Wind & Fire","19,874,000"
53,Mrs. Robinson,Simon & Garfunkel,"19,677,000"
54,Take It Easy,Eagles,"19,647,000"
55,White Christmas,Bing Crosby,"19,602,000"
56,You Give Love a Bad Name,Bon Jovi,"19,273,000"
57,More Than a Feeling,Boston,"19,063,000"
58,Thunderstruck,AC/DC,"18,820,000"
59,Woman,John Lennon,"18,811,000"
60,Another Brick in the Wall (Part II),Pink Floyd,"18,566,000"
61,Jailhouse Rock,Elvis Presley,"18,565,000"
62,You're the One That I Want,John Travolta & Olivia Newton-John,"18,531,000"
63,Lose Yourself,Eminem,"18,420,000"
64,Walk This Way,Aerosmith,"18,378,000"
65,Under the Bridge,Red Hot Chili Peppers,"18,302,000"
66,Friends In Low Places,Garth Brooks,"18,261,000"
67,We Will Rock You,Queen,"18,127,000"
68,I Want to Hold Your Hand,The Beatles,"18,051,000"
69,Fast Car,Tracy Chapman,"18,028,000"
70,Someone Like You,Adele,"18,014,000"
71,Sunday Bloody Sunday,U2,"17,995,000"
72,Hey Jude,The Beatles,"17,971,000"
73,Blue Christmas,Elvis Presley,"17,962,000"
74,Don't Stop Me Now,Queen,"17,947,000"
75,Wonderwall,Oasis,"17,932,000"
76,All Along the Watchtower,Jimi Hendrix Experience,"17,752,000"
77,Paranoid,Black Sabbath,"17,713,000"
78,Zombie,The Cranberries,"17,629,000"
79,Nothing Else Matters,Metallica,"17,617,000"
80,Enter Sandman,Metallica,"17,307,000"
81,Is This Love,Bob Marley,"17,105,000"
82,Dream On,Aerosmith,"17,063,000"
83,Paint It Black,The Rolling Stones,"17,061,000"
84,Purple Rain,Prince and the Revolutions,"17,049,000"
85,Because You Loved Me,Celine Dion,"17,019,000"
86,Ironic,Alanis Morissette,"17,007,000"
87,Dreams,Fleetwood Mac,"16,846,000"
88,How Deep Is Your Love,Bee Gees,"16,800,000"
89,Come As You Are,Nirvana,"16,717,000"
90,Pinball Wizard,The Who,"16,664,000"
91,"Rocket Man (I Think It's Going to Be a Long, Long Time)",Elton John,"16,595,000"
92,I Want to Know What Love Is,Foreigner,"16,555,000"
93,Don't Speak,No Doubt,"16,531,000"
94,Jump,Van Halen,"16,502,000"
95,In The End,Linkin Park,"16,417,000"
96,Somebody to Love,Queen,"16,392,000"
97,All That She Wants,Ace Of Base,"16,389,000"
98,Everybody (Backstreet's Back),Backstreet Boys,"16,384,000"
99,Piano Man,Billy Joel,"16,285,000"
100,You Can't Hurry Love,The Supremes,"16,235,000"
101,Have You Ever Seen The Rain,Creedence Clearwater Revival,"16,192,000"
102,Born in the U.S.A.,Bruce Springsteen,"16,054,000"
103,Like A Virgin,Madonna,"16,035,000"
104,Rolling In The Deep,Adele,"15,999,000"
105,Money for Nothing,Dire Straits,"15,989,000"
106,Pour Some Sugar on Me,Def Leppard,"15,957,000"
107,Believe,Cher,"15,933,000"
108,One,U2,"15,884,000"
109,Wonderful Tonight,Eric Clapton,"15,867,000"
110,Twist and Shout,The Beatles,"15,866,000"
111,Money,Pink Floyd,"15,856,000"
112,Man in the Mirror,Michael Jackson,"15,730,000"
113,November Rain,Guns N' Roses,"15,689,000"
114,Hero,Mariah Carey,"15,688,000"
115,Mamma Mia,ABBA,"15,686,000"
116,Sunshine of Your Love,Cream,"15,663,000"
117,Beautiful Day,U2,"15,635,000"
118,Come Together,The Beatles,"15,605,000"
119,My Way,Frank Sinatra,"15,423,000"
120,Da Ya Think I'm Sexy?,Rod Stewart,"15,397,000"
121,Whole Lotta Love,Led Zeppelin,"15,360,000"
122,(I Can't Get No) Satisfaction,The Rolling Stones,"15,337,000"
123,Don't Stop 'Til You Get Enough,Michael Jackson,"15,277,000"
124,Oops!... I Did It Again,Britney Spears,"15,267,000"
125,Good Vibrations,The Beach Boys,"15,264,000"
126,You Can't Hurry Love,Phil Collins,"15,232,000"
127,Free Bird,Lynyrd Skynyrd,"15,163,000"
128,Fortunate Son,Creedence Clearwater Revival,"15,093,000"
129,Uptown Girl,Billy Joel,"15,044,000"
130,Dancing in the Dark,Bruce Springsteen,"14,991,000"
131,Basket Case,Green Day,"14,987,000"
132,La Isla Bonita,Madonna,"14,969,000"
133,My Generation,The Who,"14,876,000"
134,Wouldn't It Be Nice,The Beach Boys,"14,870,000"
135,Light My Fire,The Doors,"14,619,000"
136,All Night Long (All Night),Lionel Richie,"14,601,000"
137,Tears in Heaven,Eric Clapton,"14,593,000"
138,(They Long to Be) Close to You,Carpenters,"14,576,000"
139,Careless Whisper,George Michael,"14,510,000"
140,I Still Haven't Found What I'm Looking For,U2,"14,507,000"
141,Start Me Up,The Rolling Stones,"14,504,000"
142,Surfin' U.S.A.,The Beach Boys,"14,486,000"
143,Like a Rolling Stone,Bob Dylan,"14,435,000"
144,The Way We Were,Barbra Streisand,"14,387,000"
145,I Want to Break Free,Queen,"14,308,000"
146,Without You,Mariah Carey,"14,243,000"
147,Man! I Feel Like a Woman!,Shania Twain,"14,224,000"
148,Purple Haze,Jimi Hendrix Experience,"14,147,000"
149,Smooth Criminal,Michael Jackson,"14,139,000"
150,Fantasy,Mariah Carey,"13,912,000"
151,Woman in Love,Barbra Streisand,"13,884,000"
152,Walk of Life,Dire Straits,"13,805,000"
153,Bennie and the Jets,Elton John,"13,787,000"
154,Suspicious Minds,Elvis Presley,"13,731,000"
155,I'd Do Anything for Love (But I Won't Do That),Meat Loaf ft. Lorraine Crosby,"13,687,000"
156,We Are the Champions,Queen,"13,595,000"
157,The Power of Love,Celine Dion,"13,538,000"
158,Welcome to the Jungle,Guns N' Roses,"13,502,000"
159,The Real Slim Shady,Eminem,"13,498,000"
160,I Want You Back,The Jackson 5,"13,429,000"
161,The Best,Tina Turner,"13,376,000"
162,Material Girl,Madonna,"13,330,000"
163,It's My Life,Bon Jovi,"13,260,000"
164,Riders on the Storm,The Doors,"13,225,000"
165,The Way You Make Me Feel,Michael Jackson,"13,206,000"
166,Fly Me to the Moon,Frank Sinatra,"13,190,000"
167,Smooth,Santana ft. Rob Thomas,"13,096,000"
168,Yellow,Coldplay,"13,051,000"
169,Sympathy For The Devil,The Rolling Stones,"13,033,000"
170,How You Remind Me,Nickelback,"13,022,000"
171,Baba O'Riley,The Who,"12,998,000"
172,Paradise City,Guns N' Roses,"12,949,000"
173,Without Me,Eminem,"12,932,000"
174,Break On Through (To the Other Side),The Doors,"12,924,000"
175,Bad Moon Rising,Creedence Clearwater Revival,"12,887,000"
176,It's All Coming Back to Me Now,Celine Dion,"12,815,000"
177,Viva La Vida,Coldplay,"12,688,000"
178,Yesterday Once More,Carpenters,"12,677,000"
179,The Logical Song,Supertramp,"12,669,000"
180,No Scrubs,TLC,"12,648,000"
181,Waiting for a Girl Like You,Foreigner,"12,615,000"
182,Beast Of Burden,The Rolling Stones,"12,585,000"
183,Always Be My Baby,Mariah Carey,"12,575,000"
184,Faith,George Michael,"12,568,000"
185,Till I Collapse,Eminem ft. Nate Dogg,"12,536,000"
186,One,Metallica,"12,533,000"
187,The Boxer,Simon & Garfunkel,"12,524,000"
188,Hello,Adele,"12,496,000"
189,Shape of You,Ed Sheeran,"12,471,000"
190,Superstition,Stevie Wonder,"12,456,000"
191,I Have Nothing,Whitney Houston,"12,402,000"
192,Vogue,Madonna,"12,397,000"
193,Roxanne,The Police,"12,386,000"
194,Eleanor Rigby,The Beatles,"12,315,000"
195,"Whenever, Wherever",Shakira,"12,225,000"
196,Everywhere,Fleetwood Mac,"12,211,000"
197,Comfortably Numb,Pink Floyd,"12,208,000"
198,Wake Me Up Before You Go-Go,Wham!,"12,203,000"
199,Bridge over Troubled Water,Simon & Garfunkel,"12,143,000"
200,Endless Love,Diana Ross & Lionel Richie,"12,056,000"
201,Paradise by the Dashboard Light,Meat Loaf,"12,021,000"
202,Evergreen,Barbra Streisand,"11,993,000"
203,How Will I Know,Whitney Houston,"11,990,000"
204,Knockin' on Heaven's Door,Guns N' Roses,"11,966,000"
205,The Scientist,Coldplay,"11,957,000"
206,Respect,Aretha Franklin,"11,898,000"
207,Enjoy the Silence,Depeche Mode,"11,837,000"
208,Californication,Red Hot Chili Peppers,"11,821,000"
209,Band on the Run,Paul McCartney & Wings,"11,793,000"
210,I've Got You Under My Skin,Frank Sinatra,"11,755,000"
211,Born to Run,Bruce Springsteen,"11,742,000"
212,Maria Maria,Santana ft. The Product G&B,"11,716,000"
213,Numb,Linkin Park,"11,710,000"
214,Cocaine,Eric Clapton,"11,641,000"
215,Message in a Bottle,The Police,"11,613,000"
216,The Dance,Garth Brooks,"11,578,000"
217,Crazy in Love,Beyonce ft. Jay-Z,"11,578,000"
218,Englishman in New York,Sting,"11,494,000"
219,Smooth Operator,Sade,"11,474,000"
220,Say My Name,Destiny's Child,"11,471,000"
221,Help!,The Beatles,"11,421,000"
222,Heart of Gold,Neil Young,"11,287,000"
223,Don't Go Breaking My Heart,Elton John & Kiki Dee,"11,235,000"
224,Angie,The Rolling Stones,"11,222,000"
225,I Just Called to Say I Love You,Stevie Wonder,"11,213,000"
226,You're Beautiful,James Blunt,"11,179,000"
227,Sussudio,Phil Collins,"11,164,000"
228,You Don't Bring Me Flowers,Barbra Streisand & Neil Diamond,"11,156,000"
229,Desperado,Eagles,"11,126,000"
230,Bring Me to Life,Evanescence,"11,107,000"
231,Top of the World,Carpenters,"11,096,000"
232,They Don't Care About Us,Michael Jackson,"11,050,000"
233,Creep,Radiohead,"11,046,000"
234,Hips Don't Lie,Shakira ft. Wyclef Jean,"11,017,000"
235,Cecilia,Simon & Garfunkel,"11,001,000"
236,Just Can't Get Enough,Depeche Mode,"10,994,000"
237,You're Still the One,Shania Twain,"10,990,000"
238,Fix You,Coldplay,"10,962,000"
239,"No Woman, No Cry",Bob Marley,"10,955,000"
240,Caribbean Blue,Enya,"10,948,000"
241,Angels,Robbie Williams,"10,862,000"
242,Master Of Puppets,Metallica,"10,809,000"
243,Crazy,Aerosmith,"10,764,000"
244,Rock with You,Michael Jackson,"10,740,000"
245,Waterfalls,TLC,"10,727,000"
246,I Get Around,The Beach Boys,"10,707,000"
247,Heaven,Bryan Adams,"10,684,000"
248,You Can Call Me Al,Paul Simon,"10,681,000"
249,Every Little Thing She Does Is Magic,The Police,"10,652,000"
250,Night Fever,Bee Gees,"10,644,000"
251,Black Dog,Led Zeppelin,"10,627,000"
252,Killing Me Softly,Fugees,"10,626,000"
253,That's the Way Love Goes,Janet Jackson,"10,582,000"
254,Proud Mary,Ike & Tina Turner,"10,523,000"
255,Three Little Birds,Bob Marley,"10,518,000"
256,Toxic,Britney Spears,"10,419,000"
257,Cold as Ice,Foreigner,"10,402,000"
258,Flashdance... What a Feeling,Irene Cara,"10,392,000"
259,Time,Pink Floyd,"10,389,000"
260,Good Days,SZA,"10,378,000"
261,Feel,Robbie Williams,"10,361,000"
262,As Long as You Love Me,Backstreet Boys,"10,355,000"
263,Oye Como Va,Santana,"10,353,000"
264,That Don't Impress Me Much,Shania Twain,"10,349,000"
265,Could You Be Loved,Bob Marley,"10,335,000"
266,Wanted Dead or Alive,Bon Jovi,"10,330,000"
267,Fallin',Alicia Keys,"10,328,000"
268,Brothers in Arms,Dire Straits,"10,299,000"
269,Take a Chance on Me,ABBA,"10,258,000"
270,Even Flow,Pearl Jam,"10,256,000"
271,When Doves Cry,Prince and the Revolutions,"10,254,000"
272,One Of These Nights,Eagles,"10,242,000"
273,She Will Be Loved,Maroon 5,"10,231,000"
274,Hound Dog,Elvis Presley,"10,223,000"
275,Immigrant Song,Led Zeppelin,"10,219,000"
276,Stan,Eminem ft. Dido,"10,217,000"
277,Gimme Shelter,The Rolling Stones,"10,217,000"
278,Baby Love,The Supremes,"10,180,000"
279,Just the Way You Are,Bruno Mars,"10,151,000"
280,The Trooper,Iron Maiden,"10,115,000"
281,Hey Joe,Jimi Hendrix Experience,"10,069,000"
282,Crazy Train,Ozzy Osbourne,"10,048,000"
283,Good Times Bad Times,Led Zeppelin,"10,023,000"
284,Holiday,Madonna,"10,014,000"
285,Radio Ga Ga,Queen,"10,007,000"
286,Baby,Justin Bieber ft. Ludacris,"10,006,000"
287,Bye Bye Bye,NSYNC,"9,995,000"
288,Ramble On,Led Zeppelin,"9,994,000"
289,Love Me Do,The Beatles,"9,968,000"
290,Emotions,Mariah Carey,"9,929,000"
291,"Say You, Say Me",Lionel Richie,"9,908,000"
292,Bed of Roses,Bon Jovi,"9,884,000"
293,Brown Sugar,The Rolling Stones,"9,856,000"
294,White Room,Cream,"9,855,000"
295,The Thunder Rolls,Garth Brooks,"9,837,000"
296,Beautiful Boy (Darling Boy),John Lennon,"9,833,000"
297,Back for Good,Take That,"9,778,000"
298,Hells Bells,AC/DC,"9,725,000"
299,Set Fire To The Rain,Adele,"9,695,000"
300,I Don't Want to Talk About It,Rod Stewart,"9,680,000"
301,Perfect,Ed Sheeran,"9,660,000"
302,Something,The Beatles,"9,650,000"
303,Pride (in The Name Of Love),U2,"9,646,000"
304,T.N.T.,AC/DC,"9,642,000"
305,Orinoco Flow,Enya,"9,600,000"
306,Yeah!,Usher ft. Lil Jon & Ludacris,"9,582,000"
307,Dirty Deeds Done Dirt Cheap,AC/DC,"9,554,000"
308,For Those About to Rock (We Salute You),AC/DC,"9,550,000"
309,Patience,Guns N' Roses,"9,537,000"
310,Hello,Lionel Richie,"9,530,000"
311,One More Night,Phil Collins,"9,520,000"
312,Waterloo,ABBA,"9,503,000"
313,Invisible Touch,Genesis,"9,495,000"
314,Maniac,Michael Sembello,"9,493,000"
315,Numb/Encore,Jay-Z & Linkin Park,"9,456,000"
316,Stuck on You,Lionel Richie,"9,447,000"
317,A Hard Day's Night,The Beatles,"9,399,000"
318,Bat Out of Hell,Meat Loaf,"9,394,000"
319,Life In The Fast Lane,Eagles,"9,393,000"
320,Last Christmas,Wham!,"9,347,000"
321,The Times They Are a-Changin',Bob Dylan,"9,344,000"
322,Everybody Hurts,R.E.M.,"9,332,000"
323,Only Time,Enya,"9,327,000"
324,Bad Romance,Lady Gaga,"9,287,000"
325,Thank You,Dido,"9,255,000"
326,Kiss,Prince and the Revolutions,"9,230,000"
327,Into The Groove,Madonna,"9,217,000"
328,Let's Groove,"Earth,Wind & Fire","9,194,000"
329,We Didn't Start the Fire,Billy Joel,"9,188,000"
330,Tragedy,Bee Gees,"9,168,000"
331,Sweet Emotion,Aerosmith,"9,158,000"
332,Complicated,Avril Lavigne,"9,149,000"
333,Boogie Wonderland,"Earth,Wind & Fire & The Emotions","9,111,000"
334,I Gotta Feeling,Black Eyed Peas,"9,104,000"
335,The Winner Takes It All,ABBA,"9,087,000"
336,In My Life,The Beatles,"9,066,000"
337,Poker Face,Lady Gaga,"9,042,000"
338,Cryin',Aerosmith,"9,022,000"
339,Sacrifice,Elton John,"9,022,000"
340,Blinding Lights,The Weeknd,"9,008,000"
341,Can't Buy Me Love,The Beatles,"8,981,000"
342,Jamming,Bob Marley,"8,971,000"
343,Get Back,The Beatles,"8,970,000"
344,I'm on Fire,Bruce Springsteen,"8,969,000"
345,If I Ain't Got You,Alicia Keys,"8,961,000"
346,Love Story,Taylor Swift,"8,960,000"
347,Papa Don't Preach,Madonna,"8,924,000"
348,Quit Playin' Games (with My Heart),Backstreet Boys,"8,922,000"
349,Dynamite,BTS,"8,885,000"
350,Highway Star,Deep Purple,"8,878,000"
351,Let's Dance,David Bowie,"8,836,000"
352,Rock and Roll,Led Zeppelin,"8,832,000"
353,Where Is the Love?,Black Eyed Peas ft. Justin Timberlake,"8,804,000"
354,Killer Queen,Queen,"8,770,000"
355,Simple Man,Lynyrd Skynyrd,"8,741,000"
356,Roadhouse Blues,The Doors,"8,710,000"
357,Tell Him,Barbra Streisand & Celine Dion,"8,706,000"
358,Breakfast in America,Supertramp,"8,679,000"
359,Bad,Michael Jackson,"8,656,000"
360,Love The Way You Lie,Eminem ft. Rihanna,"8,650,000"
361,Iron Man,Black Sabbath,"8,643,000"
362,Evil Ways,Santana,"8,639,000"
363,I Can't Dance,Genesis,"8,637,000"
364,Genie in a Bottle,Christina Aguilera,"8,634,000"
365,Strangers in the Night,Frank Sinatra,"8,582,000"
366,Thinking Out Loud,Ed Sheeran,"8,575,000"
367,Wild Horses,The Rolling Stones,"8,556,000"
368,Come Fly with Me,Frank Sinatra,"8,556,000"
369,"Theme from New York, New York",Frank Sinatra,"8,549,000"
370,Feel Good Inc.,Gorillaz ft. De La Soul,"8,505,000"
371,Burning Love,Elvis Presley,"8,489,000"
372,Black,Pearl Jam,"8,478,000"
373,Frozen,Madonna,"8,476,000"
374,All My Loving,The Beatles,"8,466,000"
375,Any Man of Mine,Shania Twain,"8,451,000"
376,It's Still Rock and Roll to Me,Billy Joel,"8,438,000"
377,If I Could Turn Back Time,Cher,"8,428,000"
378,Heroes,David Bowie,"8,416,000"
379,Remember the Time,Michael Jackson,"8,394,000"
380,The Show Must Go On,Queen,"8,381,000"
381,You Oughta Know,Alanis Morissette,"8,374,000"
382,P.Y.T. (Pretty Young Thing),Michael Jackson,"8,370,000"
383,Halo,Beyonce,"8,348,000"
384,Hung Up,Madonna,"8,343,000"
385,Don't Cry,Guns N' Roses,"8,314,000"
386,Can't Get You Out of My Head,Kylie Minogue,"8,304,000"
387,We Belong Together,Mariah Carey,"8,292,000"
388,Candle in the Wind,Elton John,"8,264,000"
389,Who Are You,The Who,"8,239,000"
390,The River,Bruce Springsteen,"8,220,000"
391,Umbrella,Rihanna ft. Jay-Z,"8,211,000"
392,She Loves You,The Beatles,"8,207,000"
393,Greatest Love of All,Whitney Houston,"8,156,000"
394,My Sweet Lord,George Harrison,"8,156,000"
395,Linger,The Cranberries,"8,148,000"
396,People Are Strange,The Doors,"8,146,000"
397,In the Ghetto,Elvis Presley,"8,146,000"
398,ABC,The Jackson 5,"8,123,000"
399,Give a Little Bit,Supertramp,"8,110,000"
400,Crazy Little Thing Called Love,Queen,"8,110,000"
401,Mockingbird,Eminem,"8,096,000"
402,Landslide,Fleetwood Mac,"8,088,000"
403,Blank Space,Taylor Swift,"8,079,000"
404,That's Life,Frank Sinatra,"8,041,000"
405,God Only Knows,The Beach Boys,"8,019,000"
406,I Saw Her Standing There,The Beatles,"8,015,000"
407,White Flag,Dido,"8,012,000"
408,She's Always a Woman,Billy Joel,"8,009,000"
409,The River of Dreams,Billy Joel,"8,004,000"
410,The Chain,Fleetwood Mac,"8,000,000"
411,Romeo and Juliet,Dire Straits,"7,983,000"
412,Sailing,Rod Stewart,"7,978,000"
413,Run to the Hills,Iron Maiden,"7,977,000"
414,Hot Blooded,Foreigner,"7,951,000"
415,Hurricane,Bob Dylan,"7,923,000"
416,One Love / People Get Ready,Bob Marley,"7,915,000"
417,Starboy,The Weeknd ft. Daft Punk,"7,899,000"
418,Good Riddance (Time of Your Life),Green Day,"7,894,000"
419,Vision of Love,Mariah Carey,"7,872,000"
420,You Are Not Alone,Michael Jackson,"7,865,000"
421,Can't Find My Way Home,Blind Faith,"7,865,000"
422,Come Away with Me,Norah Jones,"7,864,000"
423,Child in Time,Deep Purple,"7,861,000"
424,Because of You,Kelly Clarkson,"7,855,000"
425,If Tomorrow Never Comes,Garth Brooks,"7,850,000"
426,My Life,Billy Joel,"7,798,000"
427,Don't Let the Sun Go Down on Me,Elton John,"7,777,000"
428,My Immortal,Evanescence,"7,752,000"
429,Otherside,Red Hot Chili Peppers,"7,719,000"
430,Summer Nights,John Travolta & Olivia Newton-John,"7,712,000"
431,I Say a Little Prayer,Aretha Franklin,"7,710,000"
432,Espresso,Sabrina Carpenter,"7,702,000"
433,Juke Box Hero,Foreigner,"7,698,000"
434,Space Oddity,David Bowie,"7,697,000"
435,One Sweet Day,Boyz II Men & Mariah Carey,"7,677,000"
436,Lucy in the Sky with Diamonds,The Beatles,"7,653,000"
437,Earth Song,Michael Jackson,"7,614,000"
438,Santeria,Sublime,"7,603,000"
439,Hero,Enrique Iglesias,"7,583,000"
440,And I Love Her,The Beatles,"7,541,000"
441,Samba Pa Ti,Santana,"7,525,000"
442,Blackbird,The Beatles,"7,509,000"
443,Kashmir,Led Zeppelin,"7,501,000"
444,Tearin' Up My Heart,NSYNC,"7,491,000"
445,Lithium,Nirvana,"7,486,000"
446,Faithfully,Journey,"7,470,000"
447,I'm Still Standing,Elton John,"7,468,000"
448,I Shot the Sheriff,Eric Clapton,"7,456,000"
449,Moves Like Jagger,Maroon 5 ft. Christina Aguilera,"7,455,000"
450,Alive,Pearl Jam,"7,450,000"
451,All You Need Is Love,The Beatles,"7,450,000"
452,The Sign,Ace Of Base,"7,440,000"
453,Eight Days a Week,The Beatles,"7,429,000"
454,Knockin' on Heaven's Door,Bob Dylan,"7,419,000"
455,Forever in Blue Jeans,Neil Diamond,"7,389,000"
456,Don't Stand So Close to Me,The Police,"7,378,000"
457,Don't Know Why,Norah Jones,"7,363,000"
458,Have I Told You Lately,Rod Stewart,"7,348,000"
459,Radioactive,Imagine Dragons,"7,348,000"
460,For What It's Worth,Buffalo Springfield,"7,347,000"
461,Three Times a Lady,Commodores,"7,334,000"
462,Yellow Submarine,The Beatles,"7,334,000"
463,Crocodile Rock,Elton John,"7,319,000"
464,Our House,"Crosby, Stills, Nash & Young","7,307,000"
465,Doo Wop (That Thing),Lauryn Hill,"7,291,000"
466,Photograph,Def Leppard,"7,280,000"
467,Clint Eastwood,Gorillaz ft. Del the Funky Homosapiens,"7,280,000"
468,I Got You Babe,Sonny & Cher,"7,239,000"
469,Chiquitita,ABBA,"7,236,000"
470,Rhiannon,Fleetwood Mac,"7,224,000"
471,Everlong,Foo Fighters,"7,218,000"
472,Just Give Me a Reason,P!nk ft. Nate Ruess,"7,206,000"
473,Breathe,Pink Floyd,"7,193,000"
474,Personal Jesus,Depeche Mode,"7,183,000"
475,Heart-Shaped Box,Nirvana,"7,181,000"
476,Shake It Off,Taylor Swift,"7,178,000"
477,Give Me One Reason,Tracy Chapman,"7,159,000"
478,Sugar,Maroon 5,"7,142,000"
479,Fields of Gold,Sting,"7,139,000"
480,That's All,Genesis,"7,130,000"
481,Cracklin' Rosie,Neil Diamond,"7,121,000"
482,Sir Duke,Stevie Wonder,"7,113,000"
483,No Ordinary Love,Sade,"7,101,000"
484,Suite: Judy Blue Eyes,"Crosby, Stills & Nash","7,084,000"
485,California Love,2Pac ft. Dr. Dre & Roger Troutman,"7,082,000"
486,Me and Julio Down by the Schoolyard,Paul Simon,"7,080,000"
487,My All,Mariah Carey,"7,071,000"
488,Buffalo Soldier,Bob Marley,"7,069,000"
489,Boy with Luv,BTS ft. Halsey,"7,067,000"
490,You Should Be Dancing,Bee Gees,"7,065,000"
491,Somethin' Stupid,Frank Sinatra,"7,056,000"
492,Heal the World,Michael Jackson,"7,052,000"
493,We Found Love,Rihanna ft. Calvin Harris,"7,045,000"
494,When I Was Your Man,Bruno Mars,"7,042,000"
495,Hysteria,Def Leppard,"7,014,000"
496,Boulevard of Broken Dreams,Green Day,"7,004,000"
497,Hollaback Girl,Gwen Stefani,"6,977,000"
498,Shoot to Thrill,AC/DC,"6,972,000"
499,Beauty and the Beast,Celine Dion & Peabo Bryson,"6,969,000"
500,You Belong with Me,Taylor Swift,"6,954,000"
501,Rodeo,Garth Brooks,"6,950,000"
502,All by Myself,Celine Dion,"6,945,000"
503,Love Me Tender,Elvis Presley,"6,930,000"
504,The Unforgiven,Metallica,"6,917,000"
505,New Year's Day,U2,"6,897,000"
506,Happy Xmas (War Is Over),John Lennon & the Harlem Community Choir) & the Plastic Ono Band & Yoko Ono,"6,890,000"
507,Chop Suey!,System of a Down,"6,875,000"
508,Do I Wanna Know?,Arctic Monkeys,"6,856,000"
509,Two Out of Three Ain't Bad,Meat Loaf,"6,850,000"
510,Photograph,Ed Sheeran,"6,850,000"
511,Wanna Be Startin' Somethin',Michael Jackson,"6,813,000"
512,One Dance,Drake ft. Kyla & Wizkid,"6,811,000"
513,Stronger,Kanye West,"6,805,000"
514,So What,P!nk,"6,801,000"
515,The Sweetest Taboo,Sade,"6,799,000"
516,SexyBack,Justin Timberlake ft. Timbaland,"6,794,000"
517,Honky Tonk Women,The Rolling Stones,"6,775,000"
518,Proud Mary,Creedence Clearwater Revival,"6,771,000"
519,Rainy Days and Mondays,Carpenters,"6,760,000"
520,Can't Stop,Red Hot Chili Peppers,"6,757,000"
521,Lyin' Eyes,Eagles,"6,753,000"
522,Panama,Van Halen,"6,742,000"
523,To Love Somebody,Bee Gees,"6,678,000"
524,Live To Tell,Madonna,"6,665,000"
525,Lay Lady Lay,Bob Dylan,"6,661,000"
526,Empire State of Mind,Jay-Z ft. Alicia Keys,"6,653,000"
527,Call Me Maybe,Carly Rae Jepsen,"6,651,000"
528,While My Guitar Gently Weeps,The Beatles,"6,650,000"
529,Shine On You Crazy Diamond (Parts I-V),Pink Floyd,"6,631,000"
530,Music,Madonna,"6,628,000"
531,When We Were Young,Adele,"6,620,000"
532,Make You Feel My Love,Adele,"6,602,000"
533,Grenade,Bruno Mars,"6,575,000"
534,Love Yourself,Justin Bieber,"6,574,000"
535,The Great Gig in the Sky,Pink Floyd,"6,570,000"
536,Won't Get Fooled Again,The Who,"6,556,000"
537,Old Man,Neil Young,"6,537,000"
538,Think Twice,Celine Dion,"6,534,000"
539,Heartbreak Hotel,Elvis Presley,"6,524,000"
540,Shape of My Heart,Backstreet Boys,"6,515,000"
541,Before He Cheats,Carrie Underwood,"6,507,000"
542,For Whom The Bell Tolls,Metallica,"6,504,000"
543,Goodbye Yellow Brick Road,Elton John,"6,500,000"
544,Gold Digger,Kanye West,"6,486,000"
545,Diamonds,Rihanna,"6,485,000"
546,Sorry,Justin Bieber,"6,479,000"
547,Bad Guy,Billie Eilish,"6,469,000"
548,Follow You Follow Me,Genesis,"6,454,000"
549,Tiny Dancer,Elton John,"6,453,000"
550,A Day in the Life,The Beatles,"6,436,000"
551,Does Your Mother Know?,ABBA,"6,436,000"
552,Survivor,Destiny's Child,"6,435,000"
553,More Than a Woman,Bee Gees,"6,429,000"
554,You Make Me Wanna...,Usher,"6,424,000"
555,Sunflower,Post Malone & Swae Lee,"6,413,000"
556,Say Say Say,Paul McCartney & Michael Jackson,"6,409,000"
557,SOS,ABBA,"6,405,000"
558,Waka Waka (Esto es África),Shakira ft. Freshlyground,"6,396,000"
559,What Makes You Beautiful,One Direction,"6,380,000"
560,Runnin' with the Devil,Van Halen,"6,379,000"
561,Little Wing,Jimi Hendrix Experience,"6,378,000"
562,Sunrise,Norah Jones,"6,355,000"
563,Summertime Sadness,Lana Del Rey,"6,328,000"
564,Telephone,Lady Gaga ft. Beyonce,"6,327,000"
565,Raspberry Beret,Prince and the Revolutions,"6,319,000"
566,Freedom! '90,George Michael,"6,308,000"
567,Someone You Loved,Lewis Capaldi,"6,289,000"
568,Redemption Song,Bob Marley,"6,268,000"
569,Locked Out of Heaven,Bruno Mars,"6,259,000"
570,Scar Tissue,Red Hot Chili Peppers,"6,259,000"
571,Harvest Moon,Neil Young,"6,251,000"
572,Firework,Katy Perry,"6,251,000"
573,I'll Be There for You,Bon Jovi,"6,248,000"
574,We've Only Just Begun,Carpenters,"6,246,000"
575,I Can't Tell You Why,Eagles,"6,243,000"
576,Fantasy,"Earth,Wind & Fire","6,239,000"
577,Pour que tu m'aimes encore,Celine Dion,"6,235,000"
578,Dude (Looks Like a Lady),Aerosmith,"6,219,000"
579,About A Girl,Nirvana,"6,202,000"
580,Guilty,Barbra Streisand & Barry Gibb,"6,201,000"
581,Sorry Seems to Be the Hardest Word,Elton John,"6,191,000"
582,Stop! In the Name of Love,The Supremes,"6,188,000"
583,Your Love Is King,Sade,"6,179,000"
584,Don't Look Back In Anger,Oasis,"6,177,000"
585,Desert Rose,Sting ft. Cheb Mami,"6,170,000"
586,Wake Me Up,Avicii,"6,165,000"
587,Europa (Earth's Cry Heaven's Smile),Santana,"6,157,000"
588,When You Believe,Mariah Carey & Whitney Houston,"6,140,000"
589,"Signed, Sealed, Delivered I'm Yours",Stevie Wonder,"6,103,000"
590,Land of Confusion,Genesis,"6,098,000"
591,Young Turks,Rod Stewart,"6,086,000"
592,Better Man,Pearl Jam,"6,084,000"
593,The Lazy Song,Bruno Mars,"6,054,000"
594,Sgt. Pepper's Lonely Hearts Club Band,The Beatles,"6,051,000"
595,Behind Blue Eyes,The Who,"6,024,000"
596,Shape of My Heart,Sting,"6,016,000"
597,Part-Time Lover,Stevie Wonder,"6,015,000"
598,Payphone,Maroon 5 ft. Wiz Khalifa,"6,014,000"
599,Blaze Of Glory,Jon Bon Jovi,"6,008,000"
600,Just Dance,Lady Gaga ft. Colby O'Donis,"5,998,000"
601,The Number of the Beast,Iron Maiden,"5,992,000"
602,Paradise,Coldplay,"5,976,000"
603,Don't Be Cruel,Elvis Presley,"5,968,000"
604,War Pigs,Black Sabbath,"5,955,000"
605,Bad Medicine,Bon Jovi,"5,947,000"
606,(Just Like) Starting Over,John Lennon,"5,946,000"
607,Thunder Road,Bruce Springsteen,"5,943,000"
608,Gimme! Gimme! Gimme! (A Man After Midnight),ABBA,"5,929,000"
609,Goosebumps,Travis Scott ft. Kendrick Lamar,"5,926,000"
610,You Rock My World,Michael Jackson,"5,925,000"
611,No One,Alicia Keys,"5,922,000"
612,Grease,Frankie Valli,"5,913,000"
613,Back To Black,Amy Winehouse,"5,902,000"
614,The First Cut Is the Deepest,Rod Stewart,"5,901,000"
615,Pump It,Black Eyed Peas,"5,899,000"
616,It's the End of the World as We Know It (And I Feel Fine),R.E.M.,"5,898,000"
617,This Love,Maroon 5,"5,889,000"
618,Ticket to Ride,The Beatles,"5,888,000"
619,Upside Down,Diana Ross,"5,879,000"
620,Learning to Fly,Pink Floyd,"5,878,000"
621,My Humps,Black Eyed Peas,"5,865,000"
622,Too Much Heaven,Bee Gees,"5,846,000"
623,My Name Is,Eminem,"5,827,000"
624,What I've Done,Linkin Park,"5,825,000"
625,You Make Me Feel So Young,Frank Sinatra,"5,823,000"
626,Ray Of Light,Madonna,"5,810,000"
627,Little Lies,Fleetwood Mac,"5,803,000"
628,Separate Ways (Worlds Apart),Journey,"5,800,000"
629,Get the Party Started,P!nk,"5,796,000"
630,Detalhes,Roberto Carlos,"5,795,000"
631,Let's Go Crazy,Prince and the Revolutions,"5,793,000"
632,I Am... I Said,Neil Diamond,"5,790,000"
633,Irreplaceable,Beyonce,"5,770,000"
634,By Your Side,Sade,"5,751,000"
635,Sunday Morning,Maroon 5,"5,749,000"
636,Runaway,Bon Jovi,"5,748,000"
637,Roar,Katy Perry,"5,740,000"
638,Take A Bow,Rihanna,"5,733,000"
639,Strawberry Fields Forever,The Beatles,"5,732,000"
640,Don't Stop,Fleetwood Mac,"5,725,000"
641,Send My Love (To Your New Lover),Adele,"5,724,000"
642,When I Come Around,Green Day,"5,723,000"
643,I'm Alive,Celine Dion,"5,705,000"
644,Stay With Me,Faces,"5,698,000"
645,Not Afraid,Eminem,"5,693,000"
646,With a Little Help from My Friends,The Beatles,"5,689,000"
647,Fear of the Dark,Iron Maiden,"5,682,000"
648,Creep,TLC,"5,680,000"
649,Hey You,Pink Floyd,"5,675,000"
650,Scarborough Fair / Canticle,Simon & Garfunkel,"5,671,000"
651,Stay with Me,Sam Smith,"5,670,000"
652,Rebel Rebel,David Bowie,"5,658,000"
653,Spice Up Your Life,Spice Girls,"5,657,000"
654,Clocks,Coldplay,"5,637,000"
655,Boom Boom Pow,Black Eyed Peas,"5,636,000"
656,Thunder,Imagine Dragons,"5,634,000"
657,Teach Your Children,"Crosby, Stills, Nash & Young","5,628,000"
658,Hard Knock Life (Ghetto Anthem),Jay-Z,"5,625,000"
659,Gypsy,Fleetwood Mac,"5,620,000"
660,Dark Horse,Katy Perry ft. Juicy J,"5,610,000"
661,Ready or Not,Fugees,"5,609,000"
662,I'm Not the Only One,Sam Smith,"5,607,000"
663,I'm Coming Out,Diana Ross,"5,598,000"
664,Seasons,Ayumi Hamasaki,"5,596,000"
665,Vampire,Olivia Rodrigo,"5,588,000"
666,Watermark,Enya,"5,585,000"
667,Saving All My Love for You,Whitney Houston,"5,584,000"
668,She's the One,Robbie Williams,"5,583,000"
669,Take It To The Limit,Eagles,"5,581,000"
670,Humble,Kendrick Lamar,"5,578,000"
671,Always On My Mind,Elvis Presley,"5,575,000"
672,Blowin' in the Wind,Bob Dylan,"5,540,000"
673,Dancing on the Ceiling,Lionel Richie,"5,538,000"
674,Just Like a Pill,P!nk,"5,532,000"
675,Sk8er Boi,Avril Lavigne,"5,529,000"
676,Born This Way,Lady Gaga,"5,528,000"
677,Just the Way You Are,Billy Joel,"5,528,000"
678,Take A Bow,Madonna,"5,525,000"
679,Demons,Imagine Dragons,"5,523,000"
680,Cry Me a River,Justin Timberlake,"5,522,000"
681,Don't Look Back,Boston,"5,513,000"
682,Father Figure,George Michael,"5,506,000"
683,Treasure,Bruno Mars,"5,502,000"
684,Voodoo Child (Slight Return),Jimi Hendrix Experience,"5,501,000"
685,Thank U,Alanis Morissette,"5,495,000"
686,America,Neil Diamond,"5,489,000"
687,Hand in My Pocket,Alanis Morissette,"5,481,000"
688,Valerie,Amy Winehouse,"5,480,000"
689,Save Your Tears,The Weeknd,"5,463,000"
690,Party in the U.S.A.,Miley Cyrus,"5,463,000"
691,Just a Girl,No Doubt,"5,457,000"
692,Can't Hold Us,Macklemore & Ryan Lewis ft. Ray Dalton,"5,448,000"
693,Water Song/Janie's Got a Gun,Aerosmith,"5,434,000"
694,Blue Suede Shoes,Elvis Presley,"5,433,000"
695,Ebony And Ivory,Paul McCartney & Stevie Wonder,"5,432,000"
696,That's What I Like,Bruno Mars,"5,427,000"
697,Why Can't This Be Love,Van Halen,"5,413,000"
698,Don't Worry Baby,The Beach Boys,"5,407,000"
699,Truly,Lionel Richie,"5,403,000"
700,Rockstar,Post Malone ft. 21 Savage,"5,399,000"
701,No Surprises,Radiohead,"5,397,000"
702,Silly Love Songs,Wings,"5,383,000"
703,Amanda,Boston,"5,380,000"
704,1999,Prince and the Revolutions,"5,369,000"
705,(You Make Me Feel Like) A Natural Woman,Aretha Franklin,"5,368,000"
706,American Idiot,Green Day,"5,366,000"
707,Hail Mary,Makaveli ft. Outlawz & Prince Ital Joe,"5,365,000"
708,Hungry Heart,Bruce Springsteen,"5,362,000"
709,End of the Line,Traveling Wilburys,"5,362,000"
710,Witchcraft,Frank Sinatra,"5,359,000"
711,Shallow,Bradley Cooper & Lady Gaga,"5,358,000"
712,Hymn For The Weekend,Beyonce & Coldplay,"5,357,000"
713,Hopelessly Devoted to You,Olivia Newton-John,"5,354,000"
714,Standing Outside The Fire,Garth Brooks,"5,352,000"
715,"Knowing Me, Knowing You",ABBA,"5,350,000"
716,My Love Is Your Love,Whitney Houston,"5,339,000"
717,Rock of Ages,Def Leppard,"5,336,000"
718,The Hills,The Weeknd,"5,331,000"
719,Against All Odds (Take A Look at Me Now),Phil Collins,"5,327,000"
720,Ain't No Mountain High Enough,Diana Ross & The Supremes & The Temptations,"5,316,000"
721,Wildest Dreams,Taylor Swift,"5,303,000"
722,El Condor Pasa (If I Could),Simon & Garfunkel,"5,301,000"
723,Bailamos,Enrique Iglesias,"5,299,000"
724,Believer,Imagine Dragons,"5,297,000"
725,Barbara Ann,The Beach Boys,"5,296,000"
726,"Hello, Goodbye",The Beatles,"5,275,000"
727,Down On The Corner,Creedence Clearwater Revival,"5,273,000"
728,Daughter,Pearl Jam,"5,271,000"
729,L.A. Woman,The Doors,"5,247,000"
730,Since U Been Gone,Kelly Clarkson,"5,244,000"
731,I Feel Fine,The Beatles,"5,242,000"
732,Forever Young,Rod Stewart,"5,238,000"
733,Life On Mars?,David Bowie,"5,231,000"
734,Ohio,"Crosby, Stills, Nash & Young","5,223,000"
735,Everything Counts,Depeche Mode,"5,222,000"
736,Cruel Summer,Taylor Swift,"5,209,000"
737,Who Wants to Live Forever,Queen,"5,203,000"
738,People,Barbra Streisand,"5,194,000"
739,Don't Rain on My Parade,Barbra Streisand,"5,194,000"
740,River Deep  Mountain High,Ike & Tina Turner,"5,193,000"
741,Any Way You Want It,Journey,"5,191,000"
742,Best of You,Foo Fighters,"5,188,000"
743,Rock DJ,Robbie Williams,"5,185,000"
744,Jenny from the Block,Jennifer Lopez ft. Jadakiss & Styles P,"5,183,000"
745,What Do You Mean?,Justin Bieber,"5,182,000"
746,Don't Start Now,Dua Lipa,"5,158,000"
747,Love Takes Time,Mariah Carey,"5,142,000"
748,Superstar,Carpenters,"5,140,000"
749,Dirty Diana,Michael Jackson,"5,140,000"
750,Starman,David Bowie,"5,134,000"
751,Rockstar,Nickelback,"5,131,000"
752,Lovely,Billie Eilish & Khalid,"5,123,000"
753,Take Me Home,Phil Collins,"5,123,000"
754,Super Trouper,ABBA,"5,122,000"
755,All the Man That I Need,Whitney Houston,"5,113,000"
756,You Took the Words Right Out of My Mouth (Hot Summer Night),Meat Loaf,"5,107,000"
757,I Feel It Coming,The Weeknd ft. Daft Punk,"5,097,000"
758,Marry You,Bruno Mars,"5,085,000"
759,Lookin' Out My Back Door,Creedence Clearwater Revival,"5,078,000"
760,Human Nature,Michael Jackson,"5,071,000"
761,Fragile,Sting,"5,069,000"
762,I Knew You Were Trouble,Taylor Swift,"5,064,000"
763,Style,Taylor Swift,"5,052,000"
764,Us and Them,Pink Floyd,"5,049,000"
765,Niggas in Paris,Kanye West,"5,039,000"
766,Easy on Me,Adele,"5,032,000"
767,Beautiful Noise,Neil Diamond,"5,029,000"
768,Over The Hills And Far Away,Led Zeppelin,"5,028,000"
769,New Kid In Town,Eagles,"5,022,000"
770,I Guess That's Why They Call It the Blues,Elton John,"5,018,000"
771,Shining Star,"Earth,Wind & Fire","5,016,000"
772,Daniel,Elton John,"5,000,000"
773,"Ob-La-Di, Ob-La-Da",The Beatles,"5,000,000"
774,Thrift Shop,Macklemore & Ryan Lewis ft. Wanz,"4,989,000"
775,Super,Seventeen,"4,987,000"
776,Hot N Cold,Katy Perry,"4,985,000"
777,Heartless,Kanye West,"4,983,000"
778,Niggas in Paris,Jay-Z & Kanye West,"4,967,000"
779,A Little Less Conversation,Elvis Presley,"4,944,000"
780,Hear My Train A Comin',Jimi Hendrix,"4,936,000"
781,Penny Lane,The Beatles,"4,934,000"
782,Tequila Sunrise,Eagles,"4,933,000"
783,California Girls,The Beach Boys,"4,933,000"
784,Whole Lotta Rosie,AC/DC,"4,930,000"
785,You're in My Heart (The Final Acclaim),Rod Stewart,"4,927,000"
786,All Shook Up,Elvis Presley,"4,921,000"
787,Stay,Rihanna ft. Mikky Ekko,"4,921,000"
788,The Shoop Shoop Song (It's in His Kiss),Cher,"4,919,000"
789,Wake Me Up When September Ends,Green Day,"4,917,000"
790,On the Floor,Jennifer Lopez ft. Pitbull,"4,911,000"
791,Master Blaster (Jammin'),Stevie Wonder,"4,910,000"
792,It's Now Or Never,Elvis Presley,"4,910,000"
793,Snow ((Hey Oh)),Red Hot Chili Peppers,"4,909,000"
794,Jumpin' Jack Flash,The Rolling Stones,"4,904,000"
795,Don't Stop the Music,Rihanna,"4,900,000"
796,Honesty,Billy Joel,"4,895,000"
797,I Kissed A Girl,Katy Perry,"4,890,000"
798,I Want It All,Queen,"4,882,000"
799,50 Ways to Leave Your Lover,Paul Simon,"4,882,000"
800,Nikita,Elton John,"4,875,000"
801,The Longest Time,Billy Joel,"4,867,000"
802,Homeward Bound,Simon & Garfunkel,"4,861,000"
803,Polly,Nirvana,"4,857,000"
804,Burn,Deep Purple,"4,849,000"
805,Fade To Black,Metallica,"4,840,000"
806,Watermelon Sugar,Harry Styles,"4,838,000"
807,Desire,U2,"4,836,000"
808,Helplessly Hoping,"Crosby, Stills & Nash","4,831,000"
809,Jeremy,Pearl Jam,"4,824,000"
810,Only Girl (In the World),Rihanna,"4,824,000"
811,Royals,Lorde,"4,822,000"
812,No More Tears (Enough Is Enough),Barbra Streisand & Donna Summer,"4,809,000"
813,Dear Mama,2Pac,"4,804,000"
814,Beautiful,Christina Aguilera,"4,783,000"
815,I'm A Slave 4 U,Britney Spears,"4,781,000"
816,Going To California,Led Zeppelin,"4,778,000"
817,Home,Michael Buble,"4,775,000"
818,(You Drive Me) Crazy,Britney Spears,"4,775,000"
819,The One,Elton John,"4,764,000"
820,From This Moment On,Shania Twain,"4,752,000"
821,Glory Days,Bruce Springsteen,"4,751,000"
822,Sicko Mode,Travis Scott ft. Drake,"4,750,000"
823,God's Plan,Drake,"4,738,000"
824,Bark at the Moon,Ozzy Osbourne,"4,730,000"
825,Mirrors,Justin Timberlake,"4,727,000"
826,Up Around The Bend,Creedence Clearwater Revival,"4,727,000"
827,Peaceful Easy Feeling,Eagles,"4,722,000"
828,Lay All Your Love on Me,ABBA,"4,719,000"
829,Holiday,Green Day,"4,719,000"
830,Never Going Back Again,Fleetwood Mac,"4,715,000"
831,Cama E Mesa,Roberto Carlos,"4,713,000"
832,Where Did Our Love Go,The Supremes,"4,706,000"
833,Open Your Heart,Madonna,"4,699,000"
834,Please Mr. Postman,Carpenters,"4,689,000"
835,Can't Feel My Face,The Weeknd,"4,663,000"
836,Tonight's the Night (Gonna Be Alright),Rod Stewart,"4,655,000"
837,Only the Good Die Young,Billy Joel,"4,654,000"
838,Norwegian Wood (This Bird Has Flown),The Beatles,"4,652,000"
839,One More Night,Maroon 5,"4,651,000"
840,Crazy for You,Madonna,"4,646,000"
841,Going Down/Love in an Elevator,Aerosmith,"4,643,000"
842,Little Red Corvette,Prince and the Revolutions,"4,639,000"
843,Peace of Mind,Boston,"4,638,000"
844,Levitating,Dua Lipa ft. DaBaby,"4,636,000"
845,Larger than Life,Backstreet Boys,"4,628,000"
846,Toxicity,System of a Down,"4,628,000"
847,September Morn,Neil Diamond,"4,625,000"
848,All My Love,Led Zeppelin,"4,623,000"
849,Single Ladies (Put a Ring on It),Beyonce,"4,622,000"
850,Kokomo,The Beach Boys,"4,621,000"
851,Nutbush City Limits,Ike & Tina Turner,"4,616,000"
852,Isn't She Lovely,Stevie Wonder,"4,610,000"
853,One Step Closer,Linkin Park,"4,605,000"
854,Rehab,Amy Winehouse,"4,603,000"
855,Goodbye My Lover,James Blunt,"4,600,000"
856,Who's That Girl,Madonna,"4,600,000"
857,Song Sung Blue,Neil Diamond,"4,594,000"
858,"Mama, I'm Coming Home",Ozzy Osbourne,"4,588,000"
859,Old Town Road,Lil Nas X ft. Billy Ray Cyrus,"4,587,000"
860,"What's the Frequency, Kenneth?",R.E.M.,"4,586,000"
861,Girlfriend,Avril Lavigne,"4,586,000"
862,I'm Your Baby Tonight,Whitney Houston,"4,586,000"
863,The Sweet Escape,Gwen Stefani ft. Akon,"4,585,000"
864,The Lady Is a Tramp,Frank Sinatra,"4,585,000"
865,Drivers License,Olivia Rodrigo,"4,573,000"
866,New Rules,Dua Lipa,"4,569,000"
867,You Can't Always Get What You Want,The Rolling Stones,"4,568,000"
868,Love Bites,Def Leppard,"4,568,000"
869,Papercut,Linkin Park,"4,566,000"
870,You'll Be in My Heart,Phil Collins,"4,558,000"
871,You Learn,Alanis Morissette,"4,543,000"
872,Love Her Madly,The Doors,"4,540,000"
873,The Way I Am,Eminem,"4,538,000"
874,Senorita,Camila Cabello & Shawn Mendes,"4,536,000"
875,Baby Can I Hold You,Tracy Chapman,"4,536,000"
876,Hush,Deep Purple,"4,531,000"
877,Here with Me,Dido,"4,517,000"
878,Good 4 U,Olivia Rodrigo,"4,517,000"
879,Crawling,Linkin Park,"4,515,000"
880,Dreams,The Cranberries,"4,510,000"
881,Red House,Jimi Hendrix Experience,"4,505,000"
882,I Shot the Sheriff,Bob Marley,"4,497,000"
883,California Gurls,Katy Perry ft. Snoop Dogg,"4,497,000"
884,Le penitencier,Johnny Hallyday,"4,489,000"
885,Corazon Espinado,Santana ft. Mana,"4,487,000"
886,A Sky Full Of Stars,Coldplay,"4,485,000"
887,Touch Me,The Doors,"4,480,000"
888,Circles,Post Malone,"4,477,000"
889,Beautiful Life,Ace Of Base,"4,475,000"
890,Vertigo,U2,"4,473,000"
891,The Long and Winding Road,The Beatles,"4,472,000"
892,"Get Up, Stand Up",Bob Marley,"4,471,000"
893,Treat You Better,Shawn Mendes,"4,468,000"
894,People Are People,Depeche Mode,"4,467,000"
895,7 Rings,Ariana Grande,"4,466,000"
896,Always,Bon Jovi,"4,465,000"
897,Please Please Please,Sabrina Carpenter,"4,463,000"
898,S&M,Rihanna,"4,462,000"
899,Somewhere,Barbra Streisand,"4,460,000"
900,I'll Be There,The Jackson 5,"4,459,000"
901,Stir It Up,Bob Marley,"4,455,000"
902,We Are Never Ever Getting Back Together,Taylor Swift,"4,451,000"
903,Who Knew,P!nk,"4,442,000"
904,Little Saint Nick,The Beach Boys,"4,431,000"
905,Sad But True,Metallica,"4,428,000"
906,Story of My Life,One Direction,"4,426,000"
907,Baby Jane,Rod Stewart,"4,424,000"
908,Bang Bang,Ariana Grande & Jessie J & Nicki Minaj,"4,420,000"
909,You Win Again,Bee Gees,"4,417,000"
910,U Got It Bad,Usher,"4,403,000"
911,What I Got,Sublime,"4,393,000"
912,Mr. Tambourine Man,Bob Dylan,"4,389,000"
913,Jesus He Knows Me,Genesis,"4,387,000"
914,My Boo,Alicia Keys & Usher,"4,385,000"
915,I'm Real,Jennifer Lopez,"4,383,000"
916,Can't Stop Lovin' You,Van Halen,"4,379,000"
917,Ain't Talkin' 'bout Love,Van Halen,"4,379,000"
918,Too Good at Goodbyes,Sam Smith,"4,378,000"
919,Goodbye Stranger,Supertramp,"4,375,000"
920,Sometimes,Britney Spears,"4,363,000"
921,Love of My Life,Queen,"4,361,000"
922,Fake Love,BTS,"4,352,000"
923,Are You Lonesome Tonight?,Elvis Presley,"4,352,000"
924,"Money, Money, Money",ABBA,"4,350,000"
925,Callin' Baton Rouge,Garth Brooks,"4,348,000"
926,Everything,Michael Buble,"4,347,000"
927,Ben,Michael Jackson,"4,346,000"
928,Attention,Charlie Puth,"4,342,000"
929,Dance the Night Away,Van Halen,"4,340,000"
930,Maybe I'm Amazed,Paul McCartney,"4,338,000"
931,Anywhere Is,Enya,"4,327,000"
932,The Pretender,Foo Fighters,"4,326,000"
933,"Fun, Fun, Fun",The Beach Boys,"4,326,000"
934,24K Magic,Bruno Mars,"4,311,000"
935,D'yer Mak'er,Led Zeppelin,"4,309,000"
936,Never Let Me Down Again,Depeche Mode,"4,304,000"
937,Babe I'm Gonna Leave You,Led Zeppelin,"4,303,000"
938,This I Promise You,NSYNC,"4,301,000"
939,Big Pimpin',Jay-Z ft. UGK,"4,300,000"
940,Brain Damage,Pink Floyd,"4,288,000"
941,All About That Bass,Meghan Trainor,"4,287,000"
942,Feeling Good,Michael Buble,"4,285,000"
943,Wasted Years,Iron Maiden,"4,284,000"
944,It's Raining Again,Supertramp,"4,280,000"
945,Big Girls Don't Cry,Fergie,"4,277,000"
946,Last Friday Night (T.G.I.F.),Katy Perry,"4,273,000"
947,Faint,Linkin Park,"4,267,000"
948,Work,Rihanna ft. Drake,"4,262,000"
949,Womanizer,Britney Spears,"4,254,000"
950,I Just Can't Stop Loving You,Michael Jackson & Siedah Garrett,"4,246,000"
951,Civil War,Guns N' Roses,"4,242,000"
952,"De Do Do Do, De Da Da Da",The Police,"4,241,000"
953,I Want You Back,NSYNC,"4,239,000"
954,A Kind of Magic,Queen,"4,238,000"
955,Stand by Me,John Lennon,"4,234,000"
956,We Don't Talk Anymore,Charlie Puth ft. Selena Gomez,"4,231,000"
957,Idol,BTS,"4,226,000"
958,School,Supertramp,"4,225,000"
959,"Lovin', Touchin', Squeezin'",Journey,"4,222,000"
960,"Hello, I Love You",The Doors,"4,216,000"
961,There's Nothing Holdin' Me Back,Shawn Mendes,"4,215,000"
962,Revolution,The Beatles,"4,202,000"
963,Stop,Spice Girls,"4,199,000"
964,Foxy Lady,Jimi Hendrix Experience,"4,199,000"
965,Fat Bottomed Girls,Queen,"4,183,000"
966,It's Gonna Be Me,NSYNC,"4,178,000"
967,Fuel,Metallica,"4,177,000"
968,For Your Love,The Yardbirds,"4,174,000"
969,You Could Be Mine,Guns N' Roses,"4,173,000"
970,All for You,Janet Jackson,"4,169,000"
971,Massachusetts,Bee Gees,"4,165,000"
972,Stitches,Shawn Mendes,"4,155,000"
973,Honey,Mariah Carey,"4,153,000"
974,Stand By Me,Oasis,"4,153,000"
975,Love on the Rocks,Neil Diamond,"4,148,000"
976,Higher Ground,Stevie Wonder,"4,146,000"
977,The Loco-Motion,Kylie Minogue,"4,140,000"
978,Shameless,Garth Brooks,"4,139,000"
979,If You Had My Love,Jennifer Lopez,"4,138,000"
980,Private Investigations,Dire Straits,"4,126,000"
981,Show Me the Meaning of Being Lonely,Backstreet Boys,"4,119,000"
982,Dazed And Confused,Led Zeppelin,"4,115,000"
983,Hallowed Be Thy Name,Iron Maiden,"4,108,000"
984,Urgent,Foreigner,"4,105,000"
985,I Will Follow,U2,"4,101,000"
986,We Don't Need Another Hero (Thunderdome),Tina Turner,"4,098,000"
987,Since I've Been Loving You,Led Zeppelin,"4,098,000"
988,Haven't Met You Yet,Michael Buble,"4,098,000"
989,Stronger,Britney Spears,"4,090,000"
990,Ilarie,Xuxa,"4,089,000"
991,I Hate U,SZA,"4,085,000"
992,Perfect Strangers,Deep Purple,"4,084,000"
993,2 Minutes to Midnight,Iron Maiden,"4,081,000"
994,Wheel in the Sky,Journey,"4,080,000"
995,DNA,BTS,"4,077,000"
996,Open Arms,Journey,"4,071,000"
997,Rock Your Body,Justin Timberlake,"4,063,000"
998,The End,The Doors,"4,061,000"
999,Borderline,Madonna,"4,056,000"
"1,000",All I Want Is You,U2,"4,056,000"
"1,001",Brick House,Commodores,"4,055,000"
"1,002",Ziggy Stardust,David Bowie,"4,052,000"
"1,003",Hello Again,Neil Diamond,"4,052,000"
"1,004",Give It Away,Red Hot Chili Peppers,"4,041,000"
"1,005",By the Way,Red Hot Chili Peppers,"4,036,000"
"1,006",Jive Talkin',Bee Gees,"4,032,000"
"1,007",Far Away,Nickelback,"4,026,000"
"1,008",Super Bass,Nicki Minaj,"4,025,000"
"1,009",Human Touch,Bruce Springsteen,"4,019,000"
"1,010","Girl, You'll Be a Woman Soon",Neil Diamond,"4,017,000"
"1,011",Heartache Tonight,Eagles,"4,015,000"
"1,012",The Monster,Eminem ft. Rihanna,"4,010,000"
"1,013",Money Trees,Kendrick Lamar ft. Jay Rock,"4,007,000"
"1,014",My Love,Paul McCartney & Wings,"4,003,000"
"1,015",High Hopes,Pink Floyd,"4,003,000"
"1,016","Bills, Bills, Bills",Destiny's Child,"3,992,000"
"1,017",Lucid Dreams,Juice Wrld,"3,991,000"
"1,018",21 Guns,Green Day,"3,989,000"
"1,019",Head Games,Foreigner,"3,984,000"
"1,020",Walking on the Moon,The Police,"3,971,000"
"1,021",All Apologies,Nirvana,"3,966,000"
"1,022",Don't Lose My Number,Phil Collins,"3,963,000"
"1,023",I Started a Joke,Bee Gees,"3,962,000"
"1,024",Why'd You Only Call Me When You're High?,Arctic Monkeys,"3,960,000"
"1,025",Fernando,ABBA,"3,957,000"
"1,026",4 Minutes,Madonna ft. Justin Timberlake & Timbaland,"3,956,000"
"1,027",What Goes Around... / ...Comes Around (Interlude),Justin Timberlake,"3,954,000"
"1,028",M,Ayumi Hamasaki,"3,953,000"
"1,029",Waiting for Love,Avicii,"3,947,000"
"1,030",Like Toy Soldiers,Eminem,"3,936,000"
"1,031",All Too Well,Taylor Swift,"3,935,000"
"1,032",If I Were a Boy,Beyonce,"3,932,000"
"1,033",You Make Loving Fun,Fleetwood Mac,"3,932,000"
"1,034",Live and Let Die,Paul McCartney,"3,925,000"
"1,035",One More Try,George Michael,"3,912,000"
"1,036",Lover,Taylor Swift,"3,910,000"
"1,037",Unanswered Prayers,Garth Brooks,"3,909,000"
"1,038",When The Levee Breaks,Led Zeppelin,"3,909,000"
"1,039",I Don't Care,Ed Sheeran & Justin Bieber,"3,901,000"
"1,040",DJ Got Us Fallin' In Love,Usher ft. Pitbull,"3,899,000"
"1,041",Heartbreaker,Mariah Carey ft. Jay-Z,"3,899,000"
"1,042",That Summer,Garth Brooks,"3,896,000"
"1,043",Bad Blood,Taylor Swift ft. Kendrick Lamar,"3,891,000"
"1,044",Someday,Nickelback,"3,881,000"
"1,045",Alejandro,Lady Gaga,"3,879,000"
"1,046",Together Again,Janet Jackson,"3,868,000"
"1,047","Jumpin', Jumpin'",Destiny's Child,"3,866,000"
"1,048",Learn to Fly,Foo Fighters,"3,852,000"
"1,049",All the Stars,Kendrick Lamar ft. SZA,"3,845,000"
"1,050",Rude Boy,Rihanna,"3,830,000"
"1,051",Sing for the Moment,Eminem,"3,829,000"
"1,052",Starships,Nicki Minaj,"3,828,000"
"1,053",Abacab,Genesis,"3,825,000"
"1,054",The Climb,Miley Cyrus,"3,823,000"
"1,055",Unfaithful,Rihanna,"3,821,000"
"1,056",If You Love Somebody Set Them Free,Sting,"3,813,000"
"1,057",Side To Side,Ariana Grande ft. Nicki Minaj,"3,813,000"
"1,058",Earned It (Fifty Shades of Grey),The Weeknd,"3,811,000"
"1,059",Have You Ever Really Loved a Woman?,Bryan Adams,"3,809,000"
"1,060",Michelle,The Beatles,"3,803,000"
"1,061",Head over Feet,Alanis Morissette,"3,801,000"
"1,062",I Won't Last a Day Without You,Carpenters,"3,800,000"
"1,063",Take the Long Way Home,Supertramp,"3,792,000"
"1,064",Changes,David Bowie,"3,790,000"
"1,065",You Know I'm No Good,Amy Winehouse,"3,786,000"
"1,066",Lucky,Britney Spears,"3,780,000"
"1,067",Gimme Three Steps,Lynyrd Skynyrd,"3,778,000"
"1,068",Strangelove,Depeche Mode,"3,776,000"
"1,069",Rap God,Eminem,"3,776,000"
"1,070",Pon de Replay,Rihanna,"3,775,000"
"1,071",God of Music,Seventeen,"3,773,000"
"1,072",Ambitionz Az a Ridah,2Pac,"3,768,000"
"1,073",The A Team,Ed Sheeran,"3,768,000"
"1,074",Fool In The Rain,Led Zeppelin,"3,761,000"
"1,075",Dani California,Red Hot Chili Peppers,"3,760,000"
"1,076",Amigo,Roberto Carlos,"3,760,000"
"1,077",E.T.,Katy Perry,"3,759,000"
"1,078",How Far I'll Go,Auli?i Cravalho / Alessia Cara,"3,758,000"
"1,079",Still,Commodores,"3,753,000"
"1,080",America,Simon & Garfunkel,"3,750,000"
"1,081",Ashes To Ashes,David Bowie,"3,747,000"
"1,082",Let's Get Loud,Jennifer Lopez,"3,745,000"
"1,083",Vienna,Billy Joel,"3,742,000"
"1,084",U Remind Me,Usher,"3,740,000"
"1,085",Run to You,Whitney Houston,"3,736,000"
"1,086",Handle with Care,Traveling Wilburys,"3,732,000"
"1,087",Whiskey In The Jar,Metallica,"3,730,000"
"1,088",Hotline Bling,Drake,"3,724,000"
"1,089",Pink,Aerosmith,"3,722,000"
"1,090",Jesus to a Child,George Michael,"3,717,000"
"1,091",Crossroads,Cream,"3,709,000"
"1,092",Back in the Saddle,Aerosmith,"3,708,000"
"1,093",Express Yourself,Madonna,"3,704,000"
"1,094",Anti-Hero,Taylor Swift,"3,704,000"
"1,095",La Tortura,Shakira ft. Alejandro Sanz,"3,701,000"
"1,096",Ode to My Family,The Cranberries,"3,700,000"
"1,097",Children of the Grave,Black Sabbath,"3,699,000"
"1,098",Teenage Dream,Katy Perry,"3,697,000"
"1,099",Peaches,Justin Bieber ft. Daniel Caesar & Giveon,"3,693,000"
"1,100",Love Me Two Times,The Doors,"3,692,000"
"1,101",I Would Die 4 U,Prince and the Revolutions,"3,692,000"
"1,102",Bleed It Out,Linkin Park,"3,690,000"
"1,103",Eruption,Van Halen,"3,684,000"
"1,104",The One That Got Away,Katy Perry,"3,684,000"
"1,105",Who'll Stop The Rain,Creedence Clearwater Revival,"3,683,000"
"1,106",Bad Habits,Ed Sheeran,"3,680,000"
"1,107",Maps,Maroon 5,"3,674,000"
"1,108",Meet Me Halfway,Black Eyed Peas,"3,673,000"
"1,109",Come See About Me,The Supremes,"3,671,000"
"1,110","Thank U, Next",Ariana Grande,"3,666,000"
"1,111",Boyfriend,Justin Bieber,"3,650,000"
"1,112",Try,P!nk,"3,648,000"
"1,113",The One I Love,R.E.M.,"3,645,000"
"1,114",Enchanted,Taylor Swift,"3,642,000"
"1,115",The Prayer,Andrea Bocelli & Celine Dion,"3,640,000"
"1,116",Mama,Genesis,"3,636,000"
"1,117",Independent Women Part I,Destiny's Child,"3,634,000"
"1,118",Congratulations,Post Malone ft. Quavo,"3,633,000"
"1,119",Soul Sacrifice,Santana,"3,632,000"
"1,120",The Best Of My Love,Eagles,"3,632,000"
"1,121",Let There Be Rock,AC/DC,"3,627,000"
"1,122",Helpless,"Crosby, Stills, Nash & Young","3,624,000"
"1,123",Photograph,Nickelback,"3,624,000"
"1,124",My Happy Ending,Avril Lavigne,"3,621,000"
"1,125",Call Out My Name,The Weeknd,"3,619,000"
"1,126",No Quarter,Led Zeppelin,"3,618,000"
"1,127",Disturbia,Rihanna,"3,616,000"
"1,128",Echoes,Pink Floyd,"3,615,000"
"1,129",Paparazzi,Lady Gaga,"3,614,000"
"1,130",Man on the Moon,R.E.M.,"3,611,000"
"1,131",Happy Xmas (War Is Over),Celine Dion,"3,610,000"
"1,132",Memory,Barbra Streisand,"3,609,000"
"1,133","My My, Hey Hey (Out of the Blue)",Neil Young with Crazy Horse,"3,609,000"
"1,134",Tumbling Dice,The Rolling Stones,"3,608,000"
"1,135",Blame It on the Boogie,The Jacksons,"3,606,000"
"1,136",So Far Away,Dire Straits,"3,600,000"
"1,137",I'm with You,Avril Lavigne,"3,597,000"
"1,138",Thank You for the Music,ABBA,"3,582,000"
"1,139",Beauty And A Beat,Justin Bieber ft. Nicki Minaj,"3,581,000"
"1,140","Don't Think Twice, It's All Right",Bob Dylan,"3,569,000"
"1,141",Cleanin' Out My Closet,Eminem,"3,565,000"
"1,142",You May Be Right,Billy Joel,"3,561,000"
"1,143",The Game of Love,Santana ft. Michelle Branch,"3,548,000"
"1,144",N.I.B.,Black Sabbath,"3,547,000"
"1,145",Whose Bed Have Your Boots Been Under?,Shania Twain,"3,547,000"
"1,146",Speak to Me,Pink Floyd,"3,547,000"
"1,147",Think,Aretha Franklin,"3,543,000"
"1,148",Easy Lover,Phil Collins & Philip Bailey,"3,542,000"
"1,149",Dogs,Pink Floyd,"3,537,000"
"1,150",I Knew You Were Waiting (For Me),Aretha Franklin & George Michael,"3,537,000"
"1,151",Return to Sender,Elvis Presley,"3,531,000"
"1,152",A New Day Has Come,Celine Dion,"3,528,000"
"1,153",The Time (Dirty Bit),Black Eyed Peas,"3,527,000"
"1,154",Problem,Ariana Grande ft. Iggy Azalea,"3,523,000"
"1,155",Nightshift,Commodores,"3,519,000"
"1,156",Shiny Happy People,R.E.M.,"3,515,000"
"1,157",Chasing Pavements,Adele,"3,514,000"
"1,158",One Last Time,Ariana Grande,"3,513,000"
"1,159",Sign of the Times,Harry Styles,"3,512,000"
"1,160",Sail On,Commodores,"3,510,000"
"1,161",I Know What You Want,Busta Rhymes & Mariah Carey ft. The Flipmode Squad,"3,507,000"
"1,162",Swimming Pools (Drank),Kendrick Lamar,"3,506,000"
"1,163",Highest in the Room,Travis Scott ft. Lil Baby & Rosalía,"3,503,000"
"1,164",Don't Let Me Down,The Beatles,"3,500,000"
"1,165",Ooh La La,Faces,"3,497,000"
"1,166",Seek & Destroy,Metallica,"3,490,000"
"1,167",Blood Sweat & Tears,BTS,"3,489,000"
"1,168",I Drove All Night,Celine Dion,"3,486,000"
"1,169",MIC Drop,BTS,"3,484,000"
"1,170",Can You Feel It,The Jacksons,"3,472,000"
"1,171",Cherish the Day,Sade,"3,472,000"
"1,172",Voulez-Vous,ABBA,"3,469,000"
"1,173","Gypsys, Tramps & Thieves",Cher,"3,462,000"
"1,174",Champagne Supernova,Oasis,"3,459,000"
"1,175",Castle on the Hill,Ed Sheeran,"3,454,000"
"1,176",Steal My Girl,One Direction,"3,452,000"
"1,177",Bootylicious,Destiny's Child,"3,447,000"
"1,178",Where The Streets Have No Name,U2,"3,446,000"
"1,179",Papa Loved Mama,Garth Brooks,"3,444,000"
"1,180",What Doesn't Kill You (Stronger),Kelly Clarkson,"3,442,000"
"1,181",Eenie Meenie,Justin Bieber & Sean Kingston,"3,442,000"
"1,182",Run to You,Bryan Adams,"3,439,000"
"1,183","Help Me, Rhonda",The Beach Boys,"3,438,000"
"1,184",505,Arctic Monkeys,"3,436,000"
"1,185",You're My Best Friend,Queen,"3,433,000"
"1,186",Cardigan,Taylor Swift,"3,425,000"
"1,187",I Wish It Would Rain Down,Phil Collins,"3,424,000"
"1,188",Tougher Than the Rest,Bruce Springsteen,"3,419,000"
"1,189",Dreamlover,Mariah Carey,"3,419,000"
"1,190",Much Too Young (To Feel This Damn Old),Garth Brooks,"3,418,000"
"1,191",Double Vision,Foreigner,"3,415,000"
"1,192",Reasons,"Earth,Wind & Fire","3,409,000"
"1,193",Touch Me in the Morning,Diana Ross,"3,405,000"
"1,194",As Long As You Love Me,Justin Bieber ft. Big Sean,"3,403,000"
"1,195",Born On The Bayou,Creedence Clearwater Revival,"3,400,000"
"1,196",We Can Work It Out,The Beatles,"3,399,000"
"1,197",Two Pina Coladas,Garth Brooks,"3,397,000"
"1,198",Can You Feel the Love Tonight,Elton John,"3,388,000"
"1,199",All I Have to Give,Backstreet Boys,"3,387,000"
"1,200",Bailando,Enrique Iglesias ft. Descemer Bueno & Gente de Zona,"3,386,000"
"1,201",It Was a Very Good Year,Frank Sinatra,"3,386,000"
"1,202",Nasty,Janet Jackson,"3,379,000"
"1,203",My Father's Eyes,Eric Clapton,"3,371,000"
"1,204",Escapade,Janet Jackson,"3,371,000"
"1,205",You Really Got Me,Van Halen,"3,370,000"
"1,206",Satisfy My Soul (aka Don't Rock My Boat),Bob Marley,"3,370,000"
"1,207",Wherever I May Roam,Metallica,"3,368,000"
"1,208",Flash's Theme,Queen,"3,364,000"
"1,209",Angel,Aerosmith,"3,359,000"
"1,210",Love Don't Cost a Thing,Jennifer Lopez,"3,355,000"
"1,211",Philadelphia Freedom,Elton John,"3,354,000"
"1,212",To Make You Feel My Love,Garth Brooks,"3,352,000"
"1,213",Boadicea,Enya,"3,351,000"
"1,214",Burn,Usher,"3,347,000"
"1,215",Better Now,Post Malone,"3,345,000"
"1,216",Hammer to Fall,Queen,"3,339,000"
"1,217",Theme from Mahogany (Do You Know Where You're Going To),Diana Ross,"3,338,000"
"1,218",Talkin' 'bout a Revolution,Tracy Chapman,"3,338,000"
"1,219",I Don't Want to Miss a Thing,Aerosmith,"3,335,000"
"1,220",Karma Police,Radiohead,"3,333,000"
"1,221",Sun Is Shining,Bob Marley,"3,333,000"
"1,222",Wow,Post Malone,"3,331,000"
"1,223",In Bloom,Nirvana,"3,330,000"
"1,224",Animals,Maroon 5,"3,330,000"
"1,225",Lucky Star,Madonna,"3,326,000"
"1,226",You Wear It Well,Rod Stewart,"3,319,000"
"1,227",I Have a Dream,ABBA,"3,319,000"
"1,228",For All We Know,Carpenters,"3,317,000"
"1,229",Pigs (Three Different Ones),Pink Floyd,"3,316,000"
"1,230",Before You Go,Lewis Capaldi,"3,311,000"
"1,231",Miss You,The Rolling Stones,"3,306,000"
"1,232",On,BTS,"3,304,000"
"1,233",Live Forever,Oasis,"3,304,000"
"1,234",Where She Goes,Bad Bunny,"3,302,000"
"1,235",Boys & Girls,Ayumi Hamasaki,"3,302,000"
"1,236",The Girl Is Mine,Michael Jackson & Paul McCartney,"3,300,000"
"1,237",Atlantic City,Bruce Springsteen,"3,300,000"
"1,238",The Call,Backstreet Boys,"3,299,000"
"1,239",Heart Full of Soul,The Yardbirds,"3,298,000"
"1,240",For Once in My Life,Stevie Wonder,"3,297,000"
"1,241",Fastlove,George Michael,"3,291,000"
"1,242",When I'm Sixty-Four,The Beatles,"3,289,000"
"1,243",Emotional Rescue,The Rolling Stones,"3,287,000"
"1,244",Sloop John B,The Beach Boys,"3,287,000"
"1,245",Love Hangover,Diana Ross,"3,286,000"
"1,246",How Can You Mend a Broken Heart,Bee Gees,"3,286,000"
"1,247",Southern Cross,"Crosby, Stills & Nash","3,280,000"
"1,248",Brain Stew,Green Day,"3,276,000"
"1,249",Across the Universe,The Beatles,"3,273,000"
"1,250",Kiss of Life,Sade,"3,271,000"
"1,251",Ocean Eyes,Billie Eilish,"3,270,000"
"1,252",I Can See For Miles,The Who,"3,269,000"
"1,253",Where Are U Now,Justin Bieber,"3,268,000"
"1,254",Tangled Up in Blue,Bob Dylan,"3,267,000"
"1,255",Greased Lightnin',John Travolta,"3,263,000"
"1,256",Born to Be My Baby,Bon Jovi,"3,261,000"
"1,257",Rock 'n' Roll Train,AC/DC,"3,259,000"
"1,258",Mysterious Ways,U2,"3,255,000"
"1,259",I Should Be So Lucky,Kylie Minogue,"3,252,000"
"1,260",Girls Like You,Maroon 5 ft. Cardi B,"3,244,000"
"1,261",When It's Love,Van Halen,"3,243,000"
"1,262",Till There Was You,The Beatles,"3,236,000"
"1,263",Happier Than Ever,Billie Eilish,"3,235,000"
"1,264",Look What You Made Me Do,Taylor Swift,"3,234,000"
"1,265",Strong Enough,Cher,"3,231,000"
"1,266",Sweetest Thing,U2,"3,231,000"
"1,267",I'll Be There,Mariah Carey ft. Trey Lorenz,"3,228,000"
"1,268",Surfin' Safari,The Beach Boys,"3,226,000"
"1,269",You Are the Sunshine of My Life,Stevie Wonder,"3,222,000"
"1,270",Will You Be There,Michael Jackson,"3,222,000"
"1,271",The Name of the Game,ABBA,"3,221,000"
"1,272",Drive My Car,The Beatles,"3,219,000"
"1,273",I'm Gonna Getcha Good!,Shania Twain,"3,217,000"
"1,274",Amazing,Aerosmith,"3,217,000"
"1,275",Into You,Ariana Grande,"3,209,000"
"1,276",I Wish,Stevie Wonder,"3,209,000"
"1,277",Badfish,Sublime,"3,209,000"
"1,278",Brilliant Disguise,Bruce Springsteen,"3,208,000"
"1,279",Kiss Me More,Doja Cat ft. SZA,"3,204,000"
"1,280",Somethin' Stupid,Nicole Kidman & Robbie Williams,"3,202,000"
"1,281",I Like It,Bad Bunny & Cardi B & J Balvin,"3,201,000"
"1,282",Midnight Sky,Miley Cyrus,"3,196,000"
"1,283",99 Problems,Jay-Z,"3,194,000"
"1,284",Power,Kanye West,"3,191,000"
"1,285",B.Y.O.B.,System of a Down,"3,189,000"
"1,286",I'm Your Angel,Celine Dion & R Kelly,"3,189,000"
"1,287",Lights,Journey,"3,189,000"
"1,288",That Smell,Lynyrd Skynyrd,"3,188,000"
"1,289",On the Run,Pink Floyd,"3,188,000"
"1,290",Our Song,Taylor Swift,"3,188,000"
"1,291",One Kiss,Calvin Harris & Dua Lipa,"3,186,000"
"1,292",Say You'll Be There,Spice Girls,"3,186,000"
"1,293",Ruby Tuesday,The Rolling Stones,"3,184,000"
"1,294",Too Much Love Will Kill You,Queen,"3,182,000"
"1,295",Honey Honey,ABBA,"3,180,000"
"1,296",Heartbreaker,Led Zeppelin,"3,178,000"
"1,297",How Great Thou Art,Elvis Presley,"3,176,000"
"1,298",Modern Love,David Bowie,"3,175,000"
"1,299",I Wanna Be Your Lover,Prince,"3,174,000"
"1,300",Breaking The Habit,Linkin Park,"3,174,000"
"1,301",Back in the U.S.S.R.,The Beatles,"3,166,000"
"1,302",Russians,Sting,"3,164,000"
"1,303",One of These Days,Pink Floyd,"3,160,000"
"1,304",Tusk,Fleetwood Mac,"3,159,000"
"1,305",Rape Me,Nirvana,"3,158,000"
"1,306",Turn Me On,Norah Jones,"3,158,000"
"1,307",Keep Ya Head Up,2Pac ft. Dave Hollister,"3,157,000"
"1,308",Paradise,Sade,"3,157,000"
"1,309",Black Night,Deep Purple,"3,153,000"
"1,310",My Love,Justin Timberlake ft. T.I.,"3,150,000"
"1,311",Adventure Of A Lifetime,Coldplay,"3,150,000"
"1,312",When the Party's Over,Billie Eilish,"3,149,000"
"1,313",Spring Day,BTS,"3,145,000"
"1,314",Turn It On Again,Genesis,"3,143,000"
"1,315",Video Games,Lana Del Rey,"3,137,000"
"1,316",She's A Rainbow,The Rolling Stones,"3,135,000"
"1,317",I Want You,Bob Dylan,"3,135,000"
"1,318",We Can't Stop,Miley Cyrus,"3,133,000"
"1,319",She's Not There,Santana,"3,132,000"
"1,320",Listen,Beyonce,"3,132,000"
"1,321",Mele Kalikimaka,Bing Crosby,"3,131,000"
"1,322",After the Love Has Gone,"Earth,Wind & Fire","3,127,000"
"1,323",How You Like That,Blackpink,"3,125,000"
"1,324",The River,Garth Brooks,"3,125,000"
"1,325",You Are,Lionel Richie,"3,122,000"
"1,326",The Song Remains The Same,Led Zeppelin,"3,121,000"
"1,327",Woman from Tokyo,Deep Purple,"3,119,000"
"1,328",Needed Me,Rihanna,"3,118,000"
"1,329",2 Become 1,Spice Girls,"3,117,000"
"1,330",One of Us,ABBA,"3,116,000"
"1,331",(Let Me Be Your) Teddy Bear,Elvis Presley,"3,112,000"
"1,332","Cherry, Cherry",Neil Diamond,"3,112,000"
"1,333",Love Never Felt So Good,Justin Timberlake & Michael Jackson,"3,107,000"
"1,334",Here Comes Santa Claus (Right Down Santa Claus Lane),Elvis Presley,"3,106,000"
"1,335",Jealous Guy,John Lennon,"3,101,000"
"1,336",Wrecking Ball,Miley Cyrus,"3,100,000"
"1,337",Foreplay/Long Time,Boston,"3,099,000"
"1,338",Viva Forever,Spice Girls,"3,099,000"
"1,339",One Thing,One Direction,"3,095,000"
"1,340",Animal,Def Leppard,"3,093,000"
"1,341",Shot in the Dark,Ozzy Osbourne,"3,091,000"
"1,342",Your Latest Trick,Dire Straits,"3,089,000"
"1,343",Nice & Slow,Usher,"3,088,000"
"1,344",Uptight (Everything's Alright),Stevie Wonder,"3,086,000"
"1,345",Deja Vu,Olivia Rodrigo,"3,081,000"
"1,346",Until It Sleeps,Metallica,"3,080,000"
"1,347",Jingo,Santana,"3,075,000"
"1,348",03 Bonnie & Clyde,Jay-Z ft. Beyonce,"3,071,000"
"1,349",What a Girl Wants,Christina Aguilera,"3,071,000"
"1,350",Adore You,Harry Styles,"3,070,000"
"1,351",Best Song Ever,One Direction,"3,069,000"
"1,352",Que Je T'Aime,Johnny Hallyday,"3,064,000"
"1,353",Badlands,Bruce Springsteen,"3,062,000"
"1,354",Erotica,Madonna,"3,060,000"
"1,355",The Wind Cries Mary,Jimi Hendrix Experience,"3,060,000"
"1,356",Drag Me Down,One Direction,"3,059,000"
"1,357",This Ain't a Love Song,Bon Jovi,"3,052,000"
"1,358",Aces High,Iron Maiden,"3,051,000"
"1,359",Lady Madonna,The Beatles,"3,045,000"
"1,360",Turning Tables,Adele,"3,041,000"
"1,361",Relight My Fire,Take That ft. Lulu,"3,037,000"
"1,362",Already Gone,Eagles,"3,035,000"
"1,363","It's Not Right, But It's Okay",Whitney Houston,"3,035,000"
"1,364",Mistletoe,Justin Bieber,"3,030,000"
"1,365",R U Mine?,Arctic Monkeys,"3,029,000"
"1,366",Longfellow Serenade,Neil Diamond,"3,025,000"
"1,367",Baby Boy,Beyonce ft. Sean Paul,"3,024,000"
"1,368",All Along the Watchtower,Bob Dylan,"3,021,000"
"1,369",Dreamer,Supertramp,"3,018,000"
"1,370",Montero (Call Me by Your Name),Lil Nas X,"3,017,000"
"1,371",Movin' Out (Anthony's Song),Billy Joel,"3,014,000"
"1,372",Let's Get It Started,Black Eyed Peas,"3,013,000"
"1,373",I'm Every Woman,Whitney Houston,"3,012,000"
"1,374",Solitary Man,Neil Diamond,"3,012,000"
"1,375",Telegraph Road,Dire Straits,"3,008,000"
"1,376",Witchy Woman,Eagles,"3,006,000"
"1,377",You Keep Me Hangin' On,The Supremes,"3,005,000"
"1,378",Don't Tell Me,Madonna,"3,004,000"
"1,379",Saturday Night's Alright for Fighting,Elton John,"3,003,000"
"1,380",Traitor,Olivia Rodrigo,"3,000,000"
"1,381",Sheep,Pink Floyd,"3,000,000"
"1,382",Any Colour You Like,Pink Floyd,"2,995,000"
"1,383",Do for Love,2Pac ft. Eric Williams,"2,990,000"
"1,384",Battery,Metallica,"2,988,000"
"1,385",Sara,Fleetwood Mac,"2,988,000"
"1,386",Galway Girl,Ed Sheeran,"2,987,000"
"1,387",Club Tropicana,Wham!,"2,987,000"
"1,388",When You're Gone,The Cranberries,"2,987,000"
"1,389",Going Under,Evanescence,"2,985,000"
"1,390",Got 'til It's Gone,Janet Jackson ft. Joni Mitchell & Q-Tip,"2,980,000"
"1,391",Where Does My Heart Beat Now,Celine Dion,"2,977,000"
"1,392",Run This Town,Jay-Z ft. Kanye West & Rihanna,"2,977,000"
"1,393",Holly Holy,Neil Diamond,"2,974,000"
"1,394",New York State of Mind,Billy Joel,"2,973,000"
"1,395",Water Under The Bridge,Adele,"2,970,000"
"1,396",The Power of Good-Bye,Madonna,"2,968,000"
"1,397",Soldier,Destiny's Child ft. Lil Wayne & T.I.,"2,967,000"
"1,398",She Wolf,Shakira,"2,967,000"
"1,399",Rhythm Nation,Janet Jackson,"2,966,000"
"1,400",When Love Comes To Town,U2,"2,964,000"
"1,401",Tunnel of Love,Dire Straits,"2,961,000"
"1,402",Hey Brother,Avicii,"2,961,000"
"1,403",Mind Games,John Lennon,"2,959,000"
"1,404",Where Have You Been,Rihanna,"2,959,000"
"1,405",Hot Legs,Rod Stewart,"2,958,000"
"1,406",August,Taylor Swift,"2,957,000"
"1,407",Ain't It Funny,Jennifer Lopez,"2,955,000"
"1,408",Suzie Q,Creedence Clearwater Revival,"2,952,000"
"1,409",Flashing Lights,Kanye West,"2,949,000"
"1,410","Hold On, We're Going Home",Drake ft. Majid Jordan,"2,947,000"
"1,411",The Edge Of Glory,Lady Gaga,"2,947,000"
"1,412",Fighter,Christina Aguilera,"2,945,000"
"1,413",I Don't Wanna Live Forever,Zayn & Taylor Swift,"2,944,000"
"1,414",Angel Of Harlem,U2,"2,938,000"
"1,415",Love,Kendrick Lamar ft. Zacari,"2,937,000"
"1,416",Fergalicious,Fergie ft. Will.i.am,"2,936,000"
"1,417",Straight from the Heart,Bryan Adams,"2,933,000"
"1,418",(There'll Be) Peace In The Valley (For Me),Elvis Presley,"2,927,000"
"1,419",Ex-Factor,Lauryn Hill,"2,925,000"
"1,420",Passionfruit,Drake,"2,925,000"
"1,421",Live and Let Die,Guns N' Roses,"2,925,000"
"1,422",The Long Run,Eagles,"2,925,000"
"1,423",What About Us,P!nk,"2,924,000"
"1,424",Forever,Kanye West,"2,923,000"
"1,425",We Shall Be Free,Garth Brooks,"2,921,000"
"1,426",High and Dry,Radiohead,"2,916,000"
"1,427",Mercy,Shawn Mendes,"2,913,000"
"1,428",One Time,Justin Bieber,"2,913,000"
"1,429",Somewhere I Belong,Linkin Park,"2,910,000"
"1,430",Un Gatto Nel Blu,Roberto Carlos,"2,909,000"
"1,431",Antología,Shakira,"2,907,000"
"1,432",Deck the Halls,Mannheim Steamroller,"2,906,000"
"1,433",Like I'm Gonna Lose You,Meghan Trainor ft. John Legend,"2,906,000"
"1,434",Please Forgive Me,Bryan Adams,"2,904,000"
"1,435",Eclipse,Pink Floyd,"2,904,000"
"1,436",When You're Gone,Avril Lavigne,"2,903,000"
"1,437",I Get a Kick Out of You,Frank Sinatra,"2,898,000"
"1,438",Love on the Brain,Rihanna,"2,894,000"
"1,439",Glamorous,Fergie ft. Ludacris,"2,893,000"
"1,440",Say So,Doja Cat,"2,893,000"
"1,441",IDGAF,Dua Lipa,"2,892,000"
"1,442",Surfer Girl,The Beach Boys,"2,892,000"
"1,443",Watching the Wheels,John Lennon,"2,890,000"
"1,444",Hang On to Your Love,Sade,"2,889,000"
"1,445",Harlem Shuffle,The Rolling Stones,"2,889,000"
"1,446",Rockin' in the Free World,Neil Young,"2,885,000"
"1,447",Private Dancer,Tina Turner,"2,885,000"
"1,448",OMG,Usher ft. Will.i.am,"2,883,000"
"1,449",Longneck Bottle,Garth Brooks,"2,883,000"
"1,450",Nothing Can Come Between Us,Sade,"2,882,000"
"1,451",Shivers,Ed Sheeran,"2,879,000"
"1,452",Little Things,One Direction,"2,877,000"
"1,453",Industry Baby,Jack Harlow & Lil Nas X,"2,877,000"
"1,454",Happier,Ed Sheeran,"2,873,000"
"1,455",Is It a Crime?,Sade,"2,872,000"
"1,456",Diamonds and Pearls,Prince and the New Power Generation,"2,867,000"
"1,457",Can't Stop Loving You,Phil Collins,"2,866,000"
"1,458",Lady Laura,Roberto Carlos,"2,863,000"
"1,459",Day Tripper,The Beatles,"2,861,000"
"1,460",Dákiti,Bad Bunny & Jhay Cortez,"2,860,000"
"1,461",All Falls Down,Kanye West,"2,860,000"
"1,462",Just Can't Get Enough,Black Eyed Peas,"2,855,000"
"1,463",With A Little Luck,Wings,"2,853,000"
"1,464",L'envie,Johnny Hallyday,"2,845,000"
"1,465",I'll Never Smile Again,Frank Sinatra,"2,844,000"
"1,466",Dumb,Nirvana,"2,842,000"
"1,467",I'll Never Break Your Heart,Backstreet Boys,"2,835,000"
"1,468",Tripping,Robbie Williams,"2,832,000"
"1,469",Waiting in Vain,Bob Marley,"2,831,000"
"1,470",Streets of Philadelphia,Bruce Springsteen,"2,825,000"
"1,471",I'll Follow the Sun,The Beatles,"2,821,000"
"1,472",Let Me Entertain You,Robbie Williams,"2,820,000"
"1,473",Cream,Prince and the New Power Generation,"2,820,000"
"1,474",The Obvious Child,Paul Simon,"2,817,000"
"1,475",Two Steps Behind,Def Leppard,"2,813,000"
"1,476",Squeeze Box,The Who,"2,812,000"
"1,477",Firth of Fifth,Genesis,"2,811,000"
"1,478",All I Ask,Adele,"2,804,000"
"1,479",Someday,Mariah Carey,"2,804,000"
"1,480",Dead Ringer for Love,Meat Loaf ft. Cher,"2,802,000"
"1,481",Night Changes,One Direction,"2,802,000"
"1,482",Don't Let Me Get Me,P!nk,"2,801,000"
"1,483","Any Time, Any Place",Janet Jackson,"2,794,000"
"1,484",Don't Cry For Me Argentina,Madonna,"2,793,000"
"1,485",Lose My Breath,Destiny's Child,"2,786,000"
"1,486",Tears Dry On Their Own,Amy Winehouse,"2,785,000"
"1,487",The Needle and the Damage Done,Neil Young,"2,784,000"
"1,488",Just Lose It,Eminem,"2,781,000"
"1,489",Words,Bee Gees,"2,781,000"
"1,490",Me Porto Bonito,Bad Bunny & Chencho Corleone,"2,780,000"
"1,491",Fu-Gee-La,Fugees,"2,777,000"
"1,492",Since I Don't Have You,Guns N' Roses,"2,776,000"
"1,493",Merry Christmas Darling,Carpenters,"2,776,000"
"1,494",Circus,Britney Spears,"2,774,000"
"1,495",Ain't She Sweet,The Beatles,"2,773,000"
"1,496",Psycho,Post Malone ft. Ty Dolla Sign,"2,772,000"
"1,497",You're The Devil In Disguise,Elvis Presley,"2,772,000"
"1,498",Superman,Eminem fr. Dina Rae,"2,769,000"
"1,499",Heaven and Hell,Black Sabbath,"2,769,000"
"1,500",Parabens da Xuxa,Xuxa,"2,767,000"
"1,501",DARE,Gorillaz ft. Rosie Wilson & Shaun Ryder,"2,766,000"
"1,502",The Musical Box,Genesis,"2,764,000"
"1,503",Secret,Madonna,"2,761,000"
"1,504",Hey Bulldog,The Beatles,"2,759,000"
"1,505",It's Only Rock 'N Roll (But I Like It),The Rolling Stones,"2,758,000"
"1,506",Nowhere Man,The Beatles,"2,757,000"
"1,507",State of Shock,The Jacksons,"2,756,000"
"1,508",Dirrty,Christina Aguilera ft. Redman,"2,753,000"
"1,509",Sad Songs (Say So Much),Elton John,"2,751,000"
"1,510",Break Free,Ariana Grande ft. Zedd,"2,751,000"
"1,511",Green Light,Lorde,"2,746,000"
"1,512",Jet,Paul McCartney & Wings,"2,746,000"
"1,513",Scream,Janet Jackson & Michael Jackson,"2,742,000"
"1,514",Moon Over Bourbon Street,Sting,"2,741,000"
"1,515",Forever and for Always,Shania Twain,"2,740,000"
"1,516",Lonely Day,System of a Down,"2,736,000"
"1,517",I Fall Apart,Post Malone,"2,735,000"
"1,518",Golden Years,David Bowie,"2,734,000"
"1,519",Crying in the Chapel,Elvis Presley,"2,733,000"
"1,520",Under My Thumb,The Rolling Stones,"2,733,000"
"1,521",Something About the Way You Look Tonight,Elton John,"2,733,000"
"1,522",Higher Ground,Red Hot Chili Peppers,"2,731,000"
"1,523",I Was Born to Love You,Queen,"2,719,000"
"1,524",Paperback Writer,The Beatles,"2,719,000"
"1,525",Allentown,Billy Joel,"2,716,000"
"1,526",When I Think of You,Janet Jackson,"2,716,000"
"1,527",Drunk in Love,Beyonce ft. Jay-Z,"2,713,000"
"1,528",All My Life,Foo Fighters,"2,713,000"
"1,529",Carry On,"Crosby, Stills, Nash & Young","2,712,000"
"1,530",Underneath Your Clothes,Shakira,"2,712,000"
"1,531",La Canción,Bad Bunny & J Balvin,"2,712,000"
"1,532",Lady Writer,Dire Straits,"2,711,000"
"1,533",Fame,David Bowie,"2,711,000"
"1,534",The Unforgiven II,Metallica,"2,708,000"
"1,535",Feels Like the First Time,Foreigner,"2,707,000"
"1,536",In My Feelings,Drake,"2,700,000"
"1,537",Someone Saved My Life Tonight,Elton John,"2,700,000"
"1,538",Let Down,Radiohead,"2,699,000"
"1,539",China Girl,David Bowie,"2,695,000"
"1,540",Magic,Coldplay,"2,690,000"
"1,541",All Eyez on Me,2Pac ft. Big Syke,"2,689,000"
"1,542",Right Now,Van Halen,"2,686,000"
"1,543",No Tears Left to Cry,Ariana Grande,"2,684,000"
"1,544",Moonage Daydream,David Bowie,"2,682,000"
"1,545",Elderly Woman Behind the Counter in a Small Town,Pearl Jam,"2,681,000"
"1,546",Wide Awake,Katy Perry,"2,678,000"
"1,547",I Finally Found Someone,Barbra Streisand & Bryan Adams,"2,678,000"
"1,548",Book of Days,Enya,"2,678,000"
"1,549",Hot,Seventeen,"2,675,000"
"1,550",Hard as a Rock,AC/DC,"2,673,000"
"1,551",We've Got It Goin' On,Backstreet Boys,"2,672,000"
"1,552",Unholy,Kim Petras & Sam Smith,"2,672,000"
"1,553",Don't Blame Me,Taylor Swift,"2,672,000"
"1,554",I See Fire,Ed Sheeran,"2,671,000"
"1,555",Love You Like A Love Song,Selena Gomez & the Scene,"2,669,000"
"1,556",Let's Get Rocked,Def Leppard,"2,667,000"
"1,557",Girl On Fire,Alicia Keys,"2,665,000"
"1,558",Live While We're Young,One Direction,"2,656,000"
"1,559",Crossroads,Tracy Chapman,"2,655,000"
"1,560",Part Of Me,Katy Perry,"2,655,000"
"1,561",Let It Rain,Eric Clapton,"2,653,000"
"1,562",Rag Doll,Aerosmith,"2,651,000"
"1,563",What It Takes,Aerosmith,"2,651,000"
"1,564",Pigs on the Wing 1,Pink Floyd,"2,650,000"
"1,565",Hate That I Love You,Rihanna ft. Ne-Yo,"2,649,000"
"1,566",It's Beginning to Look a Lot Like Christmas,Michael Buble,"2,649,000"
"1,567",Trouble,Coldplay,"2,643,000"
"1,568",All for Love,Bryan Adams & Rod Stewart & Sting,"2,642,000"
"1,569",Lay Your Hands on Me,Bon Jovi,"2,641,000"
"1,570",Rockin' Robin,Michael Jackson,"2,640,000"
"1,571",Best I Ever Had,Drake,"2,638,000"
"1,572",Something Happened on the Way to Heaven,Phil Collins,"2,638,000"
"1,573",Nobody Told Me,John Lennon,"2,637,000"
"1,574",Breakaway,Kelly Clarkson,"2,636,000"
"1,575",Somebody To Love,Justin Bieber ft. Usher,"2,633,000"
"1,576",Hot for Teacher,Van Halen,"2,632,000"
"1,577",Let's Spend The Night Together,The Rolling Stones,"2,632,000"
"1,578",The Rain Song,Led Zeppelin,"2,632,000"
"1,579",Die for You,The Weeknd,"2,632,000"
"1,580",Dangerous Woman,Ariana Grande,"2,632,000"
"1,581",Good Time,Carly Rae Jepsen & Owl City,"2,629,000"
"1,582",Miss You Much,Janet Jackson,"2,628,000"
"1,583",The Memory Remains,Metallica ft. Marianne Faithfull,"2,626,000"
"1,584",I Get Around,2Pac ft. Digital Underground,"2,626,000"
"1,585",The Man Who Sold The World,Nirvana,"2,625,000"
"1,586",Won't Go Home Without You,Maroon 5,"2,624,000"
"1,587",Finesse,Bruno Mars ft. Cardi B,"2,624,000"
"1,588",Typical Male,Tina Turner,"2,621,000"
"1,589",Delicate,Taylor Swift,"2,621,000"
"1,590",Lay Me Down,Sam Smith,"2,621,000"
"1,591",She's Out of My Life,Michael Jackson,"2,619,000"
"1,592",Walking in My Shoes,Depeche Mode,"2,618,000"
"1,593",The Best of Both Worlds,Miley Cyrus,"2,618,000"
"1,594",Talking to the Moon,Bruno Mars,"2,617,000"
"1,595",22,Taylor Swift,"2,612,000"
"1,596",It's No Good,Depeche Mode,"2,611,000"
"1,597",No More Tears,Ozzy Osbourne,"2,610,000"
"1,598",Shake the Disease,Depeche Mode,"2,608,000"
"1,599",New York State of Mind,Barbra Streisand,"2,607,000"
"1,600",Waiting for Tonight,Jennifer Lopez,"2,606,000"
"1,601",Aerials,System of a Down,"2,605,000"
"1,602",Tindolele,Xuxa,"2,601,000"
"1,603",Hold on My Heart,Genesis,"2,601,000"
"1,604",I Am a Rock,Simon & Garfunkel,"2,600,000"
"1,605",Back to December,Taylor Swift,"2,599,000"
"1,606",On Top of the World,Imagine Dragons,"2,599,000"
"1,607",Big Shot,Billy Joel,"2,598,000"
"1,608",Rain,Madonna,"2,595,000"
"1,609",The Ocean,Led Zeppelin,"2,592,000"
"1,610",I Wanna Be Yours,Arctic Monkeys,"2,587,000"
"1,611",Positions,Ariana Grande,"2,583,000"
"1,612",Badge,Cream,"2,583,000"
"1,613",Life Goes On,BTS,"2,582,000"
"1,614",Butterfly Effect,Travis Scott,"2,581,000"
"1,615",Rock with You,Seventeen,"2,581,000"
"1,616",Inevitable,Shakira,"2,579,000"
"1,617",Albatross,Fleetwood Mac,"2,577,000"
"1,618",Love Is Stronger Than Pride,Sade,"2,576,000"
"1,619",Dirty White Boy,Foreigner,"2,576,000"
"1,620",Happy Birthday,Stevie Wonder,"2,573,000"
"1,621",Passion,Rod Stewart,"2,573,000"
"1,622",Hope Of Deliverance,Paul McCartney,"2,570,000"
"1,623",The Wonder Of You,Elvis Presley,"2,570,000"
"1,624",Soldier of Fortune,Deep Purple,"2,568,000"
"1,625",U + Ur Hand,P!nk,"2,565,000"
"1,626",Scared to Be Lonely,Dua Lipa & Martin Garrix,"2,561,000"
"1,627",The Weekend,SZA,"2,561,000"
"1,628",Green River,Creedence Clearwater Revival,"2,558,000"
"1,629",Better Man,Robbie Williams,"2,556,000"
"1,630",Do You Remember?,Phil Collins,"2,555,000"
"1,631",It's a Long Way to the Top (If You Wanna Rock 'n' Roll),AC/DC,"2,554,000"
"1,632",Count On Me,Bruno Mars,"2,553,000"
"1,633",Army Of Me,Bjork,"2,551,000"
"1,634",Scream & Shout,Britney Spears & Will.i.am,"2,550,000"
"1,635",Rumour Has It,Adele,"2,549,000"
"1,636",Get Right,Jennifer Lopez,"2,546,000"
"1,637",On Every Street,Dire Straits,"2,544,000"
"1,638",Immortality,Celine Dion ft. Bee Gees,"2,544,000"
"1,639",All of the Lights,Kanye West ft. Rihanna,"2,543,000"
"1,640",Dreams,Van Halen,"2,543,000"
"1,641",It's Time,Imagine Dragons,"2,540,000"
"1,642",Let's Wait Awhile,Janet Jackson,"2,540,000"
"1,643",True Blue,Madonna,"2,538,000"
"1,644",Underneath It All,No Doubt ft. Lady Saw,"2,534,000"
"1,645",1973,James Blunt,"2,532,000"
"1,646",A Matter of Trust,Billy Joel,"2,530,000"
"1,647",In Too Deep,Genesis,"2,529,000"
"1,648",Kill This Love,Blackpink,"2,528,000"
"1,649",Exodus,Bob Marley,"2,528,000"
"1,650",Take Care,Drake ft. Rihanna,"2,526,000"
"1,651",Alphabet St.,Prince,"2,526,000"
"1,652",Born to Die,Lana Del Rey,"2,522,000"
"1,653",Summer Wind,Frank Sinatra,"2,519,000"
"1,654",O Côncavo E O Convexo,Roberto Carlos,"2,518,000"
"1,655",Carol of the Bells,Mannheim Steamroller,"2,517,000"
"1,656",DNA,Kendrick Lamar,"2,515,000"
"1,657","Love, Reign O'er Me",The Who,"2,513,000"
"1,658",My Hero,Foo Fighters,"2,512,000"
"1,659",Bringin' On the Heartbreak,Def Leppard,"2,511,000"
"1,660",Graceland,Paul Simon,"2,509,000"
"1,661",God Rest Ye Merry Gentlemen,Bing Crosby,"2,507,000"
"1,662",Heartlight,Neil Diamond,"2,503,000"
"1,663",Doin' Time,Sublime,"2,500,000"
"1,664",She's Got a Way,Billy Joel,"2,499,000"
"1,665",Misty Mountain Hop,Led Zeppelin,"2,496,000"
"1,666",The Only Living Boy in New York,Simon & Garfunkel,"2,495,000"
"1,667",Have a Nice Day,Bon Jovi,"2,494,000"
"1,668",My Band,D12,"2,493,000"
"1,669",The Way You Look Tonight,Frank Sinatra,"2,491,000"
"1,670",Mad About You,Sting,"2,487,000"
"1,671",Seven Seas of Rhye,Queen,"2,486,000"
"1,672",I Am the Walrus,The Beatles,"2,485,000"
"1,673",Fake Plastic Trees,Radiohead,"2,483,000"
"1,674",Off the Wall,Michael Jackson,"2,483,000"
"1,675",Something In The Way,Nirvana,"2,483,000"
"1,676",Some Guys Have All the Luck,Rod Stewart,"2,479,000"
"1,677",Man Down,Rihanna,"2,478,000"
"1,678",Love on Top,Beyonce,"2,477,000"
"1,679",Pop,NSYNC,"2,477,000"
"1,680",Mistletoe and Holly,Frank Sinatra,"2,476,000"
"1,681",Stuck In A Moment You Can't Get Out Of,U2,"2,475,000"
"1,682",Coming Up,Paul McCartney,"2,475,000"
"1,683",Songbird,Fleetwood Mac,"2,475,000"
"1,684",Team,Lorde,"2,474,000"
"1,685",Thank God I Found You,Mariah Carey ft. Joe and 98 Degrees,"2,470,000"
"1,686","Jesus, Take the Wheel",Carrie Underwood,"2,470,000"
"1,687","Stay (Faraway, So Close!)",U2,"2,470,000"
"1,688",GoldenEye,Tina Turner,"2,466,000"
"1,689",In the Wee Small Hours of the Morning,Frank Sinatra,"2,466,000"
"1,690",You Better You Bet,The Who,"2,465,000"
"1,691",City Of Blinding Lights,U2,"2,462,000"
"1,692",Batdance,Prince,"2,459,000"
"1,693",Roll Over Beethoven,The Beatles,"2,459,000"
"1,694",Manhattan-Kaboul,Axelle Red & Renaud,"2,459,000"
"1,695",Forever Young,Bob Dylan,"2,458,000"
"1,696",Mía,Bad Bunny ft. Drake,"2,458,000"
"1,697",Step into Christmas,Elton John,"2,457,000"
"1,698",Mull of Kintyre,Paul McCartney,"2,456,000"
"1,699",Gimme More,Britney Spears,"2,455,000"
"1,700",Against All Odds (Take a Look at Me Now),Mariah Carey,"2,453,000"
"1,701",Mr. Crowley,Ozzy Osbourne,"2,451,000"
"1,702",Sabbath Bloody Sabbath,Black Sabbath,"2,451,000"
"1,703",What Have You Done for Me Lately,Janet Jackson,"2,448,000"
"1,704",Fool To Cry,The Rolling Stones,"2,445,000"
"1,705",There You Go,P!nk,"2,445,000"
"1,706",I Want Your Sex (Parts I & II),George Michael,"2,443,000"
"1,707",Chain of Fools,Aretha Franklin,"2,440,000"
"1,708",In The City,Eagles,"2,440,000"
"1,709",Don't,Ed Sheeran,"2,436,000"
"1,710",Diamonds on the Soles of Her Shoes,Paul Simon,"2,430,000"
"1,711",Judas,Lady Gaga,"2,428,000"
"1,712",The Jean Genie,David Bowie,"2,428,000"
"1,713",Love You Inside Out,Bee Gees,"2,428,000"
"1,714",SOS,Rihanna,"2,427,000"
"1,715",Callaíta,Bad Bunny & Tainy,"2,425,000"
"1,716",Titi Me Pregunto,Bad Bunny,"2,420,000"
"1,717",Calling Elvis,Dire Straits,"2,419,000"
"1,718",Achilles Last Stand,Led Zeppelin,"2,417,000"
"1,719",Kiss You,One Direction,"2,417,000"
"1,720",Lively Up Yourself,Bob Marley,"2,416,000"
"1,721",Didn't We Almost Have It All,Whitney Houston,"2,414,000"
"1,722",Quelque Chose De Tennessee,Johnny Hallyday,"2,412,000"
"1,723",Same Old Song and Dance,Aerosmith,"2,412,000"
"1,724",Applause,Lady Gaga,"2,409,000"
"1,725",Beautiful Liar,Beyonce & Shakira,"2,405,000"
"1,726",Goodnight Saigon,Billy Joel,"2,405,000"
"1,727",Heatseeker,AC/DC,"2,403,000"
"1,728",Times Like These,Foo Fighters,"2,399,000"
"1,729",Teardrops on My Guitar,Taylor Swift,"2,398,000"
"1,730",I Know What I Like (In Your Wardrobe),Genesis,"2,398,000"
"1,731",Fluorescent Adolescent,Arctic Monkeys,"2,398,000"
"1,732",Eminence Front,The Who,"2,398,000"
"1,733",Mistral gagnant,Renaud,"2,395,000"
"1,734",Objection (Tango),Shakira,"2,394,000"
"1,735",The Flood,Take That,"2,391,000"
"1,736",On ne change pas,Celine Dion,"2,391,000"
"1,737",Confessions Part II,Usher,"2,390,000"
"1,738",Family Portrait,P!nk,"2,390,000"
"1,739",Overjoyed,Stevie Wonder,"2,390,000"
"1,740",Lady (You Bring Me Up),Commodores,"2,390,000"
"1,741",Woman,Doja Cat,"2,389,000"
"1,742","No, No, No",Destiny's Child ft. Wyclef Jean,"2,388,000"
"1,743","Bitch, Don't Kill My Vibe",Kendrick Lamar,"2,387,000"
"1,744",Ddu-Du Ddu-Du,Blackpink,"2,386,000"
"1,745",All the Way,Frank Sinatra,"2,385,000"
"1,746",Old Love,Eric Clapton,"2,384,000"
"1,747",A Groovy Kind of Love,Phil Collins,"2,382,000"
"1,748",Play Me,Neil Diamond,"2,381,000"
"1,749",American Pie,Madonna,"2,380,000"
"1,750",Young at Heart,Frank Sinatra,"2,380,000"
"1,751",Hurt,Christina Aguilera,"2,380,000"
"1,752",Shake Your Body (Down to the Ground),The Jacksons,"2,376,000"
"1,753",Love Me Harder,Ariana Grande & The Weeknd,"2,376,000"
"1,754",Precious,Depeche Mode,"2,372,000"
"1,755",Butter,BTS,"2,371,000"
"1,756",Strange Kind of Woman,Deep Purple,"2,371,000"
"1,757",Goodbyes,Post Malone ft. Young Thug,"2,368,000"
"1,758",One Call Away,Charlie Puth,"2,364,000"
"1,759",Don't Phunk with My Heart,Black Eyed Peas,"2,364,000"
"1,760",Often,The Weeknd,"2,363,000"
"1,761",Kodachrome,Paul Simon,"2,360,000"
"1,762",When You're Gone,Bryan Adams ft. Melanie C,"2,359,000"
"1,763",Sober,P!nk,"2,356,000"
"1,764",Beautiful People,Ed Sheeran ft. Khalid,"2,356,000"
"1,765",Godzilla,Eminem ft. Juice Wrld,"2,349,000"
"1,766",Touch My Body,Mariah Carey,"2,348,000"
"1,767",Stop Crying Your Heart Out,Oasis,"2,344,000"
"1,768",Hell Ain't a Bad Place to Be,AC/DC,"2,340,000"
"1,769",Kill You,Eminem,"2,340,000"
"1,770",Keep Yourself Alive,Queen,"2,340,000"
"1,771",Love In This Club,Usher ft. Young Jeezy,"2,339,000"
"1,772",Hands Clean,Alanis Morissette,"2,339,000"
"1,773",In My Place,Coldplay,"2,338,000"
"1,774",Over the Mountain,Ozzy Osbourne,"2,338,000"
"1,775",Everyday,Phil Collins,"2,337,000"
"1,776",Let 'Em In,Wings,"2,329,000"
"1,777",Someday We'll Be Together,Diana Ross & The Supremes,"2,328,000"
"1,778",Everything in Its Right Place,Radiohead,"2,328,000"
"1,779",Advertising Space,Robbie Williams,"2,327,000"
"1,780",Lost Stars,Maroon 5,"2,325,000"
"1,781",Ring Ring,ABBA,"2,324,000"
"1,782",Too Good,Drake ft. Rihanna,"2,323,000"
"1,783",Down by the River,Neil Young with Crazy Horse,"2,318,000"
"1,784","Yes, And?",Ariana Grande,"2,318,000"
"1,785",Speed Of Sound,Coldplay,"2,316,000"
"1,786",Nice 'n' Easy,Frank Sinatra,"2,316,000"
"1,787",Everytime,Britney Spears,"2,315,000"
"1,788",Changes (Are We Ready),2Pac ft. Talent,"2,313,000"
"1,789",Ghetto Gospel,2Pac ft. Elton John,"2,312,000"
"1,790",Dearest,Ayumi Hamasaki,"2,311,000"
"1,791",Bedrock,Drake & Gudda Gudda & Jae Millz & Lil Wayne & Nicki Minaj & Tyga ft. Lloyd,"2,311,000"
"1,792",Dancing with a Stranger,Norman & Sam Smith,"2,309,000"
"1,793",Carpet Crawlers,Genesis,"2,308,000"
"1,794",Burn It Down,Linkin Park,"2,305,000"
"1,795",Run the World (Girls),Beyonce,"2,304,000"
"1,796",Make It Right,BTS ft. Lauv,"2,300,000"
"1,797",Welcome to Paradise,Green Day,"2,299,000"
"1,798",Hero Of The Day,Metallica,"2,298,000"
"1,799",Mixed Emotions,The Rolling Stones,"2,297,000"
"1,800",Rich Girl,Gwen Stefani ft. Eve,"2,295,000"
"1,801",Headlines,Drake,"2,293,000"
"1,802",Idontwannabeyouanymore,Billie Eilish,"2,293,000"
"1,803",One And Only,Adele,"2,293,000"
"1,804",Nice for What,Drake,"2,292,000"
"1,805",One Vision,Queen,"2,291,000"
"1,806",Wild Child,Enya,"2,288,000"
"1,807",Jezebel,Sade,"2,288,000"
"1,808",Listen To What The Man Said,Wings,"2,285,000"
"1,809",Supersonic,Oasis,"2,281,000"
"1,810",34+35,Ariana Grande,"2,281,000"
"1,811",Perfect,One Direction,"2,279,000"
"1,812",What Lovers Do,Maroon 5 ft. SZA,"2,274,000"
"1,813",Super Freaky Girl,Nicki Minaj,"2,273,000"
"1,814",Overprotected,Britney Spears,"2,272,000"
"1,815",Big Love,Fleetwood Mac,"2,272,000"
"1,816",The 59th Street Bridge Song (Feelin' Groovy),Simon & Garfunkel,"2,269,000"
"1,817",Toosie Slide,Drake,"2,268,000"
"1,818",Savin' Me,Nickelback,"2,266,000"
"1,819",Just Like Jesse James,Cher,"2,266,000"
"1,820",Both Sides of the Story,Phil Collins,"2,264,000"
"1,821",Estranged,Guns N' Roses,"2,260,000"
"1,822",My Man,Barbra Streisand,"2,256,000"
"1,823",I Need U,BTS,"2,255,000"
"1,824",It's Probably Me,Eric Clapton & Sting,"2,255,000"
"1,825",I Feel Free,Cream,"2,254,000"
"1,826",Don't Go Away,Oasis,"2,252,000"
"1,827",From Me to You,The Beatles,"2,251,000"
"1,828",You Proof,Morgan Wallen,"2,250,000"
"1,829",Fortnight,Taylor Swift ft. Post Malone,"2,247,000"
"1,830",I Just Wanna Love U (Give It 2 Me),Jay-Z,"2,244,000"
"1,831",Kissing a Fool,George Michael,"2,241,000"
"1,832",Living for the City,Stevie Wonder,"2,240,000"
"1,833",More Than a Woman,Aaliyah,"2,239,000"
"1,834",Darlin',The Beach Boys,"2,239,000"
"1,835",Like a Hurricane,Neil Young with Crazy Horse,"2,237,000"
"1,836",Soul Kitchen,The Doors,"2,235,000"
"1,837","Merry Christmas, Happy Holidays",NSYNC,"2,235,000"
"1,838",Livin' on the Edge,Aerosmith,"2,234,000"
"1,839",Communication Breakdown,Led Zeppelin,"2,232,000"
"1,840",Love Is Strong,The Rolling Stones,"2,231,000"
"1,841",If Today Was Your Last Day,Nickelback,"2,230,000"
"1,842","Ciega, Sordomuda",Shakira,"2,228,000"
"1,843",Shelter from the Storm,Bob Dylan,"2,228,000"
"1,844",St. Anger,Metallica,"2,227,000"
"1,845",The Girl from Ipanema,Antonio Carlos Jobim & Frank Sinatra,"2,227,000"
"1,846",Little Deuce Coupe,The Beach Boys,"2,226,000"
"1,847","Love, Money, Fame",Seventeen,"2,226,000"
"1,848",Orange Crush,R.E.M.,"2,226,000"
"1,849",Song for Guy,Elton John,"2,224,000"
"1,850",What You Get Is What You See,Tina Turner,"2,222,000"
"1,851",Princess Of China,Coldplay & Rihanna,"2,221,000"
"1,852",I Believe in You and Me,Whitney Houston,"2,221,000"
"1,853",Lay Down Sally,Eric Clapton,"2,221,000"
"1,854",Obsessed,Mariah Carey,"2,219,000"
"1,855",Changes,Black Sabbath,"2,218,000"
"1,856",Jam,Michael Jackson ft. Heavy D,"2,217,000"
"1,857",So Lonely,The Police,"2,217,000"
"1,858",Cater 2 U,Destiny's Child,"2,216,000"
"1,859",The Motto,Drake ft. Lil Wayne,"2,215,000"
"1,860",Street Fighting Man,The Rolling Stones,"2,214,000"
"1,861",My Cherie Amour,Stevie Wonder,"2,211,000"
"1,862",Be,Neil Diamond,"2,210,000"
"1,863",Young Americans,David Bowie,"2,209,000"
"1,864",Intentions,Justin Bieber ft. Quavo,"2,209,000"
"1,865",Break My Heart,Dua Lipa,"2,208,000"
"1,866",In Your Eyes,The Weeknd,"2,204,000"
"1,867",Whatever It Takes,Imagine Dragons,"2,203,000"
"1,868",I Don't Want to Live Without You,Foreigner,"2,202,000"
"1,869",(Oh) Pretty Woman,Van Halen,"2,202,000"
"1,870",Unchained,Van Halen,"2,200,000"
"1,871",Sign 'o' the Times,Prince,"2,198,000"
"1,872",When the Heartache Is Over,Tina Turner,"2,196,000"
"1,873",I Heard It Through The Grapevine,Creedence Clearwater Revival,"2,195,000"
"1,874",I Feel You,Depeche Mode,"2,189,000"
"1,875",Get Off Of My Cloud,The Rolling Stones,"2,186,000"
"1,876",Another Day,Linda McCartney & Paul McCartney,"2,185,000"
"1,877",Have Yourself a Merry Little Christmas,Frank Sinatra,"2,185,000"
"1,878",Have a Cigar,Pink Floyd,"2,184,000"
"1,879",What Kind of Fool,Barbra Streisand & Barry Gibb,"2,184,000"
"1,880",In These Arms,Bon Jovi,"2,183,000"
"1,881",Guilty Conscience,Eminem ft. Dr. Dre,"2,181,000"
"1,882",Run Through The Jungle,Creedence Clearwater Revival,"2,181,000"
"1,883",Second Hand News,Fleetwood Mac,"2,181,000"
"1,884",Trampled Under Foot,Led Zeppelin,"2,181,000"
"1,885",Alright,Janet Jackson,"2,181,000"
"1,886",Sorrow,Pink Floyd,"2,181,000"
"1,887",White Christmas,Michael Buble & Shania Twain,"2,180,000"
"1,888",Getaway,"Earth,Wind & Fire","2,178,000"
"1,889",Bellyache,Billie Eilish,"2,176,000"
"1,890",Don't You Remember,Adele,"2,175,000"
"1,891",Love Child,Diana Ross & The Supremes,"2,174,000"
"1,892","Here, There and Everywhere",The Beatles,"2,174,000"
"1,893",Up!,Shania Twain,"2,174,000"
"1,894",That's The Way It Is,Celine Dion,"2,173,000"
"1,895",Love Me,Elvis Presley,"2,173,000"
"1,896",No Son of Mine,Genesis,"2,172,000"
"1,897",Je Te Promets,Johnny Hallyday,"2,171,000"
"1,898",Imma Be,Black Eyed Peas,"2,170,000"
"1,899",Human Behaviour,Bjork,"2,169,000"
"1,900",It's Beginning to Look a Lot Like Christmas,Bing Crosby,"2,166,000"
"1,901",Lego House,Ed Sheeran,"2,164,000"
"1,902",Creeping Death,Metallica,"2,159,000"
"1,903",Chantaje,Shakira ft. Maluma,"2,159,000"
"1,904",I Found Someone,Cher,"2,157,000"
"1,905",White Iverson,Post Malone,"2,155,000"
"1,906",Alone,Bee Gees,"2,155,000"
"1,907",Blue Jeans,Lana Del Rey,"2,153,000"
"1,908",Purple Pills,D12,"2,152,000"
"1,909",Almost Cut My Hair,"Crosby, Stills, Nash & Young","2,152,000"
"1,910",Patience,Take That,"2,152,000"
"1,911",Please Please Me,The Beatles,"2,149,000"
"1,912",Call Me When You're Sober,Evanescence,"2,148,000"
"1,913",Welcome Home (Sanitarium),Metallica,"2,145,000"
"1,914",Bruises,Lewis Capaldi,"2,142,000"
"1,915",Alright,Kendrick Lamar,"2,137,000"
"1,916",Born To Make You Happy,Britney Spears,"2,135,000"
"1,917",Rosalita (Come Out Tonight),Bruce Springsteen,"2,135,000"
"1,918",Ojitos Lindos,Bad Bunny & Bomba Estereo,"2,135,000"
"1,919",Now I'm Here,Queen,"2,134,000"
"1,920",Empire State Of Mind (Part II) Broken Down,Alicia Keys,"2,134,000"
"1,921",Have You Ever Loved a Woman,Derek and the Dominos,"2,131,000"
"1,922",In The Evening,Led Zeppelin,"2,130,000"
"1,923",Love Galore,SZA ft. Travis Scott,"2,130,000"
"1,924",What About Your Friends,TLC,"2,129,000"
"1,925",No One to Depend On,Santana,"2,128,000"
"1,926",Love Will Never Do (Without You),Janet Jackson,"2,128,000"
"1,927",Therefore I Am,Billie Eilish,"2,128,000"
"1,928",Let It Snow! Let It Snow! Let It Snow!,Frank Sinatra,"2,127,000"
"1,929",Angel Eyes,Frank Sinatra,"2,127,000"
"1,930",Robbery,Juice Wrld,"2,125,000"
"1,931",She's Leaving Home,The Beatles,"2,125,000"
"1,932",Too Much,Spice Girls,"2,122,000"
"1,933",The Day That Never Comes,Metallica,"2,121,000"
"1,934",Jaded,Aerosmith,"2,120,000"
"1,935",London Bridge,Fergie,"2,120,000"
"1,936",You've Got to Hide Your Love Away,The Beatles,"2,119,000"
"1,937",Riding with the King,B.B King & Eric Clapton,"2,116,000"
"1,938",You Are Everything,Diana Ross & Marvin Gaye,"2,116,000"
"1,939",Imitation of Life,R.E.M.,"2,116,000"
"1,940",Boogie On Reggae Woman,Stevie Wonder,"2,115,000"
"1,941",Mine,Taylor Swift,"2,114,000"
"1,942",Hoochie Coochie Man,Eric Clapton,"2,111,000"
"1,943",Don't Wanna Know,Maroon 5 ft. Kendrick Lamar,"2,110,000"
"1,944","I'm Not A Girl, Not Yet A Woman",Britney Spears,"2,110,000"
"1,945",Promises,Eric Clapton,"2,104,000"
"1,946",Nonsense,Sabrina Carpenter,"2,104,000"
"1,947",Keep the Faith,Bon Jovi,"2,102,000"
"1,948",Let's Stay Together,Tina Turner,"2,098,000"
"1,949",That's All Right,Elvis Presley,"2,095,000"
"1,950",Marie,Johnny Hallyday,"2,092,000"
"1,951",LoveGame,Lady Gaga,"2,091,000"
"1,952",Happier,Olivia Rodrigo,"2,091,000"
"1,953",Points Of Authority,Linkin Park,"2,090,000"
"1,954",Heaven for Everyone,Queen,"2,089,000"
"1,955",Kentucky Woman,Neil Diamond,"2,088,000"
"1,956",I Don't Wanna Cry,Mariah Carey,"2,087,000"
"1,957",Heat of the Night,Bryan Adams,"2,086,000"
"1,958",Can't Remember to Forget You,Shakira ft. Rihanna,"2,084,000"
"1,959",Tusa,Karol G & Nicki Minaj,"2,084,000"
"1,960",Dreamer,Ozzy Osbourne,"2,083,000"
"1,961",I've Got the World on a String,Frank Sinatra,"2,082,000"
"1,962",You & I,One Direction,"2,078,000"
"1,963",Five to One,The Doors,"2,078,000"
"1,964",My Life Would Suck Without You,Kelly Clarkson,"2,077,000"
"1,965",We Go Together,John Travolta & Olivia Newton-John,"2,074,000"
"1,966",Dope,BTS,"2,069,000"
"1,967",Bury a Friend,Billie Eilish,"2,068,000"
"1,968",FourFiveSeconds,Kanye West & Paul McCartney & Rihanna,"2,067,000"
"1,969",Red,Taylor Swift,"2,063,000"
"1,970",Black Swan,BTS,"2,061,000"
"1,971",A Fool In Love,Ike & Tina Turner,"2,060,000"
"1,972",Sometimes You Can't Make It On Your Own,U2,"2,060,000"
"1,973",Wooden Heart,Elvis Presley,"2,059,000"
"1,974",Foolin',Def Leppard,"2,058,000"
"1,975",Time Is On My Side,The Rolling Stones,"2,058,000"
"1,976",Falling,Harry Styles,"2,057,000"
"1,977",Need to Know,Doja Cat,"2,054,000"
"1,978",Willow,Taylor Swift,"2,053,000"
"1,979",Can't Tell Me Nothing,Kanye West,"2,053,000"
"1,980",Anybody Seen My Baby?,The Rolling Stones,"2,052,000"
"1,981",Always Remember Us This Way,Lady Gaga,"2,048,000"
"1,982",Pray,Take That,"2,047,000"
"1,983",You And I,Lady Gaga,"2,045,000"
"1,984",Caminhoneiro (Gentle On My Mind),Roberto Carlos,"2,044,000"
"1,985",7 Things,Miley Cyrus,"2,044,000"
"1,986",Shut Up,Black Eyed Peas,"2,044,000"
"1,987",Wicked Games,The Weeknd,"2,043,000"
"1,988",Subterranean Homesick Blues,Bob Dylan,"2,043,000"
"1,989",Nobody's Fault But Mine,Led Zeppelin,"2,042,000"
"1,990",Come on Over Baby (All I Want Is You),Christina Aguilera,"2,041,000"
"1,991",Please Don't Leave Me,P!nk,"2,037,000"
"1,992",Makes Me Wonder,Maroon 5,"2,037,000"
"1,993",If I Fell,The Beatles,"2,037,000"
"1,994",One in a Million,Aaliyah,"2,036,000"
"1,995",Stuck On You,Elvis Presley,"2,034,000"
"1,996",Give Me Love,Ed Sheeran,"2,034,000"
"1,997",You Need to Calm Down,Taylor Swift,"2,033,000"
"1,998",Runnin' (Dying to Live),2Pac ft. The Notorious B.I.G.,"2,031,000"
"1,999",Sisters Are Doin' It for Themselves,Aretha Franklin & Eurythmics,"2,029,000"
"2,000",Wrong Way,Sublime,"2,026,000"
"2,001",God Is a Woman,Ariana Grande,"2,025,000"
"2,002",Saturday Night (Is the Loneliest Night of the Week),Frank Sinatra,"2,025,000"
"2,003",We Can't Be Friends (Wait for Your Love),Ariana Grande,"2,025,000"
"2,004",Only Yesterday,Carpenters,"2,024,000"
"2,005",45237,Beyonce,"2,019,000"
"2,006",A Song for xx,Ayumi Hamasaki,"2,019,000"
"2,007",Lips Are Movin,Meghan Trainor,"2,019,000"
"2,008",My Love,Lionel Richie,"2,018,000"
"2,009",Coming Back to Life,Pink Floyd,"2,018,000"
"2,010",Chain Reaction,Diana Ross,"2,017,000"
"2,011",Before You Accuse Me,Eric Clapton,"2,016,000"
"2,012",Policy of Truth,Depeche Mode,"2,016,000"
"2,013",Every Teardrop Is A Waterfall,Coldplay,"2,015,000"
"2,014",Girlfriend,NSYNC,"2,014,000"
"2,015",Christmas (Baby Please Come Home),Mariah Carey,"2,014,000"
"2,016",Life for Rent,Dido,"2,012,000"
"2,017",Raise Your Glass,P!nk,"2,012,000"
"2,018",...Ready for It?,Taylor Swift,"2,009,000"
"2,019",Senorita,Justin Timberlake,"2,008,000"
"2,020",Stand,R.E.M.,"2,008,000"
"2,021",Natural Mystic,Bob Marley,"2,006,000"
"2,022",Blue Jean,David Bowie,"2,004,000"
"2,023",Amazing Grace,Elvis Presley,"2,003,000"
"2,024",I've Gotta Get a Message to You,Bee Gees,"2,003,000"
"2,025",Happy New Year,ABBA,"2,002,000"
"2,026",Wrathchild,Iron Maiden,"2,002,000"
"2,027",Whiskey Glasses,Morgan Wallen,"2,001,000"
"2,028",Jesus Cristo,Roberto Carlos,"2,001,000"
"2,029","Lullabye (Goodnight, My Angel)",Billy Joel,"1,998,000"
"2,030",Bound 2,Kanye West,"1,996,000"
"2,031",Burn It to the Ground,Nickelback,"1,993,000"
"2,032",Suit & Tie,Justin Timberlake ft. Jay-Z,"1,992,000"
"2,033",These Days,Bon Jovi,"1,991,000"
"2,034",What the Hell,Avril Lavigne,"1,990,000"
"2,035",Where Do Broken Hearts Go,Whitney Houston,"1,988,000"
"2,036",No One Needs to Know,Shania Twain,"1,988,000"
"2,037",To Be,Ayumi Hamasaki,"1,986,000"
"2,038",Ain't No Other Man,Christina Aguilera,"1,983,000"
"2,039",Antidote,Travis Scott,"1,983,000"
"2,040","I Do, I Do, I Do, I Do, I Do",ABBA,"1,982,000"
"2,041",Trouble,P!nk,"1,981,000"
"2,042",Again,Janet Jackson,"1,979,000"
"2,043",All This Time,Sting,"1,976,000"
"2,044",King Nothing,Metallica,"1,976,000"
"2,045",On Melancholy Hill,Gorillaz,"1,975,000"
"2,046",Alabama Song (Whisky Bar),The Doors,"1,974,000"
"2,047",Fake Love,Drake,"1,973,000"
"2,048",One Less Lonely Girl,Justin Bieber,"1,967,000"
"2,049",What Is Life,George Harrison,"1,966,000"
"2,050",Jingle Bells,Frank Sinatra,"1,962,000"
"2,051",Gold Dust Woman,Fleetwood Mac,"1,961,000"
"2,052",Nights on Broadway,Bee Gees,"1,961,000"
"2,053",Girl,The Beatles,"1,961,000"
"2,054",Everything She Wants,Wham!,"1,960,000"
"2,055",Voyage,Ayumi Hamasaki,"1,958,000"
"2,056",The Ballad of John and Yoko,The Beatles,"1,957,000"
"2,057",Goodbye to Love,Carpenters,"1,957,000"
"2,058",I Don't Wanna Go On with You Like That,Elton John,"1,956,000"
"2,059",Oh! Darling,The Beatles,"1,956,000"
"2,060",Drive,R.E.M.,"1,956,000"
"2,061",No Love,Eminem ft. Lil Wayne,"1,955,000"
"2,062",Call Me The Breeze,Lynyrd Skynyrd,"1,954,000"
"2,063",Sugar,System of a Down,"1,953,000"
"2,064",M.A.A.D City,Kendrick Lamar ft. MC Eiht,"1,953,000"
"2,065",Pennyroyal Tea,Nirvana,"1,951,000"
"2,066",California King Bed,Rihanna,"1,951,000"
"2,067",J'irai où tu iras,Celine Dion & Jean-Jacques Goldman,"1,949,000"
"2,068",Piece Of Me,Britney Spears,"1,948,000"
"2,069",Running on Faith,Eric Clapton,"1,947,000"
"2,070",Fearless,Pink Floyd,"1,944,000"
"2,071",Die Another Day,Madonna,"1,942,000"
"2,072",Good Life,Kanye West,"1,941,000"
"2,073",Love Over Gold,Dire Straits,"1,940,000"
"2,074",Sound And Vision,David Bowie,"1,939,000"
"2,075",All I Have,Jennifer Lopez ft. LL Cool J,"1,939,000"
"2,076",Bodak Yellow,Cardi B,"1,939,000"
"2,077",Nunca te olvidare,Enrique Iglesias,"1,938,000"
"2,078",Wrapped Up In You,Garth Brooks,"1,938,000"
"2,079",The Way You Look Tonight,Rod Stewart,"1,936,000"
"2,080",Rock That Body,Black Eyed Peas,"1,935,000"
"2,081",All That You Have Is Your Soul,Tracy Chapman,"1,935,000"
"2,082",Aeroplane,Red Hot Chili Peppers,"1,934,000"
"2,083",See You Again,Miley Cyrus,"1,934,000"
"2,084",After the Gold Rush,Neil Young,"1,932,000"
"2,085",In and Out of Love,Bon Jovi,"1,929,000"
"2,086",Bookends Theme,Simon & Garfunkel,"1,929,000"
"2,087",2 of Amerikaz Most Wanted,2Pac ft. Snoop Dogg,"1,928,000"
"2,088",Baby-Baby-Baby,TLC,"1,926,000"
"2,089",My Friends,Red Hot Chili Peppers,"1,925,000"
"2,090",My Hometown,Bruce Springsteen,"1,925,000"
"2,091",Radio Nowhere,Bruce Springsteen,"1,924,000"
"2,092",The Downeaster 'Alexa',Billy Joel,"1,923,000"
"2,093",Moby Dick,Led Zeppelin,"1,922,000"
"2,094",Holy Grail,Jay-Z ft. Justin Timberlake,"1,920,000"
"2,095",Versace on the Floor,Bruno Mars,"1,919,000"
"2,096",Gett Off,Prince and the New Power Generation,"1,916,000"
"2,097",Dance into the Light,Phil Collins,"1,915,000"
"2,098",Estoy Aquí,Shakira,"1,914,000"
"2,099",Marvin Gaye,Charlie Puth ft. Meghan Trainor,"1,914,000"
"2,100",Nonstop,Drake,"1,912,000"
"2,101",Ride The Lightning,Metallica,"1,912,000"
"2,102",Homecoming,Kanye West,"1,911,000"
"2,103",Friends Will Be Friends,Queen,"1,911,000"
"2,104",Exile,Taylor Swift ft. Bon Iver,"1,908,000"
"2,105",Dear Future Husband,Meghan Trainor,"1,906,000"
"2,106",Euphoria,BTS,"1,906,000"
"2,107",Everybody Wants Some!!,Van Halen,"1,906,000"
"2,108",Marvins Room,Drake,"1,904,000"
"2,109",Bicycle Race,Queen,"1,904,000"
"2,110",Love Is A Losing Game,Amy Winehouse,"1,900,000"
"2,111",Bloody Well Right,Supertramp,"1,899,000"
"2,112",Step by Step,Whitney Houston,"1,898,000"
"2,113",Rule The World,Take That,"1,897,000"
"2,114",As If It's Your Last,Blackpink,"1,897,000"
"2,115",Don't You Worry 'bout a Thing,Stevie Wonder,"1,897,000"
"2,116",Runaway,Kanye West,"1,897,000"
"2,117",All Girls Are the Same,Juice Wrld,"1,895,000"
"2,118",Uncle Albert / Admiral Halsey,Linda McCartney & Paul McCartney,"1,893,000"
"2,119",Santa Claus Is Comin' to Town,The Jackson 5,"1,892,000"
"2,120",If,Janet Jackson,"1,892,000"
"2,121",Seven Wonders,Fleetwood Mac,"1,889,000"
"2,122",Love Shot,Exo,"1,886,000"
"2,123",Through the Wire,Kanye West,"1,884,000"
"2,124",Sing,Ed Sheeran,"1,884,000"
"2,125",Retiens La Nuit,Johnny Hallyday,"1,883,000"
"2,126",Blackened,Metallica,"1,877,000"
"2,127",Holy,Justin Bieber ft. Chance the Rapper,"1,876,000"
"2,128",Hometown Glory,Adele,"1,876,000"
"2,129",Karma,Taylor Swift,"1,875,000"
"2,130",Gotta Be Somebody,Nickelback,"1,874,000"
"2,131",If I Can Dream,Elvis Presley,"1,872,000"
"2,132",I Was Only Joking,Rod Stewart,"1,871,000"
"2,133",Tell Her About It,Billy Joel,"1,869,000"
"2,134",Last Child,Aerosmith,"1,865,000"
"2,135",The Four Horsemen,Metallica,"1,863,000"
"2,136",Never as Good as the First Time,Sade,"1,861,000"
"2,137",Stiff Upper Lip,AC/DC,"1,861,000"
"2,138",That's the Way of the World,"Earth,Wind & Fire","1,860,000"
"2,139",Favorite Crime,Olivia Rodrigo,"1,858,000"
"2,140",The Beaches Of Cheyenne,Garth Brooks,"1,855,000"
"2,141",I Put A Spell On You,Creedence Clearwater Revival,"1,855,000"
"2,142",Santa Claus Is Back In Town,Elvis Presley,"1,855,000"
"2,143",The Fate of Ophelia,Taylor Swift,"1,854,000"
"2,144",Octopus's Garden,The Beatles,"1,853,000"
"2,145",A Place For My Head,Linkin Park,"1,853,000"
"2,146",You Give Good Love,Whitney Houston,"1,853,000"
"2,147",I Get Lonely,Janet Jackson,"1,851,000"
"2,148",Travelin' Band,Creedence Clearwater Revival,"1,850,000"
"2,149",The Man Who Sold The World,David Bowie,"1,850,000"
"2,150",Sway,Michael Buble,"1,849,000"
"2,151",Bad,U2,"1,849,000"
"2,152",Last Night,Morgan Wallen,"1,848,000"
"2,153",Me!,Taylor Swift ft. Brendon Urie,"1,847,000"
"2,154",Misunderstanding,Genesis,"1,847,000"
"2,155",Tonight (I'm Fuckin' You),Enrique Iglesias ft. DJ Frank E & Ludacris,"1,845,000"
"2,156",Tuesday's Gone,Lynyrd Skynyrd,"1,844,000"
"2,157",Darl+ing,Seventeen,"1,844,000"
"2,158",The Celts,Enya,"1,843,000"
"2,159",Same Love,Macklemore & Ryan Lewis ft. Mary Lambert,"1,842,000"
"2,160",The Ghost of Tom Joad,Bruce Springsteen,"1,840,000"
"2,161",Physical,Dua Lipa,"1,838,000"
"2,162",Human Nature,Madonna,"1,837,000"
"2,163",Till The World Ends,Britney Spears,"1,836,000"
"2,164",Watcher of the Skies,Genesis,"1,833,000"
"2,165",And the Cradle Will Rock...,Van Halen,"1,833,000"
"2,166",Positive Vibration,Bob Marley,"1,831,000"
"2,167",The Evil That Men Do,Iron Maiden,"1,830,000"
"2,168",Cherish,Madonna,"1,830,000"
"2,169",Beautiful,Eminem,"1,828,000"
"2,170",Song of the Wind,Santana,"1,828,000"
"2,171",If Everyone Cared,Nickelback,"1,828,000"
"2,172",Can't Stand Losing You,The Police,"1,827,000"
"2,173",When I Look at You,Miley Cyrus,"1,827,000"
"2,174",Run,BTS,"1,827,000"
"2,175",Started from the Bottom,Drake,"1,825,000"
"2,176",Misery,Maroon 5,"1,825,000"
"2,177",Longview,Green Day,"1,824,000"
"2,178",Cortez the Killer,Neil Young with Crazy Horse,"1,822,000"
"2,179",Ice Cream,Blackpink & Selena Gomez,"1,821,000"
"2,180",I Need to Be in Love,Carpenters,"1,821,000"
"2,181",West Coast,Lana Del Rey,"1,820,000"
"2,182",Silent Night,Elvis Presley,"1,820,000"
"2,183",Praying for Time,George Michael,"1,819,000"
"2,184",Fire,Jimi Hendrix Experience,"1,816,000"
"2,185",She's So Cold,The Rolling Stones,"1,815,000"
"2,186",Hold Me,Fleetwood Mac,"1,815,000"
"2,187",Blue Eyes,Elton John,"1,815,000"
"2,188",Two Hearts,Phil Collins,"1,812,000"
"2,189",Desabafo,Roberto Carlos,"1,811,000"
"2,190",I Was Made to Love Her,Stevie Wonder,"1,811,000"
"2,191",River,Eminem ft. Ed Sheeran,"1,811,000"
"2,192",Black Skinhead,Kanye West,"1,811,000"
"2,193","Break Up With Your Girlfriend, I'm Bored",Ariana Grande,"1,810,000"
"2,194",Jimmy Cooks,Drake ft. 21 Savage,"1,809,000"
"2,195",Promises,Calvin Harris & Sam Smith,"1,809,000"
"2,196",Never Forget,Take That,"1,808,000"
"2,197",Hold My Hand,Akon & Michael Jackson,"1,808,000"
"2,198",Boy in Luv,BTS,"1,806,000"
"2,199",Efecto,Bad Bunny,"1,806,000"
"2,200",Million Reasons,Lady Gaga,"1,805,000"
"2,201",Heavy,Linkin Park,"1,805,000"
"2,202",Yellow Ledbetter,Pearl Jam,"1,805,000"
"2,203",Dirt off Your Shoulder,Jay-Z,"1,804,000"
"2,204",Best Thing I Never Had,Beyonce,"1,804,000"
"2,205",Can I Play with Madness,Iron Maiden,"1,804,000"
"2,206",Sorry,Madonna,"1,803,000"
"2,207",Southern Man,Neil Young,"1,802,000"
"2,208",Way Down,Elvis Presley,"1,802,000"
"2,209",Have You Ever Needed Someone So Bad,Def Leppard,"1,802,000"
"2,210",Rose,James Horner,"1,802,000"
"2,211",Yummy,Justin Bieber,"1,802,000"
"2,212",Jumpman,Drake & Future,"1,801,000"
"2,213",You Haven't Done Nothin',Stevie Wonder,"1,801,000"
"2,214",Jesus Walks,Kanye West,"1,800,000"
"2,215",Sorry Not Sorry,Demi Lovato,"1,800,000"
"2,216",Afterglow,Genesis,"1,798,000"
"2,217",All or Nothing at All,Frank Sinatra,"1,791,000"
"2,218",Give In to Me,Michael Jackson ft. Slash,"1,790,000"
"2,219",Go Go,BTS,"1,790,000"
"2,220",Can't Let Go,Mariah Carey,"1,789,000"
"2,221",Pray For Me,Kendrick Lamar & The Weeknd,"1,788,000"
"2,222",Monster,Exo,"1,787,000"
"2,223",What's Your Name,Lynyrd Skynyrd,"1,786,000"
"2,224",Nancy (With the Laughing Face),Frank Sinatra,"1,786,000"
"2,225",Storms in Africa,Enya,"1,785,000"
"2,226",Supper's Ready,Genesis,"1,784,000"
"2,227",Lovesick Girls,Blackpink,"1,782,000"
"2,228",How Do U Want It,2Pac ft. JoJo & K-Ci,"1,782,000"
"2,229",Little Jeannie,Elton John,"1,782,000"
"2,230",Se O Amor Se Vai,Roberto Carlos,"1,782,000"
"2,231",Smokin',Boston,"1,781,000"
"2,232",Change The World,Eric Clapton,"1,781,000"
"2,233",Enamorado por primera vez,Enrique Iglesias,"1,780,000"
"2,234",Take My Breath,The Weeknd,"1,779,000"
"2,235",Staring At The Sun,U2,"1,779,000"
"2,236",Lose You to Love Me,Selena Gomez,"1,777,000"
"2,237",A Big Hunk Of Love,Elvis Presley,"1,776,000"
"2,238",Astronomy Domine,Pink Floyd,"1,775,000"
"2,239",Sandy,John Travolta,"1,775,000"
"2,240",That Should Be Me,Justin Bieber,"1,775,000"
"2,241",All Your Love,John Mayall & The Bluesbreakers,"1,773,000"
"2,242",Handbags and Gladrags,Rod Stewart,"1,773,000"
"2,243",Send One Your Love,Stevie Wonder,"1,771,000"
"2,244",Castle Of Glass,Linkin Park,"1,770,000"
"2,245",Once Upon a Time in the West,Dire Straits,"1,767,000"
"2,246",Left & Right,Seventeen,"1,762,000"
"2,247",Controlla,Drake,"1,762,000"
"2,248",Don't Let the Sun Go Down on Me,Elton John & George Michael,"1,760,000"
"2,249",Last Kiss,Pearl Jam,"1,759,000"
"2,250",Who Is It,Michael Jackson,"1,758,000"
"2,251",Amante À Moda Antiga,Roberto Carlos,"1,755,000"
"2,252",Luther,Kendrick Lamar & SZA,"1,755,000"
"2,253",Fearless,Taylor Swift,"1,753,000"
"2,254",Proposta,Roberto Carlos,"1,752,000"
"2,255",Gone,NSYNC,"1,750,000"
"2,256",Never Can Say Goodbye,The Jackson 5,"1,749,000"
"2,257",...And Justice For All,Metallica,"1,747,000"
"2,258",Leave Out All The Rest,Linkin Park,"1,745,000"
"2,259",In My Room,The Beach Boys,"1,742,000"
"2,260",Be With You,Enrique Iglesias,"1,742,000"
"2,261",Formation,Beyonce,"1,741,000"
"2,262",Master and Servant,Depeche Mode,"1,741,000"
"2,263",Partyman,Prince,"1,740,000"
"2,264",Mistreated,Deep Purple,"1,740,000"
"2,265",Naughty Girl,Beyonce,"1,739,000"
"2,266",I Bet You Look Good on the Dancefloor,Arctic Monkeys,"1,739,000"
"2,267",Heartless,Morgan Wallen,"1,737,000"
"2,268",Spiderwebs,No Doubt,"1,735,000"
"2,269",Drain You,Nirvana,"1,734,000"
"2,270",Don't Ask Me Why,Billy Joel,"1,734,000"
"2,271",Sleigh Ride,Carpenters,"1,733,000"
"2,272",If We Hold on Together,Diana Ross,"1,731,000"
"2,273",It's Only Love,Bryan Adams & Tina Turner,"1,731,000"
"2,274",The Jack,AC/DC,"1,730,000"
"2,275",Check On It,Beyonce,"1,730,000"
"2,276",Changing of the Guards,Bob Dylan,"1,728,000"
"2,277",Wasted Time,Eagles,"1,728,000"
"2,278",Who Says,Selena Gomez & the Scene,"1,728,000"
"2,279",Houses Of The Holy,Led Zeppelin,"1,728,000"
"2,280",She Was Hot,The Rolling Stones,"1,725,000"
"2,281",Got to Be There,Michael Jackson,"1,725,000"
"2,282",Atom Heart Mother,Pink Floyd,"1,724,000"
"2,283",Ain't Going Down (Til The Sun Comes Up),Garth Brooks,"1,724,000"
"2,284",A Million Love Songs,Take That,"1,723,000"
"2,285",Reminder,The Weeknd,"1,723,000"
"2,286",Believe,Elton John,"1,718,000"
"2,287",Somebody to Love,George Michael & Queen,"1,717,000"
"2,288",Brooklyn Baby,Lana Del Rey,"1,715,000"
"2,289",Late in the Evening,Paul Simon,"1,714,000"
"2,290",Nobody's Home,Avril Lavigne,"1,713,000"
"2,291",Touch the Sky,Kanye West,"1,713,000"
"2,292",How Long,Charlie Puth,"1,709,000"
"2,293",A Moment Like This,Kelly Clarkson,"1,708,000"
"2,294",Don't,Elvis Presley,"1,706,000"
"2,295",The Way I Loved You,Taylor Swift,"1,706,000"
"2,296",Woodstock,"Crosby, Stills, Nash & Young","1,705,000"
"2,297",Greatest Day,Take That,"1,705,000"
"2,298",Sing,Carpenters,"1,703,000"
"2,299",I Like It,Enrique Iglesias ft. Pitbull,"1,703,000"
"2,300",Ass Like That,Eminem,"1,698,000"
"2,301",Dangerous,Michael Jackson,"1,697,000"
"2,302",Sweet Leaf,Black Sabbath,"1,697,000"
"2,303",Guitar Man,Elvis Presley,"1,696,000"
"2,304",Gabrielle,Johnny Hallyday,"1,695,000"
"2,305",Breakdown,Mariah Carey ft. Krayzie Bone and Wish Bone,"1,694,000"
"2,306",U Got the Look,Prince,"1,694,000"
"2,307",Lonely,Benny Blanco & Justin Bieber,"1,693,000"
"2,308",Sorrow,David Bowie,"1,692,000"
"2,309",Get Down (You're the One for Me),Backstreet Boys,"1,691,000"
"2,310",Bad Idea Right?,Olivia Rodrigo,"1,689,000"
"2,311",A Woman's Worth,Alicia Keys,"1,688,000"
"2,312",The Man,Taylor Swift,"1,688,000"
"2,313",Instant Karma!,John Lennon,"1,686,000"
"2,314",Russian Roulette,Rihanna,"1,686,000"
"2,315",Innuendo,Queen,"1,685,000"
"2,316",Unchained Melody,Elvis Presley,"1,684,000"
"2,317",When You Tell Me That You Love Me,Diana Ross & Westlife,"1,682,000"
"2,318",Rehab,Rihanna,"1,682,000"
"2,319",The Last Time,The Rolling Stones,"1,682,000"
"2,320",Black Cat,Janet Jackson,"1,681,000"
"2,321",Moscow Mule,Bad Bunny,"1,681,000"
"2,322",Ko Ko Bop,Exo,"1,681,000"
"2,323",19-2000,Gorillaz,"1,680,000"
"2,324",Mother,Pink Floyd,"1,675,000"
"2,325",Athair Ar Neamh,Enya,"1,674,000"
"2,326",Stone Free,Jimi Hendrix,"1,674,000"
"2,327",The Woman in Me (Needs the Man in You),Shania Twain,"1,673,000"
"2,328",Yesterday's Songs,Neil Diamond,"1,670,000"
"2,329",Go Flex,Post Malone,"1,670,000"
"2,330",Bitch Please II,Eminem ft. Dr. Dre & Nate Dogg & Snoop Dogg & Xzibit,"1,670,000"
"2,331",Nobody's Perfect,Miley Cyrus,"1,670,000"
"2,332",Reflections,Diana Ross & The Supremes,"1,670,000"
"2,333",Rain on Me,Ariana Grande & Lady Gaga,"1,669,000"
"2,334",Set the Controls for the Heart of the Sun,Pink Floyd,"1,667,000"
"2,335",Crosstown Traffic,Jimi Hendrix Experience,"1,667,000"
"2,336",Candy Paint,Post Malone,"1,667,000"
"2,337",Pride,Kendrick Lamar,"1,666,000"
"2,338",Love Lockdown,Kanye West,"1,665,000"
"2,339",Evolution,Ayumi Hamasaki,"1,663,000"
"2,340",Scenes from an Italian Restaurant,Billy Joel,"1,662,000"
"2,341",Solo en ti,Enrique Iglesias,"1,662,000"
"2,342",Behind the Wheel,Depeche Mode,"1,662,000"
"2,343",Shirt,SZA,"1,661,000"
"2,344",Picture to Burn,Taylor Swift,"1,661,000"
"2,345",Incomplete,Backstreet Boys,"1,661,000"
"2,346",Playing with Fire,Blackpink,"1,660,000"
"2,347",Rainy Day Women #12 & 35,Bob Dylan,"1,659,000"
"2,348",The Battle Of Evermore,Led Zeppelin,"1,658,000"
"2,349",Seven Years,Norah Jones,"1,657,000"
"2,350",Jesus is Love,Commodores,"1,656,000"
"2,351",Animals,Nickelback,"1,656,000"
"2,352",Freeway of Love,Aretha Franklin,"1,652,000"
"2,353",Can I Get A...,Jay-Z ft. Amil & Ja Rule,"1,650,000"
"2,354",Sweet Dreams,Beyonce,"1,647,000"
"2,355",O Little Town Of Bethlehem,Elvis Presley,"1,645,000"
"2,356",Joy to the World,Mannheim Steamroller,"1,644,000"
"2,357",TQG,Karol G & Shakira,"1,644,000"
"2,358",Stolen Car (Take Me Dancing),Sting,"1,643,000"
"2,359",Partition,Beyonce,"1,643,000"
"2,360",From The Inside,Linkin Park,"1,642,000"
"2,361",Every Beat of My Heart,Rod Stewart,"1,642,000"
"2,362",Nightswimming,R.E.M.,"1,642,000"
"2,363",Fever,Michael Buble,"1,642,000"
"2,364",The Pleasure Principle,Janet Jackson,"1,641,000"
"2,365",Angel,Jimi Hendrix,"1,641,000"
"2,366",Shake That,Eminem ft. Nate Dogg,"1,639,000"
"2,367",King Kunta,Kendrick Lamar,"1,638,000"
"2,368",Scandalous,Prince,"1,637,000"
"2,369","Papa, Can You Hear Me?",Barbra Streisand,"1,636,000"
"2,370",Lavender Haze,Taylor Swift,"1,635,000"
"2,371",Like I Can,Sam Smith,"1,635,000"
"2,372",White Christmas,Elvis Presley,"1,633,000"
"2,373",Phantom of the Opera,Iron Maiden,"1,632,000"
"2,374",On A Plain,Nirvana,"1,632,000"
"2,375",Everglow,Coldplay,"1,631,000"
"2,376",The Zephyr Song,Red Hot Chili Peppers,"1,631,000"
"2,377",Back & Forth,Aaliyah,"1,631,000"
"2,378",Stranger In Moscow,Michael Jackson,"1,629,000"
"2,379",Say You Love Me,Fleetwood Mac,"1,628,000"
"2,380",Getting Better,The Beatles,"1,628,000"
"2,381",Do the Evolution,Pearl Jam,"1,628,000"
"2,382",Streets,Doja Cat,"1,626,000"
"2,383",Love Me,Justin Bieber,"1,626,000"
"2,384",Back Door Man,The Doors,"1,626,000"
"2,385",Could I Have This Kiss Forever,Enrique Iglesias & Whitney Houston,"1,625,000"
"2,386",I Don't Wanna Lose You,Tina Turner,"1,625,000"
"2,387",Send In the Clowns,Barbra Streisand,"1,623,000"
"2,388",Just to Be Close to You,Commodores,"1,623,000"
"2,389",Numb,U2,"1,622,000"
"2,390",A Man I'll Never Be,Boston,"1,619,000"
"2,391",Día de Enero,Shakira,"1,616,000"
"2,392",Elevation,U2,"1,614,000"
"2,393",(If You're Not in It for Love) I'm Outta Here!,Shania Twain,"1,613,000"
"2,394",Heart Attack,Demi Lovato,"1,611,000"
"2,395",So Emotional,Whitney Houston,"1,610,000"
"2,396",How Do You Sleep?,Sam Smith,"1,610,000"
"2,397",The Way,Ariana Grande ft. Mac Miller,"1,610,000"
"2,398",Shadow Of The Day,Linkin Park,"1,609,000"
"2,399",Forever Man,Eric Clapton,"1,609,000"
"2,400",Unpretty,TLC,"1,608,000"
"2,401",Sin City,AC/DC,"1,607,000"
"2,402",What Is And What Should Never Be,Led Zeppelin,"1,607,000"
"2,403",Shake It Off,Mariah Carey,"1,606,000"
"2,404",You Should See Me in a Crown,Billie Eilish,"1,605,000"
"2,405",One Night,Elvis Presley,"1,605,000"
"2,406",Given to Fly,Pearl Jam,"1,604,000"
"2,407",Someone Belonging to Someone,Bee Gees,"1,603,000"
"2,408",So Many Tears,2Pac,"1,603,000"
"2,409",Home by the Sea,Genesis,"1,603,000"
"2,410",Two People,Tina Turner,"1,602,000"
"2,411",Arabella,Arctic Monkeys,"1,602,000"
"2,412",No Reply,The Beatles,"1,601,000"
"2,413",Captain Jack,Billy Joel,"1,600,000"
"2,414",Waitin' on a Sunny Day,Bruce Springsteen,"1,600,000"
"2,415",Not Like Us,Kendrick Lamar,"1,599,000"
"2,416",Eu Quero Apenas,Roberto Carlos,"1,599,000"
"2,417",Over,Drake,"1,597,000"
"2,418",Come & Get It,Selena Gomez,"1,597,000"
"2,419",Behind These Hazel Eyes,Kelly Clarkson,"1,596,000"
"2,420",Harvester Of Sorrow,Metallica,"1,594,000"
"2,421",Exit Music (For a Film),Radiohead,"1,591,000"
"2,422",The Entertainer,Billy Joel,"1,589,000"
"2,423",Black Magic,Little Mix,"1,589,000"
"2,424",Jailbreak,AC/DC,"1,586,000"
"2,425",Gotta Serve Somebody,Bob Dylan,"1,585,000"
"2,426","Jealousy, Jealousy",Olivia Rodrigo,"1,585,000"
"2,427",If I Can't Have You,Shawn Mendes,"1,582,000"
"2,428",Lost,Michael Buble,"1,581,000"
"2,429",Just Like a Woman,Bob Dylan,"1,581,000"
"2,430",Blow Me (One Last Kiss),P!nk,"1,581,000"
"2,431",Shut Up and Drive,Rihanna,"1,581,000"
"2,432",Gorilla,Bruno Mars,"1,581,000"
"2,433",Requiem pour un fou,Johnny Hallyday,"1,581,000"
"2,434",Come Undone,Robbie Williams,"1,580,000"
"2,435",Breed,Nirvana,"1,580,000"
"2,436",The Grease Megamix,Frankie Valli,"1,579,000"
"2,437",Cool for the Summer,Demi Lovato,"1,578,000"
"2,438","No Woman, No Cry",Fugees,"1,578,000"
"2,439","Amada, Amante",Roberto Carlos,"1,578,000"
"2,440",Love Street,The Doors,"1,577,000"
"2,441",Breakthru,Queen,"1,576,000"
"2,442",Supreme,Robbie Williams,"1,576,000"
"2,443",Loca,Shakira ft. Dizzee Rascal or El Cata,"1,574,000"
"2,444",On the Turning Away,Pink Floyd,"1,574,000"
"2,445",Golden,Harry Styles,"1,574,000"
"2,446",Harder to Breathe,Maroon 5,"1,573,000"
"2,447",Can't Turn Back the Years,Phil Collins,"1,573,000"
"2,448",Big Me,Foo Fighters,"1,573,000"
"2,449",Surreal,Ayumi Hamasaki,"1,572,000"
"2,450",Got to Get You into My Life,The Beatles,"1,572,000"
"2,451",Amor Perfeito,Roberto Carlos,"1,571,000"
"2,452",Lying From You,Linkin Park,"1,571,000"
"2,453",For No One,The Beatles,"1,570,000"
"2,454",What She's Doing Now,Garth Brooks,"1,570,000"
"2,455","Meu Querido, Meu Velho, Meu Amigo",Roberto Carlos,"1,570,000"
"2,456",Mean,Taylor Swift,"1,568,000"
"2,457",I'd Lie for You (And That's the Truth),Meat Loaf,"1,567,000"
"2,458",Whistle,Blackpink,"1,567,000"
"2,459",Guns for Hire,AC/DC,"1,566,000"
"2,460",See You,Depeche Mode,"1,565,000"
"2,461",Pour It Up,Rihanna,"1,564,000"
"2,462",Working Day and Night,Michael Jackson,"1,564,000"
"2,463",Every Now And Then,Garth Brooks,"1,563,000"
"2,464",Grantchester Meadows,Pink Floyd,"1,563,000"
"2,465",Just Breathe,Pearl Jam,"1,563,000"
"2,466",You're Welcome,Dwayne Johnson,"1,562,000"
"2,467",O Little Town of Bethlehem,Barbra Streisand,"1,561,000"
"2,468",In My Blood,Shawn Mendes,"1,560,000"
"2,469",The Seeker,The Who,"1,560,000"
"2,470",I Should Have Known Better,The Beatles,"1,559,000"
"2,471",Not Fade Away,The Rolling Stones,"1,559,000"
"2,472",You da One,Rihanna,"1,558,000"
"2,473",The Mob Rules,Black Sabbath,"1,558,000"
"2,474",Secret Love,Bee Gees,"1,558,000"
"2,475","Look at Me, I'm Sandra Dee",Didi Conn & Dinah Manoff & Jamie Donnelly & Stockard Channing,"1,557,000"
"2,476",Cinnamon Girl,Neil Young with Crazy Horse,"1,555,000"
"2,477",Stoney End,Barbra Streisand,"1,555,000"
"2,478",Have You Ever Seen the Rain?,Rod Stewart,"1,554,000"
"2,479",Never Say Never,Justin Bieber ft. Jaden Smith,"1,554,000"
"2,480",Peace Frog,The Doors,"1,554,000"
"2,481",Easy Skanking,Bob Marley,"1,554,000"
"2,482",Magic Bus,The Who,"1,554,000"
"2,483",Only Love Can Break Your Heart,Neil Young,"1,552,000"
"2,484",Salvation,The Cranberries,"1,551,000"
"2,485",Everything Has Changed,Taylor Swift ft. Ed Sheeran,"1,551,000"
"2,486",Who Do You Think You Are,Spice Girls,"1,550,000"
"2,487",I Love Rock N' Roll,Britney Spears,"1,550,000"
"2,488",I Can't Stand It,Eric Clapton,"1,548,000"
"2,489","Me, Myself and I",Beyonce,"1,547,000"
"2,490",Suffragette City,David Bowie,"1,545,000"
"2,491",More than That,Backstreet Boys,"1,544,000"
"2,492",Stupid Girls,P!nk,"1,544,000"
"2,493",No,Meghan Trainor,"1,544,000"
"2,494",Saturday Night Special,Lynyrd Skynyrd,"1,542,000"
"2,495",Shapes of Things,The Yardbirds,"1,542,000"
"2,496",Runaway,Linkin Park,"1,541,000"
"2,497",Mr. Bojangles,Robbie Williams,"1,540,000"
"2,498",Lua de Cristal,Xuxa,"1,540,000"
"2,499",Most Girls,P!nk,"1,538,000"
"2,500",At Your Best (You Are Love),Aaliyah,"1,538,000"
"2,501",No Me Conoce,Bad Bunny & J Balvin & Jhay Cortez,"1,537,000"
"2,502",Rock 'n' Roll Damnation,AC/DC,"1,536,000"
"2,503",Poetic Justice,Kendrick Lamar ft. Drake,"1,536,000"
"2,504",Cotton Fields,Creedence Clearwater Revival,"1,535,000"
"2,505",My Brave Face,Paul McCartney,"1,535,000"
"2,506",Till I Loved You,Barbra Streisand & Don Johnson,"1,535,000"
"2,507",Me Too,Meghan Trainor,"1,534,000"
"2,508",Marooned,Pink Floyd,"1,533,000"
"2,509",These Are the Days of Our Lives,Queen,"1,533,000"
"2,510",A Different Corner,George Michael,"1,532,000"
"2,511",Dirty Harry,Gorillaz ft. Bootie Brown & San Fernando Valley Youth Chorus,"1,531,000"
"2,512",Party Monster,The Weeknd,"1,531,000"
"2,513",When the Sun Goes Down,Arctic Monkeys,"1,531,000"
"2,514",Boys,Britney Spears,"1,530,000"
"2,515","Honey, I'm Home",Shania Twain,"1,530,000"
"2,516",Rock the Boat,Aaliyah,"1,530,000"
"2,517",Good Ride Cowboy,Garth Brooks,"1,528,000"
"2,518",Controversy,Prince,"1,526,000"
"2,519",Brother Love's Travelling Salvation Show,Neil Diamond,"1,526,000"
"2,520",It's Oh So Quiet,Bjork,"1,526,000"
"2,521",The Crystal Ship,The Doors,"1,525,000"
"2,522",Another Brick in the Wall (Part I),Pink Floyd,"1,525,000"
"2,523",Berzerk,Eminem,"1,524,000"
"2,524",Rock And A Hard Place,The Rolling Stones,"1,524,000"
"2,525",Rhythm of My Heart,Rod Stewart,"1,523,000"
"2,526",Rich Flex,21 Savage & Drake,"1,523,000"
"2,527",Come Back to Me,Janet Jackson,"1,522,000"
"2,528",Anaconda,Nicki Minaj,"1,522,000"
"2,529",Armageddon It,Def Leppard,"1,522,000"
"2,530",Try Sleeping With A Broken Heart,Alicia Keys,"1,521,000"
"2,531",Getaway Car,Taylor Swift,"1,521,000"
"2,532",Orion,Metallica,"1,520,000"
"2,533",Little Red Rooster,The Rolling Stones,"1,520,000"
"2,534",After All,Cher & Peter Cetera,"1,518,000"
"2,535",Space Bound,Eminem,"1,517,000"
"2,536",Left and Right,Charlie Puth ft. Jungkook,"1,517,000"
"2,537",The Unforgettable Fire,U2,"1,516,000"
"2,538",When We Stand Together,Nickelback,"1,515,000"
"2,539",Hella Good,No Doubt,"1,514,000"
"2,540",Lonely Days,Bee Gees,"1,514,000"
"2,541",Rock Steady,Aretha Franklin,"1,512,000"
"2,542",The Rising,Bruce Springsteen,"1,511,000"
"2,543",Throwing It All Away,Genesis,"1,511,000"
"2,544",Helter Skelter,The Beatles,"1,511,000"
"2,545",Hymn to the Sea,James Horner,"1,510,000"
"2,546",Yesterdays,Guns N' Roses,"1,510,000"
"2,547",Good For You,Selena Gomez ft. A$AP Rocky,"1,509,000"
"2,548",Unconditionally,Katy Perry,"1,509,000"
"2,549",Candyman,Christina Aguilera,"1,509,000"
"2,550",Amazing Grace,Aretha Franklin,"1,507,000"
"2,551",Sweet Love,Commodores,"1,506,000"
"2,552",Black Sabbath,Black Sabbath,"1,504,000"
"2,553",Don't Be Stupid (You Know I Love You),Shania Twain,"1,503,000"
"2,554",Control,Janet Jackson,"1,502,000"
"2,555",Learnin' the Blues,Frank Sinatra,"1,502,000"
"2,556",(Find a) Reason to Believe,Rod Stewart,"1,501,000"
"2,557",What a Wonderful World,Rod Stewart,"1,501,000"
"2,558",In the Closet,Michael Jackson ft. Princess Stephanie of Monaco,"1,499,000"
"2,559",Good Old-Fashioned Lover Boy,Queen,"1,499,000"
"2,560",Mr. Soul,Buffalo Springfield,"1,496,000"
"2,561",The Fletcher Memorial Home,Pink Floyd,"1,496,000"
"2,562",Substitute,The Who,"1,495,000"
"2,563",The Happiest Days of Our Lives,Pink Floyd,"1,495,000"
"2,564",#9 Dream,John Lennon,"1,494,000"
"2,565",Hurting Each Other,Carpenters,"1,491,000"
"2,566",Wish You Were Gay,Billie Eilish,"1,491,000"
"2,567",Loyalty,Kendrick Lamar ft. Rihanna,"1,491,000"
"2,568","Baby, I Love You",Aretha Franklin,"1,490,000"
"2,569",Fair Trade,Drake ft. Travis Scott,"1,490,000"
"2,570","Roots, Rock, Reggae",Bob Marley,"1,488,000"
"2,571",Good Luck Charm,Elvis Presley,"1,488,000"
"2,572",Hit 'Em Up,2Pac ft. Outlawz,"1,488,000"
"2,573",Red Light Special,TLC,"1,487,000"
"2,574",Shine,Take That,"1,487,000"
"2,575",Noir c'est noir,Johnny Hallyday,"1,486,000"
"2,576",Say You Will,Foreigner,"1,486,000"
"2,577",Minority,Green Day,"1,486,000"
"2,578",Venus As A Boy,Bjork,"1,485,000"
"2,579",Como É Grande O Meu Amor Por Você,Roberto Carlos,"1,485,000"
"2,580",Not Today,BTS,"1,485,000"
"2,581",Boombayah,Blackpink,"1,484,000"
"2,582",Renegade,Jay-Z ft. Eminem,"1,483,000"
"2,583",Sparks,Coldplay,"1,481,000"
"2,584",Trench Town,Bob Marley,"1,481,000"
"2,585",La Bicicleta,Carlos Vives & Shakira,"1,480,000"
"2,586",Young Girls,Bruno Mars,"1,479,000"
"2,587",I Will,The Beatles,"1,479,000"
"2,588",Feelin' the Same Way,Norah Jones,"1,477,000"
"2,589",Dress You Up,Madonna,"1,477,000"
"2,590",Appears,Ayumi Hamasaki,"1,477,000"
"2,591",See Emily Play,Pink Floyd,"1,477,000"
"2,592",Thieves in the Temple,Prince,"1,476,000"
"2,593",Strange Brew,Cream,"1,475,000"
"2,594",Save Me,Queen,"1,475,000"
"2,595",Falling into You,Celine Dion,"1,472,000"
"2,596",Oh My God,Adele,"1,471,000"
"2,597",Shots,Imagine Dragons,"1,470,000"
"2,598",L'Idole des Jeunes,Johnny Hallyday,"1,469,000"
"2,599",Blinded by the Light,Bruce Springsteen,"1,469,000"
"2,600",Pigs on the Wing 2,Pink Floyd,"1,468,000"
"2,601",Mikrokosmos,BTS,"1,467,000"
"2,602",Jesus of Suburbia,Green Day,"1,467,000"
"2,603",Un Dia (One Day),Bad Bunny & Dua Lipa & J Balvin & Tainy,"1,467,000"
"2,604",After Midnight,Eric Clapton,"1,465,000"
"2,605",Airplane Pt. 2,BTS,"1,464,000"
"2,606",Naturally,Selena Gomez & the Scene,"1,464,000"
"2,607",Blown Away,Carrie Underwood,"1,464,000"
"2,608",A Montanha,Roberto Carlos,"1,464,000"
"2,609",Lights Up,Harry Styles,"1,464,000"
"2,610",La Noche de Anoche,Bad Bunny & Rosalía,"1,462,000"
"2,611",Heaven Can Wait,Meat Loaf,"1,460,000"
"2,612",Thinking Of You,Katy Perry,"1,459,000"
"2,613",Never Too Late,Kylie Minogue,"1,459,000"
"2,614",I Really Like You,Carly Rae Jepsen,"1,459,000"
"2,615",Candy,Robbie Williams,"1,458,000"
"2,616",Turn The Page,Metallica,"1,458,000"
"2,617",Heartless,The Weeknd,"1,458,000"
"2,618",Love In The Dark,Adele,"1,457,000"
"2,619",Happy Nation,Ace Of Base,"1,457,000"
"2,620",Just My Imagination,The Cranberries,"1,455,000"
"2,621",Out of the Woods,Taylor Swift,"1,455,000"
"2,622",South of the Border,Ed Sheeran ft. Camila Cabello & Cardi B,"1,455,000"
"2,623",Love the Way You Lie (Part II),Rihanna ft. Eminem,"1,454,000"
"2,624",The Promise,Tracy Chapman,"1,453,000"
"2,625",Downtown Train,Rod Stewart,"1,452,000"
"2,626",Millennium,Robbie Williams,"1,451,000"
"2,627",Iron Maiden,Iron Maiden,"1,451,000"
"2,628",Silver Springs,Fleetwood Mac,"1,451,000"
"2,629",I Wonder,Kanye West,"1,451,000"
"2,630",Knife Talk,Drake ft. 21 Savage & Project Pat,"1,450,000"
"2,631",Supermarket Flowers,Ed Sheeran,"1,450,000"
"2,632",In the Night,The Weeknd,"1,449,000"
"2,633",Only,Nicki Minaj ft. Chris Brown & Drake & Lil Wayne,"1,449,000"
"2,634","Shakira: Bzrp Music Sessions, Vol. 53",Bizarrap & Shakira,"1,449,000"
"2,635",Stargazing,Travis Scott,"1,448,000"
"2,636",She,Green Day,"1,448,000"
"2,637",History,One Direction,"1,447,000"
"2,638",Where Did You Sleep Last Night,Nirvana,"1,447,000"
"2,639",I Love You,Billie Eilish,"1,447,000"
"2,640",Sing a Song,"Earth,Wind & Fire","1,446,000"
"2,641",Chicago Freestyle,Drake & Giveon,"1,445,000"
"2,642",Clumsy,Fergie,"1,445,000"
"2,643",J'ai Oublie De Vivre,Johnny Hallyday,"1,445,000"
"2,644",Dark Lady,Cher,"1,445,000"
"2,645",Leave Me Alone,Michael Jackson,"1,444,000"
"2,646",I'll Be Home for Christmas,Bing Crosby,"1,444,000"
"2,647",I Can Do It with a Broken Heart,Taylor Swift,"1,444,000"
"2,648",Slow Jamz,Kanye West,"1,443,000"
"2,649",I'll Never Love Again,Lady Gaga,"1,442,000"
"2,650",Hold On,Justin Bieber,"1,441,000"
"2,651",Growl,Exo,"1,441,000"
"2,652",Stripped,Depeche Mode,"1,439,000"
"2,653",Taxman,The Beatles,"1,438,000"
"2,654",What You Waiting For?,Gwen Stefani,"1,437,000"
"2,655",Who's Crying Now,Journey,"1,437,000"
"2,656",Cannonball,Supertramp,"1,437,000"
"2,657",All I Want for Christmas Is You,Michael Buble,"1,437,000"
"2,658",Daylight,Maroon 5,"1,436,000"
"2,659",Do You Want to Know a Secret?,The Beatles,"1,435,000"
"2,660",Hold Me While You Wait,Lewis Capaldi,"1,435,000"
"2,661",Hit The Lights,Metallica,"1,435,000"
"2,662",You Don't Fool Me,Queen,"1,434,000"
"2,663",Como Vai Você,Roberto Carlos,"1,434,000"
"2,664",Tangerine,Led Zeppelin,"1,433,000"
"2,665",Hold On,Santana,"1,433,000"
"2,666",King of Pain,The Police,"1,433,000"
"2,667",Castles Made of Sand,Jimi Hendrix Experience,"1,431,000"
"2,668",Be True to Your School,The Beach Boys,"1,430,000"
"2,669",Spirits in the Material World,The Police,"1,429,000"
"2,670",Dive,Ed Sheeran,"1,428,000"
"2,671",Don't Wanna Cry,Seventeen,"1,428,000"
"2,672",Joga,Bjork,"1,427,000"
"2,673",If U Seek Amy,Britney Spears,"1,426,000"
"2,674",Bossa Nova Baby,Elvis Presley,"1,426,000"
"2,675",All-American Girl,Carrie Underwood,"1,425,000"
"2,676",Feelin' Satisfied,Boston,"1,423,000"
"2,677",The Memory of Trees,Enya,"1,423,000"
"2,678",Just in Time,Frank Sinatra,"1,422,000"
"2,679",Don't Turn Around,Ace Of Base,"1,421,000"
"2,680",Emotion,Destiny's Child,"1,421,000"
"2,681",(Now And Then There's) A Fool Such As I,Elvis Presley,"1,421,000"
"2,682",Too Late for Love,Def Leppard,"1,421,000"
"2,683",Moment 4 Life,Nicki Minaj ft. Drake,"1,420,000"
"2,684",Crack a Bottle,Eminem ft. 50 Cent & Dr. Dre,"1,419,000"
"2,685",Cowgirl in the Sand,Neil Young with Crazy Horse,"1,419,000"
"2,686",Santa Claus is Coming to Town,Frank Sinatra,"1,418,000"
"2,687",Wooden Ships,"Crosby, Stills & Nash","1,418,000"
"2,688",Luck Be a Lady,Frank Sinatra,"1,418,000"
"2,689",Night and Day,Frank Sinatra,"1,418,000"
"2,690",Moth to a Flame,The Weeknd,"1,417,000"
"2,691",Miss Independent,Kelly Clarkson,"1,417,000"
"2,692",Heartbreak Hotel,Whitney Houston ft. Faith Evans & Kelly Price,"1,417,000"
"2,693",Runaway,Traveling Wilburys,"1,417,000"
"2,694",Filter,BTS,"1,414,000"
"2,695",Hyper-Ballad,Bjork,"1,414,000"
"2,696",Dare (La La La),Shakira,"1,414,000"
"2,697",K-pop,Bad Bunny & the Weeknd & Travis Scott,"1,413,000"
"2,698","For Emily, Whenever I May Find Her",Simon & Garfunkel,"1,412,000"
"2,699",No Church in the Wild,Kanye West,"1,412,000"
"2,700",Jingle Bells?,Barbra Streisand,"1,411,000"
"2,701",Lately,Stevie Wonder,"1,410,000"
"2,702",Ojos Así,Shakira,"1,410,000"
"2,703",Undercover Of The Night,The Rolling Stones,"1,409,000"
"2,704",Corduroy,Pearl Jam,"1,409,000"
"2,705",Run Like Hell,Pink Floyd,"1,408,000"
"2,706",F**kin' Perfect,P!nk,"1,408,000"
"2,707",Fight Music,D12,"1,408,000"
"2,708",S'il suffisait d'aimer,Celine Dion,"1,407,000"
"2,709",Enjoy Yourself,The Jacksons,"1,407,000"
"2,710",Yonaguni,Bad Bunny,"1,407,000"
"2,711",Can't Take My Eyes Off of You,Lauryn Hill,"1,406,000"
"2,712",Panini,Lil Nas X,"1,406,000"
"2,713",Who Says You Can't Go Home,Bon Jovi & Jennifer Nettles,"1,406,000"
"2,714",Can't Stop This Thing We Started,Bryan Adams,"1,405,000"
"2,715",Lady Marmalade,Christina Aguilera & Lil' Kim & Mya & P!nk,"1,405,000"
"2,716",High Voltage,AC/DC,"1,404,000"
"2,717",Ghost,Justin Bieber,"1,404,000"
"2,718",Champagne Problems,Taylor Swift,"1,403,000"
"2,719",Surrender,Elvis Presley,"1,402,000"
"2,720",Love at First Sight,Kylie Minogue,"1,402,000"
"2,721",This Is How We Do,Katy Perry,"1,401,000"
"2,722",All at Once,Whitney Houston,"1,399,000"
"2,723",Black Magic Woman,Fleetwood Mac,"1,399,000"
"2,724",Cool,Gwen Stefani,"1,398,000"
"2,725",Liberian Girl,Michael Jackson,"1,398,000"
"2,726",Snap Out of It,Arctic Monkeys,"1,396,000"
"2,727",Ride,Lana Del Rey,"1,396,000"
"2,728",Feather,Sabrina Carpenter,"1,396,000"
"2,729",Pushing Me Away,Linkin Park,"1,396,000"
"2,730",Brand New Day,Sting,"1,395,000"
"2,731",Devotion,"Earth,Wind & Fire","1,394,000"
"2,732",Strangers Like Me,Phil Collins,"1,393,000"
"2,733",I've Got a Rock 'n' Roll Heart,Eric Clapton,"1,393,000"
"2,734",Tulsa Time,Eric Clapton,"1,393,000"
"2,735",Flying High Again,Ozzy Osbourne,"1,392,000"
"2,736",We Weren't Born to Follow,Bon Jovi,"1,391,000"
"2,737",My Tears Ricochet,Taylor Swift,"1,391,000"
"2,738",Love Is the Seventh Wave,Sting,"1,390,000"
"2,739",Wasted on You,Morgan Wallen,"1,390,000"
"2,740",Animal Instinct,The Cranberries,"1,390,000"
"2,741",Within You Without You,The Beatles,"1,390,000"
"2,742",King Creole,Elvis Presley,"1,389,000"
"2,743",Girl,Destiny's Child,"1,389,000"
"2,744",Midnight Rain,Taylor Swift,"1,389,000"
"2,745",No Church in the Wild,Jay-Z & Kanye West ft. Frank Ocean,"1,388,000"
"2,746",It's in the Way That You Use It,Eric Clapton,"1,384,000"
"2,747",Freedom,Wham!,"1,383,000"
"2,748",Cuts Like a Knife,Bryan Adams,"1,383,000"
"2,749",Lost Inside of You,Barbra Streisand,"1,382,000"
"2,750",(Love Is) The Tender Trap,Frank Sinatra,"1,382,000"
"2,751",I Like You (A Happier Song),Post Malone ft. Doja Cat,"1,382,000"
"2,752",Pick Up the Phone,Travis Scott & Young Thug ft. Quavo,"1,381,000"
"2,753",When I'm Gone,Eminem,"1,381,000"
"2,754",Light Switch,Charlie Puth,"1,380,000"
"2,755",When You Love a Woman,Journey,"1,380,000"
"2,756",Rock and Roll Music,The Beatles,"1,380,000"
"2,757",Cover Me,Bruce Springsteen,"1,379,000"
"2,758",Who...,Ayumi Hamasaki,"1,378,000"
"2,759",My Bonnie,The Beatles,"1,378,000"
"2,760",Moonlight in Vermont,Frank Sinatra,"1,378,000"
"2,761","Christmas Sweet: God Rest Ye Merry, Gentlemen",Mannheim Steamroller,"1,377,000"
"2,762",Shiver,Coldplay,"1,376,000"
"2,763",Everybody's Fool,Evanescence,"1,376,000"
"2,764",For Your Life,Led Zeppelin,"1,376,000"
"2,765",Lemon,U2,"1,376,000"
"2,766",Don't Fight the Feeling,Exo,"1,375,000"
"2,767",Half-Breed,Cher,"1,374,000"
"2,768",Lithium,Evanescence,"1,374,000"
"2,769",Vete,Bad Bunny,"1,373,000"
"2,770",Ain't 2 Proud 2 Beg,TLC,"1,373,000"
"2,771",Experiencia Religiosa,Enrique Iglesias,"1,373,000"
"2,772",Train Kept A-Rollin',Aerosmith,"1,373,000"
"2,773",Call Me Baby,Exo,"1,369,000"
"2,774",Fashion,David Bowie,"1,368,000"
"2,775",Victim Of Love,Eagles,"1,368,000"
"2,776",Runaway Baby,Bruno Mars,"1,364,000"
"2,777",Who's Lovin' You,The Jackson 5,"1,363,000"
"2,778","You're on Your Own, Kid",Taylor Swift,"1,361,000"
"2,779",Magnificent,U2,"1,361,000"
"2,780",Yes Indeed,Drake & Lil Baby,"1,361,000"
"2,781",Lucky You,Eminem,"1,360,000"
"2,782",Lodi,Creedence Clearwater Revival,"1,360,000"
"2,783",How to Disappear Completely,Radiohead,"1,359,000"
"2,784",Put Your Dreams Away (For Another Day),Frank Sinatra,"1,358,000"
"2,785",Anyone,Justin Bieber,"1,357,000"
"2,786",Moody Blue,Elvis Presley,"1,357,000"
"2,787",Stille Nacht (Silent Night),Mannheim Steamroller,"1,356,000"
"2,788",Monster,Kanye West,"1,355,000"
"2,789",I'll Be Home For Christmas,Elvis Presley,"1,353,000"
"2,790",Upgrade U,Beyonce ft. Jay-Z,"1,351,000"
"2,791",Kiss Me,Ed Sheeran,"1,350,000"
"2,792",Hand on Your Heart,Kylie Minogue,"1,350,000"
"2,793",Running Free,Iron Maiden,"1,349,000"
"2,794",Muscles,Diana Ross,"1,349,000"
"2,795",Kings and Queens,Aerosmith,"1,347,000"
"2,796",When All Is Said and Done,ABBA,"1,346,000"
"2,797",Thugz Mansion,2Pac ft. J. Phoenix & Nas,"1,346,000"
"2,798",Play the Game,Queen,"1,346,000"
"2,799",Gorgeous,Taylor Swift,"1,344,000"
"2,800",China Roses,Enya,"1,343,000"
"2,801",Dancing Days,Led Zeppelin,"1,343,000"
"2,802",Tenerife Sea,Ed Sheeran,"1,342,000"
"2,803",Hands To Myself,Selena Gomez,"1,341,000"
"2,804",Chasin' You,Morgan Wallen,"1,341,000"
"2,805",Out West,JackBoys & Travis Scott ft. Young Thug,"1,341,000"
"2,806",Rollin' and Tumblin',Cream,"1,340,000"
"2,807",_World,Seventeen,"1,340,000"
"2,808",What Do You Want from Me,Pink Floyd,"1,340,000"
"2,809",Alone,Celine Dion,"1,340,000"
"2,810",Here I Am,Bryan Adams,"1,339,000"
"2,811",All Those Years Ago,George Harrison,"1,339,000"
"2,812",Mama Said,Metallica,"1,338,000"
"2,813",Rhinestone Eyes,Gorillaz,"1,337,000"
"2,816",Make It Happen,Mariah Carey,"1,336,000"
"2,814",The 1,Taylor Swift,"1,336,000"
"2,815",All Bout U,2Pac ft. Dru Down & Hussein Fatal & Nate Dogg & Snoop Dogg & Yaki Kadafi,"1,336,000"
"2,817",Shoot the Moon,Norah Jones,"1,335,000"
"2,818",Angel,Fleetwood Mac,"1,335,000"
"2,819",Discothèque,U2,"1,335,000"
"2,820","Father Stretch My Hands, Pt. 1",Kanye West,"1,333,000"
"2,821",Moneytalks,AC/DC,"1,333,000"
"2,822",No Me Ames,Jennifer Lopez & Marc Anthony,"1,332,000"
"2,823",I Hear a Symphony,The Supremes,"1,330,000"
"2,824",As Tears Go By,The Rolling Stones,"1,329,000"
"2,825",Funhouse,P!nk,"1,329,000"
"2,826",Thought You Should Know,Morgan Wallen,"1,329,000"
"2,827",I'm Gonna Make You Love Me,Diana Ross & The Supremes & The Temptations,"1,327,000"
"2,828",War Machine,AC/DC,"1,327,000"
"2,829",Love Walks In,Van Halen,"1,326,000"
"2,830",Nothing Even Matters,Lauryn Hill ft. D'Angelo,"1,324,000"
"2,831",Whenever You Call,Brian McKnight & Mariah Carey,"1,323,000"
"2,832",Nothingman,Pearl Jam,"1,322,000"
"2,833",Keep Talking,Pink Floyd,"1,321,000"
"2,834",Malibu,Miley Cyrus,"1,321,000"
"2,835",I'll Be Alright Without You,Journey,"1,321,000"
"2,836",I Don't Care Anymore,Phil Collins,"1,321,000"
"2,837",It Ain't Me Babe,Bob Dylan,"1,319,000"
"2,838",Company,Justin Bieber,"1,318,000"
"2,839",Fat Old Sun,Pink Floyd,"1,318,000"
"2,840",Sorry,Beyonce,"1,317,000"
"2,841",Very Nice,Seventeen,"1,317,000"
"2,842",Addicted to You,Avicii,"1,316,000"
"2,843",Heart Of Stone,The Rolling Stones,"1,316,000"
"2,844",Snow on the Beach,Taylor Swift ft. Lana Del Rey,"1,315,000"
"2,845",Fireball,Deep Purple,"1,314,000"
"2,846",Rearviewmirror,Pearl Jam,"1,314,000"
"2,847",Machine Gun,Commodores,"1,313,000"
"2,848",O Calhambeque,Roberto Carlos,"1,312,000"
"2,849",Hypnotize,System of a Down,"1,312,000"
"2,850",Gloria,U2,"1,311,000"
"2,851",To Live & Die in L.A.,Makaveli ft. Val Young,"1,311,000"
"2,852",Just,Radiohead,"1,310,000"
"2,853",Used to Love Her,Guns N' Roses,"1,309,000"
"2,854",Violet Hill,Coldplay,"1,308,000"
"2,855",New Romantics,Taylor Swift,"1,308,000"
"2,856",The Truth Untold,BTS,"1,308,000"
"2,857",Tú,Shakira,"1,308,000"
"2,858",Fingertips,Stevie Wonder,"1,307,000"
"2,859",Why Should I Cry for You,Sting,"1,307,000"
"2,860",Cowboy Casanova,Carrie Underwood,"1,307,000"
"2,861","Take My Hand, Precious Lord",Elvis Presley,"1,307,000"
"2,862",Dear Mr. President,P!nk ft. Indigo Girls,"1,307,000"
"2,863",Fortress Around Your Heart,Sting,"1,306,000"
"2,864",Summer Love / Set the Mood (Prelude),Justin Timberlake,"1,305,000"
"2,865",All I Need,Radiohead,"1,305,000"
"2,866",Waiting On A Friend,The Rolling Stones,"1,304,000"
"2,867",Chained To The Rhythm,Katy Perry ft. Skip Marley,"1,304,000"
"2,868",If You Want Blood (You've Got It),AC/DC,"1,304,000"
"2,869",Anpanman,BTS,"1,303,000"
"2,870",Paper Rings,Taylor Swift,"1,302,000"
"2,871",Ticket to Ride,Carpenters,"1,302,000"
"2,872",Shout Out to My Ex,Little Mix,"1,302,000"
"2,873",Winter Wonderland,Bing Crosby,"1,301,000"
"2,874",Bang Bang (My Baby Shot Me Down),Cher,"1,301,000"
"2,875",Golden Slumbers,The Beatles,"1,301,000"
"2,876",Aneurysm,Nirvana,"1,300,000"
"2,877",Don't Lie,Black Eyed Peas,"1,300,000"
"2,878",Doin' Time,Lana Del Rey,"1,300,000"
"2,879",Monkey Wrench,Foo Fighters,"1,299,000"
"2,880",Role Model,Eminem,"1,299,000"
"2,881",Pax Deorum,Enya,"1,299,000"
"2,882",Nightrain,Guns N' Roses,"1,296,000"
"2,883",Problem Child,AC/DC,"1,296,000"
"2,884",Ain't It Fun,Guns N' Roses ft. Michael Monroe,"1,295,000"
"2,885",Paranoid Android,Radiohead,"1,295,000"
"2,886",Our Last Summer,ABBA,"1,294,000"
"2,887",First of May,Bee Gees,"1,293,000"
"2,888",Laugh Now Cry Later,Drake ft. Lil Durk,"1,293,000"
"2,889",Torture,The Jacksons,"1,293,000"
"2,890",Wake Up Call,Maroon 5,"1,292,000"
"2,891",I Wanna Go,Britney Spears,"1,292,000"
"2,892",Fixing a Hole,The Beatles,"1,291,000"
"2,893",Be the One,Dua Lipa,"1,291,000"
"2,894",Dream On,Depeche Mode,"1,291,000"
"2,895",Say Goodbye to Hollywood,Billy Joel,"1,290,000"
"2,896",Croc Croc,Xuxa,"1,290,000"
"2,897",Family Ties,Baby Keem & Kendrick Lamar,"1,289,000"
"2,898",Holly Jolly Christmas,Michael Buble,"1,288,000"
"2,899",Dionysus,BTS,"1,288,000"
"2,900",Energy,Drake,"1,287,000"
"2,901",My Boy,Billie Eilish,"1,287,000"
"2,902",Same Old Love,Selena Gomez,"1,286,000"
"2,903",Anytime You Need a Friend,Mariah Carey,"1,286,000"
"2,904",Your Poppa Don't Mind,Supertramp,"1,286,000"
"2,905",Viva Las Vegas,Elvis Presley,"1,285,000"
"2,906",Je sais pas,Celine Dion,"1,284,000"
"2,907",You Really Got a Hold on Me,The Beatles,"1,284,000"
"2,908",New York Mining Disaster 1941,Bee Gees,"1,283,000"
"2,909",Shilo,Neil Diamond,"1,283,000"
"2,910",Confident,Demi Lovato,"1,282,000"
"2,911",The Sensitive Kind,Santana,"1,281,000"
"2,912",Don't Let It Bring You Down,Neil Young,"1,281,000"
"2,913",Whatever Gets You thru the Night,John Lennon,"1,281,000"
"2,914",Around the World,Red Hot Chili Peppers,"1,279,000"
"2,915",It Had to Be You,Barbra Streisand,"1,278,000"
"2,916",Ready to Love,Seventeen,"1,278,000"
"2,917",Driven to Tears,The Police,"1,277,000"
"2,918",The Invisible Man,Queen,"1,276,000"
"2,919",Hole in My Soul,Aerosmith,"1,276,000"
"2,920",You Have Been Loved,George Michael,"1,274,000"
"2,921",Si Te Vas,Shakira,"1,274,000"
"2,922","Tonight, Tonight, Tonight",Genesis,"1,274,000"
"2,923",Mother and Child Reunion,Paul Simon,"1,273,000"
"2,924",Sparks Fly,Taylor Swift,"1,273,000"
"2,925",Deeper And Deeper,Madonna,"1,272,000"
"2,926",Long As I Can See The Light,Creedence Clearwater Revival,"1,271,000"
"2,927",Come & Go,Juice Wrld & Marshmello,"1,270,000"
"2,928",Copycat,Billie Eilish,"1,269,000"
"2,929",Someone to Watch Over Me,Rod Stewart,"1,269,000"
"2,930",With You,Linkin Park,"1,269,000"
"2,931",Santa Claus Is Coming to Town,Michael Buble,"1,268,000"
"2,932",Even Better Than The Real Thing,U2,"1,267,000"
"2,933",Money in the Grave,Drake ft. Rick Ross,"1,267,000"
"2,934",Fever,Elvis Presley,"1,266,000"
"2,935",Hold Up,Beyonce,"1,266,000"
"2,936",Find Your Love,Drake,"1,264,000"
"2,937",Welcome to the Machine,Pink Floyd,"1,264,000"
"2,938",À Distância,Roberto Carlos,"1,263,000"
"2,939",Dark Paradise,Lana Del Rey,"1,262,000"
"2,940",Can't You Hear Me Knocking,The Rolling Stones,"1,261,000"
"2,941",You Don't Know My Name,Alicia Keys,"1,261,000"
"2,942",Good Morning Heartache,Diana Ross,"1,260,000"
"2,943",All Together Now,The Beatles,"1,260,000"
"2,944",Yosemite,Travis Scott ft. Gunna & Nav,"1,260,000"
"2,945",That I Would Be Good,Alanis Morissette,"1,259,000"
"2,946",Causing A Commotion,Madonna,"1,259,000"
"2,947",Out on the Weekend,Neil Young,"1,257,000"
"2,948",Secret Love Song,Little Mix ft. Jason Derulo,"1,256,000"
"2,949",Lucky Strike,Maroon 5,"1,256,000"
"2,950",Suck My Kiss,Red Hot Chili Peppers,"1,255,000"
"2,951",Stoned Love,The Supremes,"1,255,000"
"2,952",Shadow Captain,"Crosby, Stills & Nash","1,255,000"
"2,953",7,Prince and the New Power Generation,"1,255,000"
"2,954",Love Somebody,Maroon 5,"1,254,000"
"2,955",Try Again,Aaliyah ft. Timbaland,"1,254,000"
"2,956",Opalite,Taylor Swift,"1,253,000"
"2,957",Big Balls,AC/DC,"1,252,000"
"2,958",La Musique Que J'aime,Johnny Hallyday,"1,252,000"
"2,959",Butterfly,BTS,"1,251,000"
"2,960",Mardy Bum,Arctic Monkeys,"1,251,000"
"2,961",LoveStoned / I Think She Knows (Interlude),Justin Timberlake,"1,250,000"
"2,962",The One,Backstreet Boys,"1,249,000"
"2,963",Like I Love You,Justin Timberlake,"1,249,000"
"2,964",Pour moi la vie va commencer,Johnny Hallyday,"1,249,000"
"2,965",Cigarettes & Alcohol,Oasis,"1,249,000"
"2,966",Until You Come Back to Me (That's What I'm Gonna Do),Aretha Franklin,"1,249,000"
"2,967",Bleeding Me,Metallica,"1,248,000"
"2,968",Put Your Lights On,Santana ft. Everlast,"1,248,000"
"2,969",Lost in Japan,Shawn Mendes,"1,248,000"
"2,970",Neverita,Bad Bunny,"1,248,000"
"2,971",Warriors,Imagine Dragons,"1,248,000"
"2,972",Cruel Summer,Ace Of Base,"1,247,000"
"2,973",Lovesong,Adele,"1,246,000"
"2,974",You Right,Doja Cat & The Weeknd,"1,245,000"
"2,975",Qué Pretendes,Bad Bunny & J Balvin,"1,244,000"
"2,976",Cold,Maroon 5 ft. Future,"1,244,000"
"2,977",Spicks and Specks,Bee Gees,"1,244,000"
"2,978",You Make Me,Avicii,"1,244,000"
"2,979",Bonfire Heart,James Blunt,"1,243,000"
"2,980",Eagle,ABBA,"1,243,000"
"2,981",Diva,Beyonce,"1,242,000"
"2,982",Broken Clocks,SZA,"1,242,000"
"2,983",Jigsaw Falling into Place,Radiohead,"1,242,000"
"2,984",Someone to Watch Over Me,Frank Sinatra,"1,241,000"
"2,985",Keep Your Head to the Sky,"Earth,Wind & Fire","1,240,000"
"2,986",Just a Dream,Carrie Underwood,"1,240,000"
"2,987",Por Amarte,Enrique Iglesias,"1,239,000"
"2,988",Allumer Le Feu,Johnny Hallyday,"1,239,000"
"2,989",Intro: Serendipity,BTS,"1,238,000"
"2,990",You Make Me Sick,P!nk,"1,238,000"
"2,991",Better Days,Bruce Springsteen,"1,237,000"
"2,992",Marry The Night,Lady Gaga,"1,237,000"
"2,993",Que Me Quedes Tú,Shakira,"1,237,000"
"2,994",In My Time Of Dying,Led Zeppelin,"1,236,000"
"2,995",There's a Kind of Hush,Carpenters,"1,236,000"
"2,996",That's What I Want,Lil Nas X,"1,235,000"
"2,997",I'm Goin' Down,Bruce Springsteen,"1,235,000"
"2,998",Wishing Well,Juice Wrld,"1,235,000"
"2,999",National Anthem,Lana Del Rey,"1,234,000"
"3,000",Si Tu Te Vas,Enrique Iglesias,"1,233,000"
"3,001",The Real Me,The Who,"1,232,000"
"3,002",(You Want To) Make a Memory,Bon Jovi,"1,231,000"
"3,003",A Year Without Rain,Selena Gomez & the Scene,"1,230,000"
"3,004",Justify My Love,Madonna,"1,230,000"
"3,005",Lost!,Coldplay,"1,228,000"
"3,006",I'm Only Sleeping,The Beatles,"1,227,000"
"3,007",I Know What You Did Last Summer,Camila Cabello & Shawn Mendes,"1,227,000"
"3,008",Silent Night,Carpenters,"1,227,000"
"3,009",I Look to You,Whitney Houston,"1,227,000"
"3,010",My Way,Usher,"1,226,000"
"3,011",Four Strong Winds,Neil Young,"1,224,000"
"3,012",You Don't Have to Say You Love Me,Elvis Presley,"1,224,000"
"3,013",Draw the Line,Aerosmith,"1,224,000"
"3,014",Don't Panic,Coldplay,"1,223,000"
"3,015",I'll Be Home for Christmas,Michael Buble,"1,223,000"
"3,016",Sexy MF,Prince and the New Power Generation,"1,223,000"
"3,017",Tennis Court,Lorde,"1,223,000"
"3,018",King's Dead,Future & James Blake & Jay Rock & Kendrick Lamar,"1,222,000"
"3,019",In Your Eyes,Kylie Minogue,"1,221,000"
"3,020",Given Up,Linkin Park,"1,221,000"
"3,021","Souvenirs, souvenirs",Johnny Hallyday,"1,220,000"
"3,022",Teenage Fever,Drake,"1,219,000"
"3,023",As,Stevie Wonder,"1,219,000"
"3,024",I Turn to You,Christina Aguilera,"1,219,000"
"3,025",Tunnel of Love,Bruce Springsteen,"1,219,000"
"3,026",What Am I to You?,Norah Jones,"1,219,000"
"3,027","I Want You, I Need You, I Love You",Elvis Presley,"1,219,000"
"3,028",It's Like That,Mariah Carey,"1,218,000"
"3,029",Young Forever,Jay-Z ft. Mr Hudson,"1,218,000"
"3,030",Better Be Good to Me,Tina Turner,"1,217,000"
"3,031",E-Bow the Letter,R.E.M.,"1,217,000"
"3,032",Breathin,Ariana Grande,"1,216,000"
"3,033",Everybody,Madonna,"1,215,000"
"3,034",Dès que le vent soufflera,Renaud,"1,214,000"
"3,035",Sweet Creature,Harry Styles,"1,214,000"
"3,036",Dejà Vu,Beyonce ft. Jay-Z,"1,213,000"
"3,037",Subcity,Tracy Chapman,"1,213,000"
"3,038",I Believe,Elvis Presley,"1,213,000"
"3,039",Keep Holding On,Avril Lavigne,"1,212,000"
"3,040",8 Days of Christmas,Destiny's Child,"1,212,000"
"3,041",Tonight,David Bowie & Tina Turner,"1,212,000"
"3,042",D'You Know What I Mean?,Oasis,"1,211,000"
"3,043",Do You Know? (The Ping Pong Song),Enrique Iglesias,"1,209,000"
"3,044",Whiplash,Metallica,"1,209,000"
"3,045",An Innocent Man,Billy Joel,"1,209,000"
"3,046",My Funny Valentine,Frank Sinatra,"1,209,000"
"3,047",White America,Eminem,"1,209,000"
"3,048",Safaera,Bad Bunny ft. Jowell & Ñengo Flow & Randy,"1,208,000"
"3,049",Stronger Than Me,Amy Winehouse,"1,208,000"
"3,050",Yo Perreo Sola,Bad Bunny,"1,207,000"
"3,051","Make No Mistake, He's Mine",Barbra Streisand & Kim Carnes,"1,206,000"
"3,052",That's The Way,Led Zeppelin,"1,205,000"
"3,053",Mercy,Kanye West,"1,205,000"
"3,054",Brutal,Olivia Rodrigo,"1,205,000"
"3,055",Guajira,Santana,"1,204,000"
"3,056",The Most Beautiful Girl in the World,Prince,"1,203,000"
"3,057",Everything Is Everything,Lauryn Hill,"1,202,000"
"3,058",Jingle Bells,Michael Buble ft. The Puppini Sisters,"1,202,000"
"3,059",Wrong,Depeche Mode,"1,202,000"
"3,060",Radio Free Europe,R.E.M.,"1,201,000"
"3,061",The Main Event/Fight,Barbra Streisand,"1,201,000"
"3,062",Gimme Back My Bullets,Lynyrd Skynyrd,"1,201,000"
"3,063",All I Do,Stevie Wonder,"1,200,000"
"3,064",End Game,Taylor Swift ft. Ed Sheeran & Future,"1,200,000"
"3,065",Comes a Time,Neil Young,"1,200,000"
"3,066",Love So Right,Bee Gees,"1,197,000"
"3,067",True Love,Elton John & Kiki Dee,"1,197,000"
"3,068",I Can't Explain,The Who,"1,196,000"
"3,069",When the Music's Over,The Doors,"1,195,000"
"3,070",Hard Headed Woman,Elvis Presley,"1,195,000"
"3,071",Welcome to New York,Taylor Swift,"1,195,000"
"3,072",Waking Up In Vegas,Katy Perry,"1,194,000"
"3,073",Rocket,Def Leppard,"1,193,000"
"3,074",See the Changes,"Crosby, Stills & Nash","1,193,000"
"3,075",Blasphemous Rumours,Depeche Mode,"1,192,000"
"3,076",I've Got a Crush on You,Frank Sinatra,"1,192,000"
"3,077",For a Better Day,Avicii,"1,191,000"
"3,078",TV Off,Kendrick Lamar ft. Lefty Gunplay,"1,191,000"
"3,079",Sunday Morning,No Doubt,"1,190,000"
"3,080",Run to Me,Bee Gees,"1,190,000"
"3,081",Darkness on the Edge of Town,Bruce Springsteen,"1,189,000"
"3,082",Day Dreaming,Aretha Franklin,"1,189,000"
"3,083",Charlie Brown,Coldplay,"1,189,000"
"3,084",Everybody's Everything,Santana,"1,188,000"
"3,085",Cinderella Man,Eminem,"1,188,000"
"3,086",Work Bitch,Britney Spears,"1,188,000"
"3,087",The Fool on the Hill,The Beatles,"1,187,000"
"3,088",Perry Mason,Ozzy Osbourne,"1,187,000"
"3,089",Road Trippin',Red Hot Chili Peppers,"1,186,000"
"3,090",Pocketful of Rainbows,Elvis Presley,"1,186,000"
"3,091",19th Nervous Breakdown,The Rolling Stones,"1,185,000"
"3,092",La Santa,Bad Bunny & Daddy Yankee,"1,185,000"
"3,093",Bejeweled,Taylor Swift,"1,184,000"
"3,094",I Want Love,Elton John,"1,184,000"
"3,095",Concrete Jungle,Bob Marley,"1,184,000"
"3,096",One Drop,Bob Marley,"1,183,000"
"3,097",It's a Hard Life,Queen,"1,182,000"
"3,098",All I Really Want,Alanis Morissette,"1,182,000"
"3,099",Flor d'Luna (Moonflower),Santana,"1,182,000"
"3,100",Ain't No Sunshine,Michael Jackson,"1,182,000"
"3,101",Life In Technicolor,Coldplay,"1,182,000"
"3,102",Skybird,Neil Diamond,"1,182,000"
"3,103",Walking in Memphis,Cher,"1,181,000"
"3,104",Skyfall,Adele,"1,180,000"
"3,105",Is It Over Now?,Taylor Swift,"1,179,000"
"3,106",Flaming Star,Elvis Presley,"1,179,000"
"3,107",All of You,Diana Ross & Julio Iglesias,"1,179,000"
"3,108",I Never Loved a Man (The Way I Love You),Aretha Franklin,"1,178,000"
"3,109",The Boss,Diana Ross,"1,178,000"
"3,110",Mr. Perfectly Fine,Taylor Swift,"1,178,000"
"3,111",Miracle Man,Ozzy Osbourne,"1,176,000"
"3,112",Let Me Roll It,Paul McCartney & Wings,"1,176,000"
"3,113",Not a Bad Thing / Pair of Wings,Justin Timberlake,"1,176,000"
"3,114",Si Estuviésemos Juntos,Bad Bunny,"1,176,000"
"3,115",To Zion,Lauryn Hill ft. Carlos Santana,"1,175,000"
"3,116",Jump to It,Aretha Franklin,"1,175,000"
"3,117",More Than My Hometown,Morgan Wallen,"1,174,000"
"3,118",A Day Without Rain,Enya,"1,173,000"
"3,119",One Right Now,Post Malone & the Weeknd,"1,173,000"
"3,120",Way 2 Sexy,Drake ft. Future & Young Thug,"1,172,000"
"3,121",My World Is Empty Without You,The Supremes,"1,170,000"
"3,122",Electricity,Dua Lipa & Silk City ft. Diplo & Mark Ronson,"1,170,000"
"3,123",I Ain't Mad at Cha,2Pac ft. Danny Boy,"1,170,000"
"3,124",God Must Have Spent a Little More Time on You,NSYNC,"1,169,000"
"3,125",Baby Grand,Billy Joel,"1,169,000"
"3,126",Remedy,Adele,"1,168,000"
"3,127",Turn Your Lights Down Low,Bob Marley,"1,168,000"
"3,128",Si Veo a Tu Mamá,Bad Bunny,"1,167,000"
"3,129",Africa Unite,Bob Marley,"1,166,000"
"3,130",Santa Bring My Baby Back (To Me),Elvis Presley,"1,166,000"
"3,131",No Reply at All,Genesis,"1,166,000"
"3,132",We Need a Resolution,Aaliyah ft. Timbaland,"1,165,000"
"3,133",The First Noel,Frank Sinatra,"1,165,000"
"3,134",Além Do Horizonte,Roberto Carlos,"1,165,000"
"3,135",Underneath the Tree,Kelly Clarkson,"1,165,000"
"3,136",All the Good Girls Go to Hell,Billie Eilish,"1,164,000"
"3,137",Tim McGraw,Taylor Swift,"1,164,000"
"3,138",Las de la Intuición,Shakira,"1,164,000"
"3,139",Mother's Little Helper,The Rolling Stones,"1,164,000"
"3,140",Dark Necessities,Red Hot Chili Peppers,"1,164,000"
"3,141",Lighters,Bad Meets Evil ft. Bruno Mars,"1,163,000"
"3,142",Wonderful Christmastime,Paul McCartney,"1,163,000"
"3,143",Smoke Two Joints,Sublime,"1,163,000"
"3,144",Should've Said No,Taylor Swift,"1,162,000"
"3,145",Cry for a Shadow,The Beatles,"1,162,000"
"3,146",Please Mister Postman,The Beatles,"1,161,000"
"3,147",Fallin' Flower,Seventeen,"1,161,000"
"3,148",Do It Again,The Beach Boys,"1,160,000"
"3,149",Caught Up,Usher,"1,159,000"
"3,150",Hey Mama,Black Eyed Peas,"1,159,000"
"3,151",Love and Marriage,Frank Sinatra,"1,159,000"
"3,152",Te Felicito,Rauw Alejandro & Shakira,"1,159,000"
"3,153",Could It Be Magic,Take That,"1,158,000"
"3,154",If I Should Fall Behind,Bruce Springsteen,"1,158,000"
"3,155",Of Wolf And Man,Metallica,"1,158,000"
"3,156",Still Crazy After All These Years,Paul Simon,"1,158,000"
"3,157","4th of July, Asbury Park (Sandy)",Bruce Springsteen,"1,158,000"
"3,158",Loving The Alien,David Bowie,"1,158,000"
"3,159",Lonely Looking Sky,Neil Diamond,"1,158,000"
"3,160",If We Were a Movie,Miley Cyrus,"1,157,000"
"3,161",Talk,Coldplay,"1,157,000"
"3,162",Man on the Corner,Genesis,"1,156,000"
"3,163",Another Part of Me,Michael Jackson,"1,156,000"
"3,164",Thank You,Led Zeppelin,"1,156,000"
"3,165",We Made You,Eminem,"1,155,000"
"3,166",Adore You,Miley Cyrus,"1,155,000"
"3,167",Arrow Through Me,Wings,"1,153,000"
"3,168",Waiting For The End,Linkin Park,"1,153,000"
"3,169",The Man in Me,Bob Dylan,"1,152,000"
"3,170",Dog Eat Dog,AC/DC,"1,151,000"
"3,171",Have Yourself a Merry Little Christmas,Michael Buble,"1,149,000"
"3,172",The Love You Save,The Jackson 5,"1,149,000"
"3,173",Rock and Roll Ain't Noise Pollution,AC/DC,"1,148,000"
"3,174",Killers,Iron Maiden,"1,148,000"
"3,175",If,Pink Floyd,"1,146,000"
"3,176",If You Asked Me To,Celine Dion,"1,146,000"
"3,177",I Am Mine,Pearl Jam,"1,146,000"
"3,178",Doesn't Really Matter,Janet Jackson,"1,146,000"
"3,179",Bang and Blame,R.E.M.,"1,146,000"
"3,180",If I Never See Your Face Again,Maroon 5 ft. Rihanna,"1,144,000"
"3,181",Trauma,Ayumi Hamasaki,"1,144,000"
"3,182",My Heart Belongs to Me,Barbra Streisand,"1,144,000"
"3,183",Lucy in the Sky with Diamonds,Elton John,"1,143,000"
"3,184",Diggin' on You,TLC,"1,142,000"
"3,185",Ka-Ching!,Shania Twain,"1,142,000"
"3,186",Cover Me Up,Morgan Wallen,"1,141,000"
"3,187",White Horse,Taylor Swift,"1,141,000"
"3,188",Lean wit Me,Juice Wrld,"1,141,000"
"3,189",From Time,Drake ft. Jhené Aiko,"1,140,000"
"3,190",Izzo (H.O.V.A.),Jay-Z,"1,139,000"
"3,191",Crew Love,Drake ft. the Weeknd,"1,137,000"
"3,192",The Morning,The Weeknd,"1,136,000"
"3,193",Brooklyn Roads,Neil Diamond,"1,135,000"
"3,194",Why Worry,Dire Straits,"1,135,000"
"3,195",Rock or Bust,AC/DC,"1,135,000"
"3,196",Pyramid Song,Radiohead,"1,134,000"
"3,197",More Than This,One Direction,"1,134,000"
"3,198",90210,Travis Scott ft. Kacy Hill,"1,134,000"
"3,199",Good Morning,Kanye West,"1,133,000"
"3,200",Love Me Right,Exo,"1,133,000"
"3,201",Não Se Afaste De Mim,Roberto Carlos,"1,132,000"
"3,202",Life Goes On,2Pac,"1,132,000"
"3,203",O Holy Night,Celine Dion,"1,131,000"
"3,204",Freedom,Jimi Hendrix,"1,131,000"
"3,205",Presence of the Lord,Blind Faith,"1,131,000"
"3,206",Send in the Clowns,Frank Sinatra,"1,131,000"
"3,207",Prisoner,Dua Lipa,"1,130,000"
"3,208",Some Might Say,Oasis,"1,130,000"
"3,209",One Moment in Time,Whitney Houston,"1,130,000"
"3,210",I Bet My Life,Imagine Dragons,"1,130,000"
"3,211",The Catalyst,Linkin Park,"1,128,000"
"3,212",It's All Over Now,The Rolling Stones,"1,128,000"
"3,213",My Future,Billie Eilish,"1,128,000"
"3,214",Finish What Ya Started,Van Halen,"1,126,000"
"3,215",Dancing Machine,The Jackson 5,"1,126,000"
"3,216",Happy Jack,The Who,"1,125,000"
"3,217",I Wanna Be Where You Are,Michael Jackson,"1,125,000"
"3,218",Take What You Want,Post Malone ft. Ozzy Osbourne & Travis Scott,"1,124,000"
"3,219",Interstellar Overdrive,Pink Floyd,"1,123,000"
"3,220",Wrapped Around Your Finger,The Police,"1,123,000"
"3,221",Just Don't Give a Fuck,Eminem,"1,123,000"
"3,222",Kathy's Song,Simon & Garfunkel,"1,122,000"
"3,223",Cheers (Drink to That),Rihanna,"1,122,000"
"3,224",I Just Want You,Ozzy Osbourne,"1,122,000"
"3,225",No More Lonely Nights,Paul McCartney,"1,121,000"
"3,226",Kill Em With Kindness,Selena Gomez,"1,121,000"
"3,227",Overdose,Exo,"1,120,000"
"3,228",Famous,Kanye West,"1,116,000"
"3,229",The Promised Land,Bruce Springsteen,"1,115,000"
"3,230",Home,BTS,"1,114,000"
"3,231",Chemical,Post Malone,"1,113,000"
"3,232",Carry You Home,James Blunt,"1,112,000"
"3,233",Weird Fishes/Arpeggi,Radiohead,"1,112,000"
"3,234",When Love And Hate Collide,Def Leppard,"1,111,000"
"3,235",What Now,Rihanna,"1,111,000"
"3,236",Fly High,Ayumi Hamasaki,"1,111,000"
"3,237",The Thing That Should Not Be,Metallica,"1,111,000"
"3,238",Never Again,Kelly Clarkson,"1,111,000"
"3,239",Kiss and Make Up,Blackpink & Dua Lipa,"1,111,000"
"3,240",O Holy Night,Mariah Carey,"1,110,000"
"3,241",The Last Resort,Eagles,"1,110,000"
"3,242",The Lamb Lies Down on Broadway,Genesis,"1,110,000"
"3,243",Butterfly,Mariah Carey,"1,110,000"
"3,244",Mulher Pequena,Roberto Carlos,"1,109,000"
"3,245",Stand By Your Man,Tina Turner,"1,109,000"
"3,246",Summer '68,Pink Floyd,"1,107,000"
"3,247",Everyday,Ariana Grande ft. Future,"1,106,000"
"3,248",The Hounds of Winter,Sting,"1,106,000"
"3,249",Heroes and Villains,The Beach Boys,"1,105,000"
"3,250",Daylight,Taylor Swift,"1,105,000"
"3,251",Skeletons,Stevie Wonder,"1,105,000"
"3,252",Hey Baby,No Doubt ft. Bounty Killer,"1,105,000"
"3,253",Best of Me,BTS,"1,104,000"
"3,254",Go,Pearl Jam,"1,104,000"
"3,255",Carried Away,"Crosby, Stills & Nash","1,103,000"
"3,256",Crime of the Century,Supertramp,"1,103,000"
"3,257",Elizabeth Taylor,Taylor Swift,"1,103,000"
"3,258",Can't Say,Travis Scott,"1,103,000"
"3,259",No More Dream,BTS,"1,101,000"
"3,260",All Mine,Kanye West,"1,101,000"
"3,261",Missing You,Diana Ross,"1,101,000"
"3,262",Armed and Dangerous,Juice Wrld,"1,101,000"
"3,263",All Is Full Of Love,Bjork,"1,100,000"
"3,264",Have a Drink on Me,AC/DC,"1,100,000"
"3,265",Vivre Pour Le Meilleur,Johnny Hallyday,"1,100,000"
"3,266",Headlong,Queen,"1,100,000"
"3,267",Do What U Want,Lady Gaga ft. R. Kelly,"1,099,000"
"3,268",Separate Lives,Marilyn Martin & Phil Collins,"1,099,000"
"3,269",F*ck My Life,Seventeen,"1,099,000"
"3,270",White Walls,Macklemore & Ryan Lewis ft. Schoolboy Q & Hollis,"1,098,000"
"3,271",Miami 2017 (Seen the Lights Go Out on Broadway),Billy Joel,"1,098,000"
"3,272",Vogue,Ayumi Hamasaki,"1,097,000"
"3,273",Money on My Mind,Sam Smith,"1,097,000"
"3,274",Beautiful Girls,Van Halen,"1,095,000"
"3,275",I've Been This Way Before,Neil Diamond,"1,093,000"
"3,276",Anywhere for You,Backstreet Boys,"1,093,000"
"3,277",Fall in Love with Me,"Earth,Wind & Fire","1,093,000"
"3,278",How Long,Eagles,"1,092,000"
"3,279",Magic Shop,BTS,"1,092,000"
"3,280",Things We Said Today,The Beatles,"1,092,000"
"3,281",Tarot,Bad Bunny & Jhay Cortez,"1,091,000"
"3,282",Thinking of You (I Drive Myself Crazy),NSYNC,"1,091,000"
"3,283",Cat People (Putting Out Fire),David Bowie,"1,090,000"
"3,284",After Hours,The Weeknd,"1,090,000"
"3,285",Backseat Freestyle,Kendrick Lamar,"1,090,000"
"3,286",My Kind of Town,Frank Sinatra,"1,090,000"
"3,287",Mean Street,Van Halen,"1,089,000"
"3,288",Cowboys and Angels,George Michael,"1,089,000"
"3,289",The Christmas Waltz,Frank Sinatra,"1,088,000"
"3,290",Party,Bad Bunny & Rauw Alejandro,"1,088,000"
"3,291",Mr. Brownstone,Guns N' Roses,"1,087,000"
"3,292",Butterflies,Michael Jackson,"1,085,000"
"3,293",Wishlist,Pearl Jam,"1,085,000"
"3,294",HYFR (Hell Ya Fucking Right),Drake ft. Lil Wayne,"1,085,000"
"3,295",Soldier of Love,Sade,"1,085,000"
"3,296",Big Time Sensuality,Bjork,"1,085,000"
"3,297",Christmas (Baby Please Come Home),Michael Buble,"1,085,000"
"3,298",Epiphany,BTS,"1,084,000"
"3,299",Everything Changes,Take That,"1,084,000"
"3,300",They Don't Know About Us,One Direction,"1,084,000"
"3,301",Nothing Really Matters,Madonna,"1,083,000"
"3,302",Shepherd Moons,Enya,"1,083,000"
"3,303",Make Me Proud,Drake ft. Nicki Minaj,"1,082,000"
"3,304",I'm Going Slightly Mad,Queen,"1,082,000"
"3,305",Stay Awhile,Journey,"1,082,000"
"3,306",Portland,Drake ft. Quavo & Travis Scott,"1,081,000"
"3,307",Goodbye Blue Sky,Pink Floyd,"1,080,000"
"3,308",Shake a Tail Feather,Ike & Tina Turner,"1,080,000"
"3,309",Symptom of the Universe,Black Sabbath,"1,080,000"
"3,310",Emoções,Roberto Carlos,"1,080,000"
"3,311",Don't Tell Me,Avril Lavigne,"1,079,000"
"3,312",Forgotten,Linkin Park,"1,078,000"
"3,313",Caress Me Down,Sublime,"1,077,000"
"3,314",Obsession,Exo,"1,076,000"
"3,315",Tempo,Exo,"1,075,000"
"3,316",Ya Ya,John Lennon,"1,075,000"
"3,317",Hold It Against Me,Britney Spears,"1,074,000"
"3,318",Zimbabwe,Bob Marley,"1,074,000"
"3,319",Te Amo,Rihanna,"1,074,000"
"3,320",A Question of Time,Depeche Mode,"1,073,000"
"3,321",It's a Beautiful Day,Michael Buble,"1,072,000"
"3,322",You Make It Feel Like Christmas,Neil Diamond,"1,069,000"
"3,323",Brenda's Got a Baby,2Pac,"1,068,000"
"3,324",Mayores,Bad Bunny & Becky G,"1,067,000"
"3,325",Sang Pour Sang,Johnny Hallyday,"1,067,000"
"3,326",Forever Young,Blackpink,"1,066,000"
"3,328",Chicago (That Toddlin' Town),Frank Sinatra,"1,065,000"
"3,327",Blow Your Mind (Mwah),Dua Lipa,"1,065,000"
"3,329",Soltera,Bad Bunny & Daddy Yankee & Lunay,"1,064,000"
"3,330",Hold On,John Lennon,"1,063,000"
"3,331",Only God Can Judge Me,2Pac ft. Rappin' 4-Tay,"1,063,000"
"3,332",Penny Lover,Lionel Richie,"1,063,000"
"3,333",Follow That Dream,Elvis Presley,"1,063,000"
"3,334",Who's Zoomin' Who,Aretha Franklin,"1,063,000"
"3,335",Ghost Song,The Doors,"1,062,000"
"3,336",A Tu Merced,Bad Bunny,"1,061,000"
"3,337",Don't Forget About Us,Mariah Carey,"1,061,000"
"3,338",Immortality,Pearl Jam,"1,061,000"
"3,339",It Will Rain,Bruno Mars,"1,061,000"
"3,340",Long May You Run,Stills-Young Band,"1,060,000"
"3,341",Oh No,Commodores,"1,059,000"
"3,342",Otis,Jay-Z & Kanye West ft. Otis Redding,"1,059,000"
"3,343",Hide in Your Shell,Supertramp,"1,058,000"
"3,344",Bloodstream,Ed Sheeran & Rudimental,"1,058,000"
"3,345","River Deep, Mountain High",Celine Dion,"1,058,000"
"3,346",Ten Years Gone,Led Zeppelin,"1,057,000"
"3,347",One For My Baby (And One More For The Road),Frank Sinatra,"1,057,000"
"3,348",Reach Out and Touch (Somebody's Hand),Diana Ross,"1,056,000"
"3,349",For Crying Out Loud,Meat Loaf,"1,056,000"
"3,350",Illicit Affairs,Taylor Swift,"1,056,000"
"3,351",The Music of the Night,Barbra Streisand & Michael Crawford,"1,056,000"
"3,352",Don't Play That Song (You Lied),Aretha Franklin,"1,056,000"
"3,353",For Your Love,Stevie Wonder,"1,055,000"
"3,354",Heavy Fuel,Dire Straits,"1,055,000"
"3,355",Walk,Foo Fighters,"1,055,000"
"3,356",Devil in a New Dress,Kanye West,"1,054,000"
"3,357",Otis,Kanye West,"1,053,000"
"3,358",The Only One,Lionel Richie,"1,052,000"
"3,359",The Story Of Us,Taylor Swift,"1,052,000"
"3,360",All Me,Drake ft. 2 Chainz & Big Sean,"1,051,000"
"3,361",This Love,Taylor Swift,"1,051,000"
"3,362",Snowblind,Black Sabbath,"1,051,000"
"3,363",Crying Time,Barbra Streisand,"1,051,000"
"3,364",Oh Daddy,Fleetwood Mac,"1,050,000"
"3,365",Money Don't Matter 2 Night,Prince and the New Power Generation,"1,050,000"
"3,366",Cuando Me Enamoro,Enrique Iglesias ft. Juan Luis Guerra,"1,050,000"
"3,367",Rabiosa,Shakira ft. Pitbull or El Cata,"1,050,000"
"3,368",Give Your Heart a Break,Demi Lovato,"1,049,000"
"3,369",So Much Trouble in the World,Bob Marley,"1,048,000"
"3,370",Say Something,A Great Big Wold & Christina Aguilera,"1,048,000"
"3,371",I'll Show You,Justin Bieber,"1,048,000"
"3,372",U Smile,Justin Bieber,"1,046,000"
"3,373",Pop Life,Prince and the Revolutions,"1,045,000"
"3,374",Son of a Preacher Man,Aretha Franklin,"1,044,000"
"3,375",As If We Never Said Goodbye,Barbra Streisand,"1,043,000"
"3,376",Fifteen,Taylor Swift,"1,043,000"
"3,377",All Nightmare Long,Metallica,"1,043,000"
"3,378",Scream,Usher,"1,042,000"
"3,379",Try It on My Own,Whitney Houston,"1,042,000"
"3,380",Bell Bottom Blues,Derek and the Dominos,"1,040,000"
"3,381",Venom,Eminem,"1,039,000"
"3,382",Parallel Universe,Red Hot Chili Peppers,"1,039,000"
"3,383",Shattered,The Rolling Stones,"1,039,000"
"3,384",Angeleyes,ABBA,"1,039,000"
"3,385",Spiders,System of a Down,"1,038,000"
"3,386",Rocker,AC/DC,"1,037,000"
"3,387",April Come She Will,Simon & Garfunkel,"1,037,000"
"3,388",Happy,The Rolling Stones,"1,036,000"
"3,389","21,875",The Who,"1,035,000"
"3,390",Better than Revenge,Taylor Swift,"1,034,000"
"3,391",How Deep Is Your Love,Take That,"1,034,000"
"3,392",High by the Beach,Lana Del Rey,"1,033,000"
"3,393",Space Truckin',Deep Purple,"1,032,000"
"3,394",Kaya,Bob Marley,"1,031,000"
"3,395",Call of the Wild,Deep Purple,"1,031,000"
"3,396",My Heart Can't Tell You No,Rod Stewart,"1,031,000"
"3,397",Touch Too Much,AC/DC,"1,031,000"
"3,398",Kiwi,Harry Styles,"1,031,000"
"3,399",Heaven,Ayumi Hamasaki,"1,031,000"
"3,400",Bridge Over Troubled Water,Elvis Presley,"1,030,000"
"3,401",Downtown,Macklemore & Ryan Lewis ft. Eric Nally & Grandmaster Caz & Kool Moe Dee & Melle Mel,"1,030,000"
"3,402",Working Class Hero,John Lennon,"1,030,000"
"3,403",Already Gone,Kelly Clarkson,"1,030,000"
"3,404",Dejà Vu,"Crosby, Stills, Nash & Young","1,029,000"
"3,405",Reflection,Christina Aguilera,"1,029,000"
"3,406",Mr. Know It All,Kelly Clarkson,"1,029,000"
"3,407","Yester-Me, Yester-You, Yesterday",Stevie Wonder,"1,028,000"
"3,408",World in My Eyes,Depeche Mode,"1,027,000"
"3,409",Spinning the Wheel,George Michael,"1,025,000"
"3,410",Taking Chances,Celine Dion,"1,024,000"
"3,411",Love Gets Me Every Time,Shania Twain,"1,024,000"
"3,412",The Call Of Ktulu,Metallica,"1,023,000"
"3,413",Bring Your Daughter... to the Slaughter,Iron Maiden,"1,022,000"
"3,414",Pound the Alarm,Nicki Minaj,"1,022,000"
"3,415",Christmas Lullaby,Mannheim Steamroller,"1,021,000"
"3,416",Girl Can't Help It,Journey,"1,021,000"
"3,417",Mama,Spice Girls,"1,021,000"
"3,418",The Beat Goes On,Sonny & Cher,"1,021,000"
"3,419",Animal,Pearl Jam,"1,021,000"
"3,420",Play,Jennifer Lopez,"1,020,000"
"3,421",By Myself,Linkin Park,"1,020,000"
"3,422",Growin' Up,Bruce Springsteen,"1,020,000"
"3,423",You'll Never Walk Alone,Elvis Presley,"1,020,000"
"3,424",Young Lust,Pink Floyd,"1,019,000"
"3,425",Forget Me,Lewis Capaldi,"1,018,000"
"3,426",The Best Gift,Barbra Streisand,"1,018,000"
"3,427",Ebudae,Enya,"1,018,000"
"3,428",Pressure,Billy Joel,"1,018,000"
"3,429",True Love,P!nk ft. Lily Allen,"1,018,000"
"3,430",End Roll,Ayumi Hamasaki,"1,017,000"
"3,431",Head over Heels,ABBA,"1,017,000"
"3,432",Moondance,Michael Buble,"1,017,000"
"3,433",Creepin' In,Norah Jones ft. Dolly Parton,"1,017,000"
"3,434",Skyscraper,Demi Lovato,"1,016,000"
"3,435",Better the Devil You Know,Kylie Minogue,"1,016,000"
"3,436",I'm Into You,Jennifer Lopez ft. Lil Wayne,"1,016,000"
"3,437",You Shook Me,Led Zeppelin,"1,016,000"
"3,438",Goodbye,Spice Girls,"1,016,000"
"3,439",Red Red Wine,Neil Diamond,"1,015,000"
"3,440",Let It Go,Def Leppard,"1,015,000"
"3,441",Bad for Me,Meghan Trainor,"1,014,000"
"3,442",All I Ever Need Is You,Sonny & Cher,"1,014,000"
"3,443",Me Against the World,2Pac ft. Dramacydal,"1,014,000"
"3,444",The Nearness of You,Norah Jones,"1,013,000"
"3,445",Up All Night,Drake ft. Nicki Minaj,"1,013,000"
"3,446",Away in a Manger,Mannheim Steamroller,"1,013,000"
"3,447",Why Don't You & I,Santana ft. Alex Band,"1,013,000"
"3,448",Spirit in the Night,Bruce Springsteen,"1,013,000"
"3,449",Bad Love,Eric Clapton,"1,012,000"
"3,450",The Wicker Man,Iron Maiden,"1,011,000"
"3,451",All Around The World,Justin Bieber ft. Ludacris,"1,011,000"
"3,452",You and Your Friend,Dire Straits,"1,011,000"
"3,453",Gettin' Tighter,Deep Purple,"1,010,000"
"3,454",Jump,Madonna,"1,010,000"
"3,455",A Great Day for Freedom,Pink Floyd,"1,010,000"
"3,456",Come On Over,Shania Twain,"1,009,000"
"3,457",Danger,BTS,"1,009,000"
"3,458",There Are Worse Things I Could Do,Stockard Channing,"1,009,000"
"3,459",I Can Hear Music,The Beach Boys,"1,007,000"
"3,460",My Iron Lung,Radiohead,"1,006,000"
"3,461",Touch,Little Mix,"1,006,000"
"3,462",The Midnight Special,Creedence Clearwater Revival,"1,006,000"
"3,463",Can't Hold Us Down,Christina Aguilera ft. Lil' Kim,"1,006,000"
"3,464",Fire on Fire,Sam Smith,"1,005,000"
"3,465",Sweet Hitch-Hiker,Creedence Clearwater Revival,"1,005,000"
"3,466",Soolaimón,Neil Diamond,"1,005,000"
"3,467",A Rose Is Still a Rose,Aretha Franklin,"1,004,000"
"3,468",The Unknown Soldier,The Doors,"1,003,000"
"3,469",Bodies,Robbie Williams,"1,003,000"
"3,470",Voodoo Chile,Jimi Hendrix Experience,"1,002,000"
"3,471",I'm a Fool to Want You,Frank Sinatra,"1,002,000"
"3,472",Kill Bill,SZA,"1,002,000"
"3,473",The Wizard,Black Sabbath,"1,001,000"
"3,474",Princes of the Universe,Queen,"1,001,000"
"3,475",Rock and Roll Music,The Beach Boys,"1,000,000"
"3,476",Don't Stay,Linkin Park,"1,000,000"
"3,477",Survival,Eminem,"999,000"
"3,478",Crazy Baldhead,Bob Marley,"999,000"
"3,479",Hunter,Dido,"999,000"
"3,480",No Control,One Direction,"998,000"
"3,481",Talk That Talk,Rihanna ft. Jay-Z,"998,000"
"3,482",She's Madonna,Robbie Williams ft. Pet Shop Boys,"997,000"
"3,483",Merry Christmas Baby,Elvis Presley,"996,000"
"3,484",I Can't Quit You Baby,Led Zeppelin,"996,000"
"3,485",Soul Rebel (aka Run for Cover),Bob Marley,"996,000"
"3,486",Rock & Roll Band,Boston,"995,000"
"3,487",Five Long Years,The Yardbirds,"995,000"
"3,488",Silver Spoon,BTS,"994,000"
"3,489",Save the Last Dance for Me,Michael Buble,"994,000"
"3,490",High for This,The Weeknd,"994,000"
"3,491",Hanabi,Ayumi Hamasaki,"993,000"
"3,492",The Crunge,Led Zeppelin,"993,000"
"3,493",We Don't Talk About Bruno,Various Artists,"993,000"
"3,494",From The Bottom Of My Broken Heart,Britney Spears,"992,000"
"3,495",Rock Me,One Direction,"991,000"
"3,496",Father Figure,Taylor Swift,"991,000"
"3,497",My Way,Elvis Presley,"989,000"
"3,498",Se Você Me Esqueceu,Roberto Carlos,"989,000"
"3,499",Just Feel Better,Santana ft. Steven Tyler,"989,000"
"3,500",I Did Something Bad,Taylor Swift,"988,000"
"3,501",Baby Driver,Simon & Garfunkel,"988,000"
"3,502",Every Now and Then,"Earth,Wind & Fire","987,000"
"3,503",Business,Eminem,"987,000"
"3,504",Mirrorball,Taylor Swift,"987,000"
"3,505",Your Power,Billie Eilish,"987,000"
"3,506",Crush with Eyeliner,R.E.M.,"986,000"
"3,507",Me Against The Music,Britney Spears ft. Madonna,"986,000"
"3,508",Bleeding Heart,Jimi Hendrix,"986,000"
"3,509",I Just Can't Help Believin',Elvis Presley,"985,000"
"3,510",Rock Star,Miley Cyrus,"985,000"
"3,511",Last Name,Carrie Underwood,"985,000"
"3,512",Wish You Were Here,Avril Lavigne,"985,000"
"3,513",Kiss It Better,Rihanna,"984,000"
"3,514",In Another's Eyes,Garth Brooks,"984,000"
"3,515",The Scotts,The Scotts,"984,000"
"3,516",Tenth Avenue Freeze-Out,Bruce Springsteen,"984,000"
"3,517",Knee Socks,Arctic Monkeys,"984,000"
"3,518",Money (That's What I Want),The Beatles,"983,000"
"3,519",He Could Be the One,Miley Cyrus,"983,000"
"3,520",Maroon,Taylor Swift,"982,000"
"3,521",An American Trilogy,Elvis Presley,"982,000"
"3,522",Estatua,Xuxa,"982,000"
"3,523",Call It What You Want,Taylor Swift,"981,000"
"3,524",What It Feels Like For A Girl,Madonna,"981,000"
"3,525",Ghost Town,Kanye West,"981,000"
"3,526",This Is Me Trying,Taylor Swift,"981,000"
"3,527",Moments,Ayumi Hamasaki,"980,000"
"3,528",Too Much,Elvis Presley,"980,000"
"3,529",Learning To Live Again,Garth Brooks,"979,000"
"3,530",The Adventures of Rain Dance Maggie,Red Hot Chili Peppers,"979,000"
"3,531",We Three Kings,Mannheim Steamroller,"978,000"
"3,532",Mother,John Lennon,"978,000"
"3,533",Don't Let Me Be The Last To Know,Britney Spears,"978,000"
"3,534",Home;Run,Seventeen,"978,000"
"3,535",Just One Day,BTS,"977,000"
"3,536",All of Me,Frank Sinatra,"977,000"
"3,537",If You Go Away,Neil Diamond,"977,000"
"3,538",Cold Cold Heart,Norah Jones,"977,000"
"3,539",Those Sweet Words,Norah Jones,"977,000"
"3,540",Long Tall Sally,The Beatles,"977,000"
"3,541",Love Again,Dua Lipa,"976,000"
"3,542",Queen of the Night,Whitney Houston,"975,000"
"3,543",God Put A Smile Upon Your Face,Coldplay,"975,000"
"3,544",The Sad Cafe,Eagles,"975,000"
"3,545",The Fly,U2,"974,000"
"3,546",The Unforgiven III,Metallica,"974,000"
"3,547",7 Summers,Morgan Wallen,"974,000"
"3,548",Like That,Doja Cat ft. Gucci Mane,"973,000"
"3,549",I've Just Seen a Face,The Beatles,"972,000"
"3,550",Kids,Kylie Minogue & Robbie Williams,"971,000"
"3,551",Desiree,Neil Diamond,"971,000"
"3,552",Figured You Out,Nickelback,"971,000"
"3,553",Where Do You Think You're Going?,Dire Straits,"971,000"
"3,554",Burning Up,Madonna,"970,000"
"3,555",Can't Stop the Feeling,Justin Timberlake,"970,000"
"3,556",Strange Currencies,R.E.M.,"970,000"
"3,557",Killer/Papa Was a Rollin' Stone,George Michael,"970,000"
"3,558",Secrets,The Weeknd,"970,000"
"3,559",Amor Sem Limite,Roberto Carlos,"970,000"
"3,560",Monster,Justin Bieber & Shawn Mendes,"969,000"
"3,561",Everything,Alanis Morissette,"968,000"
"3,562",I Love It,Kanye West,"968,000"
"3,563",Million Years Ago,Adele,"968,000"
"3,564",The Happening,The Supremes,"968,000"
"3,565",Me and Mrs. Jones,Michael Buble ft. Emily Blunt,"967,000"
"3,566",Hardwired,Metallica,"967,000"
"3,567",Don't Stop the Party,Black Eyed Peas,"967,000"
"3,568",The Shortest Straw,Metallica,"966,000"
"3,569",I Believe in the Man in the Sky,Elvis Presley,"966,000"
"3,570",Something in Your Mouth,Nickelback,"966,000"
"3,571",Ol' Man River,Frank Sinatra,"964,000"
"3,572",Darling Nikki,Prince and the Revolutions,"964,000"
"3,573",I Want You (She's So Heavy),The Beatles,"964,000"
"3,574",Up Down,Morgan Wallen ft. Florida Georgia Line,"964,000"
"3,575",Dancing with the Moonlit Knight,Genesis,"963,000"
"3,576",This Is a Call,Foo Fighters,"962,000"
"3,577",Celebration Day,Led Zeppelin,"962,000"
"3,578",Nobody Knows You When You're Down and Out,Derek and the Dominos,"962,000"
"3,579",Diary of a Madman,Ozzy Osbourne,"961,000"
"3,580",On My Way Home,Enya,"960,000"
"3,581",Friends,BTS,"960,000"
"3,584",We Love You,The Rolling Stones,"959,000"
"3,582",I'm Fine,BTS,"959,000"
"3,583",Mandolin Wind,Rod Stewart,"959,000"
"3,585",The Killing of Georgie (Part I and II),Rod Stewart,"958,000"
"3,586",Midnight Memories,One Direction,"958,000"
"3,587",Guilty as Sin?,Taylor Swift,"958,000"
"3,588",Hey Joe,Johnny Hallyday,"958,000"
"3,589",No Surrender,Bruce Springsteen,"958,000"
"3,590",Fera Ferida,Roberto Carlos,"957,000"
"3,591","Sail On, Sailor",The Beach Boys,"956,000"
"3,592",Santa Baby,Michael Buble,"955,000"
"3,593",La Difícil,Bad Bunny,"955,000"
"3,594",She's Gonna Make It,Garth Brooks,"955,000"
"3,595",Give Me All Your Luvin',Madonna ft. M.I.A. & Nicki Minaj,"955,000"
"3,596",Gotta Be You,One Direction,"955,000"
"3,597",Traditions of Christmas,Mannheim Steamroller,"954,000"
"3,598",Baby Don't Cry (Keep Ya Head Up II),2Pac & Outlawz ft. H.E.A.T.,"954,000"
"3,599",POV,Ariana Grande,"954,000"
"3,600",N95,Kendrick Lamar,"954,000"
"3,601",Walk Me Home,P!nk,"953,000"
"3,602",Running with the Night,Lionel Richie,"953,000"
"3,603",Beauty School Dropout,Frankie Avalon,"952,000"
"3,604",Pretty Savage,Blackpink,"952,000"
"3,605",Really Don't Care,Demi Lovato ft. Cher Lloyd,"951,000"
"3,606",Woman Is the Nigger of the World,John Lennon & Yoko Ono,"951,000"
"3,607",Burnin' and Lootin',Bob Marley,"951,000"
"3,608",Cream Soda,Exo,"951,000"
"3,609",Violent Crimes,Kanye West,"951,000"
"3,610",Ignorantes,Bad Bunny & Sech,"949,000"
"3,611",Blue Bird,Ayumi Hamasaki,"949,000"
"3,612",Birthday,Katy Perry,"949,000"
"3,613",Feeling Myself,Nicki Minaj ft. Beyoncé,"949,000"
"3,614",Ultraviolence,Lana Del Rey,"949,000"
"3,615",Jambalaya (On the Bayou),Carpenters,"948,000"
"3,616",Ma Gueule,Johnny Hallyday,"948,000"
"3,617",Like That,Future & Kendrick Lamar & Metro Boomin,"948,000"
"3,618",(Marie's The Name) His Latest Flame,Elvis Presley,"947,000"
"3,619","Do Me, Baby",Prince,"947,000"
"3,620",Loves Me Like a Rock,Paul Simon,"946,000"
"3,621",Until the End of Time,Justin Timberlake,"946,000"
"3,622","Over, Under, Sideways, Down",The Yardbirds,"946,000"
"3,623",Delirious,Prince and the Revolutions,"946,000"
"3,624",Rock and Roll Dreams Come Through,Meat Loaf,"946,000"
"3,625",Street Spirit (Fade Out),Radiohead,"945,000"
"3,626",Watch,Billie Eilish,"945,000"
"3,627",Know Yourself,Drake,"945,000"
"3,628",Dear Prudence,The Beatles,"944,000"
"3,629",Lake Of Fire,Nirvana,"944,000"
"3,630",Electrolite,R.E.M.,"944,000"
"3,631",Stone Cold,Demi Lovato,"944,000"
"3,632",One by One,Enya,"944,000"
"3,633",Cold Turkey,The Beatles,"943,000"
"3,634",Wants and Needs,Drake ft. Lil Baby,"943,000"
"3,635",Wisemen,James Blunt,"943,000"
"3,636",Same Mistake,James Blunt,"943,000"
"3,637",In Your Room,Depeche Mode,"943,000"
"3,638",¿Dónde Estás Corazón?,Shakira,"942,000"
"3,639",Have Yourself a Merry Little Christmas,Christina Aguilera,"942,000"
"3,640",Something Just Like This,Chainsmokers & Coldplay,"942,000"
"3,641",Lovely Rita,The Beatles,"941,000"
"3,642","Eu Te Amo, Te Amo, Te Amo",Roberto Carlos,"941,000"
"3,643",I Can't Help It,Michael Jackson,"941,000"
"3,644",Bad Boys,Wham!,"940,000"
"3,645",Love Me for What I Am,Carpenters,"940,000"
"3,646",Begin Again,Taylor Swift,"940,000"
"3,647",Cold December Night,Michael Buble,"939,000"
"3,648",Poundcake,Van Halen,"939,000"
"3,649",Don't Leave Me Now,Supertramp,"939,000"
"3,650",Get Into It (Yuh),Doja Cat,"939,000"
"3,651",Someday Never Comes,Creedence Clearwater Revival,"938,000"
"3,652",My December,Linkin Park,"938,000"
"3,653",I Don't Want to Know,Fleetwood Mac,"938,000"
"3,654",Ripples...,Genesis,"938,000"
"3,655",Fall on Me,R.E.M.,"937,000"
"3,656",This Old Heart of Mine,Rod Stewart,"937,000"
"3,657",Sand in My Boots,Morgan Wallen,"937,000"
"3,658",Good Girl,Carrie Underwood,"937,000"
"3,659",Flight of Icarus,Iron Maiden,"936,000"
"3,660",Junk,Paul McCartney,"936,000"
"3,661",Bitches Broken Hearts,Billie Eilish,"935,000"
"3,662",XO,Beyonce,"934,000"
"3,663",Up&Up,Coldplay,"934,000"
"3,664",Broken-Hearted Girl,Beyonce,"934,000"
"3,665",Me & Mr Jones,Amy Winehouse,"933,000"
"3,666",Rocket Queen,Guns N' Roses,"933,000"
"3,667",Show You the Way to Go,The Jacksons,"933,000"
"3,668",Drunk,Ed Sheeran,"933,000"
"3,669",She's Not You,Elvis Presley,"933,000"
"3,670",Squabble Up,Kendrick Lamar,"932,000"
"3,671",Rock Brigade,Def Leppard,"932,000"
"3,672",Oh Santa!,Mariah Carey,"931,000"
"3,673",Ten Long Years,B.B King & Eric Clapton,"930,000"
"3,674",Forever & Always,Taylor Swift,"930,000"
"3,675",Lost Ones,Lauryn Hill,"930,000"
"3,676",Wipe Out,The Beach Boys,"928,000"
"3,677",Pearls,Sade,"928,000"
"3,678",Over My Head,Fleetwood Mac,"928,000"
"3,679",Falling in Love (Is Hard on the Knees),Aerosmith,"927,000"
"3,680",When You Come Back To Me Again,Garth Brooks,"927,000"
"3,681",Small Axe (aka More Axe),Bob Marley,"927,000"
"3,682",Down Bad,Taylor Swift,"927,000"
"3,683",Babe,Take That,"927,000"
"3,684",Flora's Secret,Enya,"927,000"
"3,685","Stop, Look, Listen (to Your Heart)",Diana Ross & Marvin Gaye,"926,000"
"3,686",Amarantine,Enya,"926,000"
"3,687",Sliver,Nirvana,"925,000"
"3,688",Criminal,Eminem,"925,000"
"3,689",Goodnight Tonight,Paul McCartney,"925,000"
"3,690",Solitaire,Carpenters,"925,000"
"3,691",Juicy,Doja Cat,"925,000"
"3,692",Four Sticks,Led Zeppelin,"924,000"
"3,693",Hailie's Song,Eminem,"924,000"
"3,694",Pied Piper,BTS,"924,000"
"3,695",Ain't Shit,Doja Cat,"924,000"
"3,696",Amazing,George Michael,"923,000"
"3,697",Speak Now,Taylor Swift,"923,000"
"3,698",Erotic City,Prince and the Revolutions,"923,000"
"3,699",Liquor Store Blues,Bruno Mars,"923,000"
"3,700",Adore,Prince,"922,000"
"3,701",i,Kendrick Lamar,"922,000"
"3,702",Stay,Post Malone,"921,000"
"3,703",Jungleland,Bruce Springsteen,"921,000"
"3,704",Superwoman (Where Were You When I Needed You),Stevie Wonder,"920,000"
"3,705",Like You'll Never See Me Again,Alicia Keys,"920,000"
"3,706",Element,Kendrick Lamar,"920,000"
"3,707",I'm Still Waiting,Diana Ross,"919,000"
"3,708",Wasted,Def Leppard,"919,000"
"3,709",Those Shoes,Eagles,"918,000"
"3,710",The Boy in the Bubble,Paul Simon,"918,000"
"3,711",Never Say Die,Black Sabbath,"918,000"
"3,712",This Used To Be My Playground,Madonna,"917,000"
"3,713",Long Live,Taylor Swift,"917,000"
"3,714",Fight Fire With Fire,Metallica,"917,000"
"3,715",Spinning Around,Kylie Minogue,"917,000"
"3,716",The Lemon Song,Led Zeppelin,"917,000"
"3,717",Bron-y-aur Stomp,Led Zeppelin,"917,000"
"3,718",The Beautiful Ones,Prince and the Revolutions,"917,000"
"3,719",If You Know What I Mean,Neil Diamond,"917,000"
"3,720",Eyes Closed,Ed Sheeran,"915,000"
"3,721",Dissident,Pearl Jam,"915,000"
"3,722",Intro: Singularity,BTS,"915,000"
"3,723",Diles,Bad Bunny & Farruko & Ozuna ft. Arcángel & Ñengo Flow,"915,000"
"3,724",Daysleeper,R.E.M.,"915,000"
"3,725",You Must Love Me,Madonna,"914,000"
"3,726",The Story of My Life,Neil Diamond,"914,000"
"3,727",Wonder,Shawn Mendes,"913,000"
"3,728",Almost Is Never Enough,Ariana Grande & Nathan Sykes,"913,000"
"3,729",When We Dance,Sting,"913,000"
"3,730",Hollywood's Bleeding,Post Malone,"913,000"
"3,731",Rhythm Divine,Enrique Iglesias,"912,000"
"3,732",Grow Old with Me,John Lennon,"912,000"
"3,733",Everything's Coming Our Way,Santana,"912,000"
"3,734",Te Mudaste,Bad Bunny,"911,000"
"3,735",Eye Of The Beholder,Metallica,"910,000"
"3,736",Lost in the Echo,Linkin Park,"910,000"
"3,737",Meltdown,Travis Scott ft. Drake,"910,000"
"3,738",Know Your Enemy,Green Day,"909,000"
"3,739",All I Want,Olivia Rodrigo,"909,000"
"3,740",Answer: Love Myself,BTS,"909,000"
"3,741",Wake Up Alone,Amy Winehouse,"909,000"
"3,742",Swish Swish,Katy Perry ft. Nicki Minaj,"908,000"
"3,743",Acquainted,The Weeknd,"908,000"
"3,744",Wasting Love,Iron Maiden,"907,000"
"3,745",Slippery When Wet,Commodores,"907,000"
"3,746",Made in England,Elton John,"907,000"
"3,747",When You're Smiling,Frank Sinatra,"906,000"
"3,748",Call My Name,Prince,"905,000"
"3,749",Love Letters,Elvis Presley,"905,000"
"3,750",Cry Me a River,Michael Buble,"904,000"
"3,751",Depend on You,Ayumi Hamasaki,"904,000"
"3,752",Fire,BTS,"904,000"
"3,753",White Christmas,Frank Sinatra,"904,000"
"3,754",Telling Stories,Tracy Chapman,"903,000"
"3,755",Time After Time,Rod Stewart,"902,000"
"3,756",Everyday,Bon Jovi,"902,000"
"3,757",The Eve,Exo,"901,000"
"3,758",Girls Want Girls,Drake ft. Lil Baby,"901,000"
"3,759",I Still Believe,Mariah Carey,"901,000"
"3,760",Wasted,Carrie Underwood,"901,000"
"3,761",Remember (Walking in the Sand),Aerosmith,"900,000"
"3,762",Shine On You Crazy Diamond (Parts VI-IX),Pink Floyd,"900,000"
"3,763",July 1st,Ayumi Hamasaki,"898,000"
"3,764",Do You Hear What I Hear?,Mannheim Steamroller,"898,000"
"3,765",I'm So Happy I Can't Stop Crying,Sting,"898,000"
"3,766",Good Day Sunshine,The Beatles,"898,000"
"3,767",Summer Night City,ABBA,"897,000"
"3,768",Sidewalks,The Weeknd,"897,000"
"3,769",Amazing,Kanye West,"897,000"
"3,770",MotorSport,Cardi B & Migos & Nicki Minaj,"896,000"
"3,771",I'm a Believer,Neil Diamond,"896,000"
"3,772",I Don't Understand but I Luv U,Seventeen,"896,000"
"3,773",0 To 100 / The Catch Up,Drake,"896,000"
"3,774",Lullaby,Nickelback,"895,000"
"3,775",Angel,Lionel Richie,"894,000"
"3,776",Dangerously in Love (Beyonce),Beyonce,"894,000"
"3,777","You Need Me, I Don't Need You",Ed Sheeran,"894,000"
"3,778",Abecedario da Xuxa,Xuxa,"893,000"
"3,779",Come Fly with Me,Michael Buble,"893,000"
"3,780",This Masquerade,Carpenters,"893,000"
"3,781",Stay the Night,James Blunt,"892,000"
"3,782",All You Had to Do Was Stay,Taylor Swift,"892,000"
"3,783",The Knife,Genesis,"892,000"
"3,784",Don't You Wanna Stay,Kelly Clarkson,"891,000"
"3,785",Give It 2 Me,Madonna,"891,000"
"3,786",It Won't Be Long,The Beatles,"891,000"
"3,787",Blue Moon,Frank Sinatra,"891,000"
"3,788",Toys in the Attic,Aerosmith,"891,000"
"3,789",Someone to Call My Lover,Janet Jackson,"891,000"
"3,790",Don't Tread On Me,Metallica,"891,000"
"3,791",Flawless,Beyonce ft. Chimamanda Ngozi Adichie,"891,000"
"3,792",The Archer,Taylor Swift,"890,000"
"3,793",Ex-Girlfriend,No Doubt,"890,000"
"3,794",Soy Peor,Bad Bunny,"889,000"
"3,795",Bridge Over Troubled Water,Aretha Franklin,"889,000"
"3,796",Legend,Drake,"889,000"
"3,797",Blessed,Elton John,"889,000"
"3,798",Until the End of Time,2Pac ft. R.L. Huggar,"889,000"
"3,799",It Is No Secret (What God Can Do),Elvis Presley,"889,000"
"3,800",U Don't Have to Call,Usher,"888,000"
"3,801",Breaking the Girl,Red Hot Chili Peppers,"888,000"
"3,802",Kids with Guns,Gorillaz ft. Neneh Cherry,"888,000"
"3,803",I Could Never Take the Place of Your Man,Prince,"888,000"
"3,804",Esse Cara Sou Eu,Roberto Carlos,"887,000"
"3,805",Invisible String,Taylor Swift,"887,000"
"3,806",Rock 'N' Roll Star,Oasis,"887,000"
"3,807",Too Bad,Nickelback,"887,000"
"3,808",At My Most Beautiful,R.E.M.,"886,000"
"3,809",Beer Run,Garth Brooks,"886,000"
"3,810",Miracle,Whitney Houston,"885,000"
"3,811",The Visitors,ABBA,"885,000"
"3,812",Tie Your Mother Down,Queen,"885,000"
"3,813",Being for the Benefit of Mr. Kite!,The Beatles,"885,000"
"3,814",Leaving New York,R.E.M.,"884,000"
"3,815",Chasing Pirates,Norah Jones,"884,000"
"3,816",All of the Stars,Ed Sheeran,"884,000"
"3,817",It's So Easy,Guns N' Roses,"884,000"
"3,818",Right Now,Rihanna ft. David Guetta,"883,000"
"3,819",CÓMo Se Siente,Bad Bunny & Jhay Cortez,"882,000"
"3,820",Who Made Who,AC/DC,"882,000"
"3,821",Doing All Right,Queen,"882,000"
"3,822",Lonestar,Norah Jones,"882,000"
"3,823",Don't Forget to Remember,Bee Gees,"880,000"
"3,824",Knocking on Heaven's Door,Eric Clapton,"880,000"
"3,825",The Fever,Garth Brooks,"880,000"
"3,826",Can't Hide Love,"Earth,Wind & Fire","880,000"
"3,827",Iridescent,Linkin Park,"880,000"
"3,828",Blood on the Dance Floor,Michael Jackson,"879,000"
"3,829",Righteous,Juice Wrld,"879,000"
"3,830",Pop Style,Drake ft. Jay-Z & Kanye West as the Throne,"879,000"
"3,831","Blue Morning, Blue Day",Foreigner,"878,000"
"3,832",You'll See,Madonna,"878,000"
"3,833",Two Worlds,Phil Collins,"878,000"
"3,834",Cold Turkey,Eric Clapton,"878,000"
"3,835",I Will Survive,Enrique Iglesias,"877,000"
"3,836",And Your Bird Can Sing,The Beatles,"877,000"
"3,837",False Alarm,The Weeknd,"877,000"
"3,838",Un Coco,Bad Bunny,"877,000"
"3,839",Until The End Of The World,U2,"876,000"
"3,840",My Kind of Lady,Supertramp,"875,000"
"3,841",Sacrifice,The Weeknd,"875,000"
"3,842",Countdown,Beyonce,"875,000"
"3,843",A.D.H.D.,Kendrick Lamar,"875,000"
"3,844",I-E-A-I-A-I-O,System of a Down,"874,000"
"3,845",Slut!,Taylor Swift,"874,000"
"3,846",Shine A Light,The Rolling Stones,"874,000"
"3,847",Dear Mr. Man,Prince,"874,000"
"3,848",Violent Pornography,System of a Down,"872,000"
"3,849",Small Bump,Ed Sheeran,"870,000"
"3,850",Lucky Love,Ace Of Base,"870,000"
"3,851",Favorite Girl,Justin Bieber,"870,000"
"3,852",Black Mountain Side,Led Zeppelin,"870,000"
"3,853",Let the Children Play,Santana,"869,000"
"3,854",A Question of Lust,Depeche Mode,"869,000"
"3,855",Un Ratito,Bad Bunny,"869,000"
"3,856",Heartbeat Song,Kelly Clarkson,"869,000"
"3,857",Clique,Big Sean & Jay-Z & Kanye West,"869,000"
"3,858",Ask Me How I Know,Garth Brooks,"869,000"
"3,859",October,U2,"869,000"
"3,860",Here's to Never Growing Up,Avril Lavigne,"868,000"
"3,861",Sweet Virginia,The Rolling Stones,"868,000"
"3,862",The Girls I Could've Had,The Who,"868,000"
"3,863",Diet Mountain Dew,Lana Del Rey,"868,000"
"3,864",I'm a Mess,Ed Sheeran,"867,000"
"3,865",Day Tripper,Jimi Hendrix,"866,000"
"3,866",My Time,BTS,"866,000"
"3,867",Get Me Bodied,Beyonce,"865,000"
"3,868",Waiting for That Day,George Michael,"865,000"
"3,869",Prologue,Neil Diamond,"865,000"
"3,870",Slow,Kylie Minogue,"865,000"
"3,871",Hello,Evanescence,"865,000"
"3,872",All Around The World,Oasis,"865,000"
"3,873",Because,The Beatles,"864,000"
"3,874",I've Got to See You Again,Norah Jones,"864,000"
"3,875",Circle of Life,Elton John,"864,000"
"3,876","Dance, Dance, Dance",The Beach Boys,"864,000"
"3,877",Be Good to Yourself,Journey,"864,000"
"3,878",Hot,Avril Lavigne,"863,000"
"3,879",Double Trouble,Eric Clapton,"863,000"
"3,880","Ilegal, Imoral Ou Engorda",Roberto Carlos,"863,000"
"3,881",Speed Demon,Michael Jackson,"862,000"
"3,882",What Do I Know?,Ed Sheeran,"862,000"
"3,883",Brown Eyes,Destiny's Child,"862,000"
"3,884",The Bitch Is Back,Elton John,"861,000"
"3,885",Second Hand Rose,Barbra Streisand,"861,000"
"3,886",Remember a Day,Pink Floyd,"861,000"
"3,887",Hard,Rihanna ft. Young Jeezy,"861,000"
"3,888",I'm Looking Through You,The Beatles,"861,000"
"3,889",In the Flesh?,Pink Floyd,"860,000"
"3,890",Un garçon pas comme les autres (Ziggy),Celine Dion,"860,000"
"3,891",Purpose,Justin Bieber,"860,000"
"3,892",Lazy,Deep Purple,"860,000"
"3,893",Drive-In Saturday,David Bowie,"859,000"
"3,894",Truffle Butter,Nicki Minaj ft. Drake & Lil Wayne,"859,000"
"3,895",Kentucky Woman,Deep Purple,"859,000"
"3,896",Powerslave,Iron Maiden,"859,000"
"3,897",Moonlight Drive,The Doors,"858,000"
"3,898",Now That We Don't Talk,Taylor Swift,"858,000"
"3,899",Tell Me Why,Neil Young,"858,000"
"3,900",Confessions,Usher,"857,000"
"3,901",Yer Blues,The Beatles,"857,000"
"3,902",Trivia: Seesaw,BTS,"857,000"
"3,903",The Red Strokes,Garth Brooks,"857,000"
"3,904",Moscas en la Casa,Shakira,"857,000"
"3,905",Beautiful Trauma,P!nk,"856,000"
"3,906",The Ballad of Billy the Kid,Billy Joel,"856,000"
"3,907",Spanish Caravan,The Doors,"855,000"
"3,908",Crazy Little Thing Called Love,Michael Buble,"855,000"
"3,909",Undo It,Carrie Underwood,"855,000"
"3,910",Drowned World/Substitute for Love,Madonna,"855,000"
"3,911",If Your Girl Only Knew,Aaliyah,"855,000"
"3,912",La Corriente,Bad Bunny & Tony Dize,"855,000"
"3,913","Pies Descalzos, Sueños Blancos",Shakira,"854,000"
"3,914",Manu,Renaud,"853,000"
"3,915",Joy to the World,Whitney Houston,"853,000"
"3,916",One,Bee Gees,"853,000"
"3,917",Safe & Sound,Taylor Swift ft. The Civil Wars,"853,000"
"3,918",Enough for You,Olivia Rodrigo,"852,000"
"3,919",Another Way to Die,Alicia Keys & Jack White,"852,000"
"3,920",Love,Lana Del Rey,"852,000"
"3,921",Vigilante Shit,Taylor Swift,"852,000"
"3,922","Dizzy, Miss Lizzy",The Beatles,"852,000"
"3,923",We Are Bulletproof: The Eternal,BTS,"850,000"
"3,924",My Strange Addiction,Billie Eilish,"850,000"
"3,925",Go Let It Out,Oasis,"850,000"
"3,926",Dress,Taylor Swift,"850,000"
"3,927",Daydreamer,Adele,"850,000"
"3,928",Bring It On Home,Led Zeppelin,"850,000"
"3,929",Disposable Heroes,Metallica,"849,000"
"3,930",Happy Days Are Here Again,Barbra Streisand,"849,000"
"3,931",Slime You Out,Drake ft. SZA,"849,000"
"3,932",Clean,Taylor Swift,"849,000"
"3,933",Girl Gone Wild,Madonna,"848,000"
"3,934",Dancing in the Street,David Bowie & Mick Jagger,"848,000"
"3,935",Don't Matter to Me,Drake & Michael Jackson,"848,000"
"3,936",Tell Me Baby,Red Hot Chili Peppers,"847,000"
"3,937",Miss Americana & the Heartbreak Prince,Taylor Swift,"847,000"
"3,938",How Would You Feel (Paean),Ed Sheeran,"847,000"
"3,939",The Stranger,Billy Joel,"847,000"
"3,940",Rock 'N' Roll Suicide,David Bowie,"846,000"
"3,941",Strange Days,The Doors,"845,000"
"3,942",Marble Halls,Enya,"845,000"
"3,943",Clap,Seventeen,"845,000"
"3,944",I Call It Love,Lionel Richie,"845,000"
"3,945",Wood,Taylor Swift,"845,000"
"3,946",We're Good,Dua Lipa,"845,000"
"3,947",Losing Grip,Avril Lavigne,"844,000"
"3,948",Radio/Video,System of a Down,"843,000"
"3,949",Evening Falls...,Enya,"843,000"
"3,950",Hallelujah,Mannheim Steamroller,"842,000"
"3,951",Motorbreath,Metallica,"842,000"
"3,952",Dead Flowers,The Rolling Stones,"842,000"
"3,953",Ain't Nobody but Me,Supertramp,"841,000"
"3,954",She's Every Woman,Garth Brooks,"841,000"
"3,955","1 Step Forward, 3 Steps Back",Olivia Rodrigo,"841,000"
"3,956",Clique,Kanye West,"840,000"
"3,957",Dance on a Volcano,Genesis,"840,000"
"3,958",Honky Cat,Elton John,"839,000"
"3,959",I'm Happy Just to Dance with You,The Beatles,"839,000"
"3,960",Rocks Off,The Rolling Stones,"839,000"
"3,961",The Life of a Showgirl,Taylor Swift,"839,000"
"3,962","Two Of A Kind, Workin' On A Full House",Garth Brooks,"839,000"
"3,963",What Christmas Means to Me,Stevie Wonder,"839,000"
"3,964",Never Gonna Be Alone,Nickelback,"838,000"
"3,965",Beibs in the Trap,Travis Scott ft. Nav,"838,000"
"3,966",These Foolish Things (Remind Me of You),Rod Stewart,"838,000"
"3,967",A Thousand Years,Sting,"837,000"
"3,968",I Don't Wanna Stop,Ozzy Osbourne,"837,000"
"3,969",When the Tigers Broke Free,Pink Floyd,"837,000"
"3,970",Bitch,The Rolling Stones,"837,000"
"3,971",Cornelia Street,Taylor Swift,"836,000"
"3,972",00:00 (Zero O'Clock),BTS,"836,000"
"3,973","There, There",Radiohead,"836,000"
"3,974",When I Kissed the Teacher,ABBA,"835,000"
"3,975",Jamie's Cryin',Van Halen,"835,000"
"3,976",Take Me with U,Prince and the Revolutions,"835,000"
"3,977",Send Her My Love,Journey,"835,000"
"3,978",Son of Man,Phil Collins,"834,000"
"3,979",Lucky Town,Bruce Springsteen,"834,000"
"3,980",Dimple,BTS,"834,000"
"3,981",E.T.,Kanye West,"834,000"
"3,982",Hostage,Billie Eilish,"834,000"
"3,983",She's Electric,Oasis,"833,000"
"3,984",Cancelled!,Taylor Swift,"833,000"
"3,985",2 + 2 = 5,Radiohead,"833,000"
"3,986",5% Tint,Travis Scott,"832,000"
"3,987",Saturday Nite,"Earth,Wind & Fire","832,000"
"3,988",Xanny,Billie Eilish,"832,000"
"3,989",You're My Home,Billy Joel,"832,000"
"3,990",Free,Stevie Wonder,"831,000"
"3,991",Slipping Through My Fingers,ABBA,"831,000"
"3,992",Wi$h Li$t,Taylor Swift,"831,000"
"3,993",Dulcimer Stomp/The Other Side,Aerosmith,"831,000"
"3,994",Lust for Life,Lana Del Rey,"831,000"
"3,995",Fe!n,Travis Scott ft. Playboi Carti,"831,000"
"3,996",Up All Night,One Direction,"830,000"
"3,997",Heard 'Em Say,Kanye West,"830,000"
"3,998",Fly,Nicki Minaj ft. Rihanna,"830,000"
"3,999",Actually Romantic,Taylor Swift,"830,000"
"4,000",Home,Depeche Mode,"830,000"
"4,001",Betty,Taylor Swift,"830,000"
"4,002",He Won't Go,Adele,"830,000"
"4,003",Motion Picture Soundtrack,Radiohead,"830,000"
"4,004",It's My House,Diana Ross,"829,000"
"4,005",Morgane de toi,Renaud,"829,000"
"4,006",You Got Me Rocking,The Rolling Stones,"829,000"
"4,007",Sweet Little Rock 'n' Roller,Rod Stewart,"828,000"
"4,008",Up,Demi Lovato,"828,000"
"4,009",Un Peso,Bad Bunny & J Balvin ft. Marciano Cantero,"828,000"
"4,010",Riff Raff,AC/DC,"827,000"
"4,011",Jamais Vu,BTS,"827,000"
"4,012",Gallows Pole,Led Zeppelin,"827,000"
"4,013","Long, Long Way from Home",Foreigner,"827,000"
"4,014",The Holly and the Ivy,Mannheim Steamroller,"827,000"
"4,015",I'm a Man,The Yardbirds,"827,000"
"4,016",Perro Fiel,Shakira ft. Nicky Jam,"826,000"
"4,017",One Thing at a Time,Morgan Wallen,"825,000"
"4,018",As Curvas Da Estrada De Santos,Roberto Carlos,"825,000"
"4,019",Pra Sempre,Roberto Carlos,"825,000"
"4,020","Well, Did You Evah!",Frank Sinatra,"824,000"
"4,021",Bye Bye,Mariah Carey,"824,000"
"4,022",First Blood,AC/DC,"824,000"
"4,023",So Small,Carrie Underwood,"824,000"
"4,024",Every Picture Tells a Story,Rod Stewart,"823,000"
"4,025",Somewhere Other Than The Night,Garth Brooks,"823,000"
"4,026",The Lady in My Life,Michael Jackson,"823,000"
"4,027",Motive,Ariana Grande & Doja Cat,"823,000"
"4,028",Serpentine Fire,"Earth,Wind & Fire","823,000"
"4,029",Blue Christmas,Michael Buble,"823,000"
"4,030",Saint-Tropez,Post Malone,"823,000"
"4,031",Festa do Estica e Puxa,Xuxa,"823,000"
"4,032",I'm Gonna Be Alright,Jennifer Lopez,"822,000"
"4,033",Off He Goes,Pearl Jam,"822,000"
"4,034",Después de la Playa,Bad Bunny,"822,000"
"4,035",We Ride,Rihanna,"822,000"
"4,036",The Importance Of Being Idle,Oasis,"822,000"
"4,037",He Touched Me,Barbra Streisand,"821,000"
"4,038",Lost for Words,Pink Floyd,"821,000"
"4,039",Born to Hand Jive,Sha-Na-Na,"821,000"
"4,040",409,The Beach Boys,"820,000"
"4,041",Fallen Embers,Enya,"819,000"
"4,042",Radio,Lana Del Rey,"819,000"
"4,043",One,Ed Sheeran,"819,000"
"4,044",Little By Little,Oasis,"819,000"
"4,045",Make You Feel My Love,Bob Dylan,"819,000"
"4,046",Follow God,Kanye West,"819,000"
"4,047",Hot Dog,Led Zeppelin,"818,000"
"4,048",Life of the Party,Shawn Mendes,"818,000"
"4,049",The Little Drummer Boy,Bing Crosby,"818,000"
"4,050",New Divide,Linkin Park,"818,000"
"4,051",The Only Thing That Looks Good on Me Is You,Bryan Adams,"817,000"
"4,052",A Sort Of Homecoming,U2,"817,000"
"4,053",Day-In Day-Out,David Bowie,"817,000"
"4,054",Just One of Those Things,Frank Sinatra,"817,000"
"4,055",Do You Hear What I Hear?,Bing Crosby,"817,000"
"4,056",Free to Decide,The Cranberries,"816,000"
"4,057",Greensleeves,Mannheim Steamroller,"816,000"
"4,058",O Portão,Roberto Carlos,"816,000"
"4,059",Ride On,AC/DC,"816,000"
"4,060",Spanish Harlem,Aretha Franklin,"816,000"
"4,061",Can't Be Tamed,Miley Cyrus,"815,000"
"4,062",Do I Have to Say the Words?,Bryan Adams,"815,000"
"4,063",Radar,Britney Spears,"814,000"
"4,064",This Is Me,Demi Lovato & Joe Jonas,"814,000"
"4,065",Birthday,The Beatles,"814,000"
"4,066",All Revved Up with No Place to Go,Meat Loaf,"814,000"
"4,067",Lo Siento BB:/,Bad Bunny & Julieta Venegas & Tainy,"814,000"
"4,068",Pretty Amazing Grace,Neil Diamond,"814,000"
"4,069",Some Unholy War,Amy Winehouse,"813,000"
"4,070",Birthday Cake,Rihanna,"812,000"
"4,071",Planet Caravan,Black Sabbath,"812,000"
"4,072",A Pillow of Winds,Pink Floyd,"812,000"
"4,073",Machine Gun,Jimi Hendrix,"812,000"
"4,074",Baby Be Mine,Michael Jackson,"812,000"
"4,075",Eldest Daughter,Taylor Swift,"812,000"
"4,076",In My Dreams,"Crosby, Stills & Nash","810,000"
"4,077",Excuse Me Miss,Jay-Z,"810,000"
"4,078",Back in Business,AC/DC,"810,000"
"4,079",Black Sweat,Prince,"810,000"
"4,080",Stupid Love,Lady Gaga,"809,000"
"4,081",If I Was Your Girlfriend,Prince,"809,000"
"4,082",Stormbringer,Deep Purple,"809,000"
"4,083",The Last Great American Dynasty,Taylor Swift,"809,000"
"4,084",The Thin Ice,Pink Floyd,"808,000"
"4,085",Encore un soir,Celine Dion,"808,000"
"4,086",The Way You Look Tonight,Michael Buble,"808,000"
"4,087",American Dream,"Crosby, Stills, Nash & Young","808,000"
"4,088",Frantic,Metallica,"808,000"
"4,089",Try Everything,Shakira,"808,000"
"4,090",Last Christmas,Taylor Swift,"808,000"
"4,096",Listen Before I Go,Billie Eilish,"807,000"
"4,091",Our Day Will Come,Amy Winehouse,"807,000"
"4,092",Another Brick in the Wall (Part III),Pink Floyd,"807,000"
"4,093",Diamond Dogs,David Bowie,"807,000"
"4,094",Living Loving Maid (She's Just A Woman),Led Zeppelin,"807,000"
"4,095",Green Eyes,Coldplay,"807,000"
"4,097",Desperado,Rihanna,"806,000"
"4,098",Been A Son,Nirvana,"806,000"
"4,099",Feeling Whitney,Post Malone,"806,000"
"4,100",Enemies,Post Malone ft. DaBaby,"805,000"
"4,101",Try Me,The Weeknd,"805,000"
"4,102",Sand in My Shoes,Dido,"805,000"
"4,103",Racing in the Street,Bruce Springsteen,"805,000"
"4,104",Silent Night,Michael Buble,"805,000"
"4,105",Wait,Maroon 5,"804,000"
"4,106",Autumn Leaves,Frank Sinatra,"804,000"
"4,107",Gasoline Alley,Rod Stewart,"804,000"
"4,108",Bang Bang Bang,Tracy Chapman,"804,000"
"4,109",Jugband Blues,Pink Floyd,"803,000"
"4,110",Levels,Avicii,"803,000"
"4,111",Wasted Times,The Weeknd,"802,000"
"4,112",Body And Soul,Amy Winehouse & Tony Bennett,"802,000"
"4,113",No track (Eight Days A Week (The Touring Years) [Video]),The Beatles,"802,000"
"4,114",Afterglow,Ed Sheeran,"802,000"
"4,115",Wings,Little Mix,"801,000"
"4,116",Hit The Floor,Linkin Park,"801,000"
"4,117",I'm Your Man,Wham!,"801,000"
"4,118",Idioteque,Radiohead,"801,000"
"4,119",Jungle,Drake,"800,000"
"4,120",Pretty U,Seventeen,"800,000"
"4,121",On the Beach,Neil Young,"800,000"
"4,122",Lounge Act,Nirvana,"800,000"
"4,123",No track (Help! [Video]),The Beatles,"799,000"
"4,124",A Hazy Shade of Winter,Simon & Garfunkel,"799,000"
"4,125",The Rover,Led Zeppelin,"799,000"
"4,126",Boris The Spider,The Who,"798,000"
"4,127",War,Bob Marley,"797,000"
"4,128",This Afternoon,Nickelback,"797,000"
"4,129",Oh! You Pretty Things,David Bowie,"796,000"
"4,130",Hey Daddy,Usher,"796,000"
"4,131",Endless Love,Luther Vandross & Mariah Carey,"796,000"
"4,132",Knocking at Your Back Door,Deep Purple,"796,000"
"4,133",Spirits (Having Flown),Bee Gees,"795,000"
"4,134",Jokerman,Bob Dylan,"795,000"
"4,135",Your Time Is Gonna Come,Led Zeppelin,"795,000"
"4,136",Wasted,Juice Wrld,"795,000"
"4,137",Let Me Love You,Ariana Grande ft. Lil Wayne,"795,000"
"4,138",Brianstorm,Arctic Monkeys,"795,000"
"4,139",18,One Direction,"795,000"
"4,140",Kentucky Rain,Elvis Presley,"795,000"
"4,141",IDGAF,Drake ft. Yeat,"795,000"
"4,142","O Come, All Ye Faithful",Elvis Presley,"794,000"
"4,143",Candy,Doja Cat,"794,000"
"4,144",Sin Sin Sin,Robbie Williams,"793,000"
"4,145",Have Yourself a Merry Little Christmas,Sam Smith,"793,000"
"4,146",Heart of the City (Ain't No Love),Jay-Z,"793,000"
"4,147",Climax,Usher,"793,000"
"4,148",Lovers In Japan,Coldplay,"793,000"
"4,149",Misunderstood,Bon Jovi,"793,000"
"4,150",Take It All,Adele,"793,000"
"4,151",Never Let You Go,Justin Bieber,"792,000"
"4,152",Holy Mother,Eric Clapton,"792,000"
"4,153",Three Coins in the Fountain,Frank Sinatra,"792,000"
"4,154",This Is the Time,Billy Joel,"792,000"
"4,155",I'll Be Seeing You,Frank Sinatra,"792,000"
"4,156",I Just Fall in Love Again,Carpenters,"792,000"
"4,157",That Was Yesterday,Foreigner,"792,000"
"4,158",Moonshine,Bruno Mars,"791,000"
"4,159",Razor Love,Neil Young,"791,000"
"4,160",Holier Than Thou,Metallica,"791,000"
"4,161",On Your Face,"Earth,Wind & Fire","791,000"
"4,162",For My Lover,Tracy Chapman,"791,000"
"4,163",Rock Me Baby,Ike & Tina Turner,"790,000"
"4,164",I'll Always Be Right There,Bryan Adams,"790,000"
"4,165",Life Is a Flower,Ace Of Base,"790,000"
"4,166",Do Not Disturb,Drake,"789,000"
"4,167",Half The World Away,Oasis,"789,000"
"4,168",I Know a Little,Lynyrd Skynyrd,"789,000"
"4,169",Woman Like Me,Little Mix,"789,000"
"4,170",I Can See You,Taylor Swift,"789,000"
"4,171",See You on the Other Side,Ozzy Osbourne,"788,000"
"4,172",Tomorrow Never Knows,The Beatles,"788,000"
"4,173",Mighty Mighty,"Earth,Wind & Fire","788,000"
"4,174",On the Hunt,Lynyrd Skynyrd,"788,000"
"4,175",Another Man's Woman,Supertramp,"788,000"
"4,176",Doing It Wrong,Drake,"788,000"
"4,177",Waves,Kanye West,"787,000"
"4,178",We'll Be Together,Sting,"787,000"
"4,179",Afterglow,Taylor Swift,"787,000"
"4,180",Party,Boston,"786,000"
"4,181",Painter Song,Norah Jones,"786,000"
"4,182",Geek Stink Breath,Green Day,"785,000"
"4,183",You Can't Do That,The Beatles,"785,000"
"4,184",Date Rape / Rawhide,Sublime,"785,000"
"4,185",High,James Blunt,"785,000"
"4,186",You Know Me,Robbie Williams,"784,000"
"4,187",You've Got a Way,Shania Twain,"784,000"
"4,188",A Hard Rain's a-Gonna Fall,Bob Dylan,"783,000"
"4,189",Oh Father,Madonna,"783,000"
"4,190",Six Feet Under,The Weeknd,"783,000"
"4,191",Wear My Ring Around Your Neck,Elvis Presley,"783,000"
"4,192",Through The Never,Metallica,"782,000"
"4,193",Fly Away from Here,Aerosmith,"782,000"
"4,194",Dyers Eve,Metallica,"782,000"
"4,195",Take It Back,Pink Floyd,"781,000"
"4,196",King of Sorrow,Sade,"780,000"
"4,197",Sitting on Top of the World,Cream,"779,000"
"4,198",3,Britney Spears,"779,000"
"4,199",Bartier Cardi,Cardi B,"778,000"
"4,200",Pray,Sam Smith ft. Logic,"778,000"
"4,201",One Tree Hill,U2,"777,000"
"4,202",I Told You So,Carrie Underwood,"777,000"
"4,203",Bron-yr-aur,Led Zeppelin,"777,000"
"4,204",Not in Love,Enrique Iglesias,"777,000"
"4,205",Oh My!,Seventeen,"777,000"
"4,206",Dear John,Taylor Swift,"776,000"
"4,207",Shot Down in Flames,AC/DC,"776,000"
"4,208",Me Enamoré,Shakira,"775,000"
"4,209",All I've Got to Do,The Beatles,"775,000"
"4,210",I'm Ready,Bryan Adams,"774,000"
"4,211",Evil Walks,AC/DC,"774,000"
"4,212",If Not for You,Bob Dylan,"774,000"
"4,213",Nude,Radiohead,"774,000"
"4,214",Ruin the Friendship,Taylor Swift,"774,000"
"4,215",Hey Tonight,Creedence Clearwater Revival,"773,000"
"4,216",Santa Claus Is Comin' to Town,Mariah Carey,"773,000"
"4,217",Va Va Voom,Nicki Minaj,"773,000"
"4,218",Home,Seventeen,"773,000"
"4,219",Blue & Grey,BTS,"772,000"
"4,220",Who's Afraid of Little Old Me?,Taylor Swift,"772,000"
"4,221",Gone Shootin',AC/DC,"772,000"
"4,222",Roll With It,Oasis,"771,000"
"4,223",Save Up All Your Tears,Cher,"771,000"
"4,224",I'm Upset,Drake,"771,000"
"4,225",The Outlaw Torn,Metallica,"771,000"
"4,226",Where Have All the Good Times Gone!,Van Halen,"770,000"
"4,227",Will You Still Love Me,Amy Winehouse,"770,000"
"4,228",One in a Million,Guns N' Roses,"770,000"
"4,229",We All Sleep Alone,Cher,"770,000"
"4,230",Jump In The Fire,Metallica,"769,000"
"4,231",Take Me Home,Cher,"769,000"
"4,232",You and I,Michael Buble,"769,000"
"4,233",One Flight Down,Norah Jones,"769,000"
"4,234",Right Where You Left Me,Taylor Swift,"769,000"
"4,235",You've Lost That Lovin' Feelin',Elvis Presley,"769,000"
"4,236",Boys Keep Swinging,David Bowie,"768,000"
"4,237",Dance Tonight,Paul McCartney,"768,000"
"4,238",Break The Ice,Britney Spears,"768,000"
"4,239",So Long,ABBA,"768,000"
"4,240",Stuck Inside of Mobile with the Memphis Blues Again,Bob Dylan,"768,000"
"4,241",True Colors,The Weeknd,"768,000"
"4,242",A Soapbox Opera,Supertramp,"767,000"
"4,243",Crazy Love,Michael Buble,"767,000"
"4,244",Exhale (Shoop Shoop),Whitney Houston,"767,000"
"4,245",Love's Holiday,"Earth,Wind & Fire","767,000"
"4,246",Come Together,Aerosmith,"767,000"
"4,247",Off to the Races,Lana Del Rey,"767,000"
"4,248",Mr. Brown (aka Dracula),Bob Marley,"767,000"
"4,249",Garden Grove,Sublime,"767,000"
"4,250",Fancy,Drake ft. Swizz Beatz & T.I.,"766,000"
"4,251",Loverboy,Mariah Carey ft. Cameo,"766,000"
"4,252",Veni Veni (O Come O Come Emmanuel),Mannheim Steamroller,"766,000"
"4,253",Papi,Jennifer Lopez,"766,000"
"4,254",San Tropez,Pink Floyd,"766,000"
"4,255",Mellow Mood,Bob Marley,"766,000"
"4,256",Un x100to,Bad Bunny & Grupo Frontera,"765,000"
"4,257",Gatti,JackBoys & Pop Smoke & Travis Scott,"765,000"
"4,258",Morning Glory,Oasis,"765,000"
"4,259",Territorial Pissings,Nirvana,"764,000"
"4,260",Invisible Sun,The Police,"764,000"
"4,261",Doesn't Mean Anything,Alicia Keys,"764,000"
"4,262",Shades of Cool,Lana Del Rey,"764,000"
"4,263",American Boy,Kanye West,"764,000"
"4,264",Volví,Aventura & Bad Bunny,"763,000"
"4,265",Motherless Child,Eric Clapton,"763,000"
"4,266",Feel No Ways,Drake,"762,000"
"4,267",2step,Ed Sheeran,"762,000"
"4,268",Step You,Ayumi Hamasaki,"762,000"
"4,269",Midnight In Chelsea,Jon Bon Jovi,"762,000"
"4,270",And So It Goes,Billy Joel,"762,000"
"4,271",Midnight,Coldplay,"762,000"
"4,272",World,Bee Gees,"762,000"
"4,273",State of Love and Trust,Pearl Jam,"761,000"
"4,274",Blue Moon,Elvis Presley,"761,000"
"4,275",Island Girl,Elton John,"761,000"
"4,276",No More Sorrow,Linkin Park,"760,000"
"4,277",Hoje e Dia de Folia,Xuxa,"760,000"
"4,278",How Many More Times,Led Zeppelin,"760,000"
"4,279","Damage, INC.",Metallica,"760,000"
"4,280",Slipped Away,Avril Lavigne,"760,000"
"4,281",Warning,Green Day,"760,000"
"4,282",The Woman in You,Bee Gees,"759,000"
"4,283",Amorfoda,Bad Bunny,"759,000"
"4,284",Squonk,Genesis,"759,000"
"4,285",They Call It Stormy Monday,John Mayall & The Bluesbreakers,"759,000"
"4,286",Stones,Neil Diamond,"759,000"
"4,287",Drew Barrymore,SZA,"759,000"
"4,288",Walks Like a Lady,Journey,"759,000"
"4,289",Neon Lights,Demi Lovato,"758,000"
"4,290",Them Belly Full (But We Hungry),Bob Marley,"758,000"
"4,291",I Love You Too Much,Bee Gees,"758,000"
"4,292",Ac-Cent-Tchu-Ate the Positive,Bing Crosby,"758,000"
"4,293",The Clansman,Iron Maiden,"758,000"
"4,294",This Must Be Love,Phil Collins,"757,000"
"4,295",Don't Know What to Do,Blackpink,"757,000"
"4,296",Driver 8,R.E.M.,"757,000"
"4,297",This Summer,Maroon 5,"757,000"
"4,298",Figure.09,Linkin Park,"756,000"
"4,299",Maxwell's Silver Hammer,The Beatles,"756,000"
"4,300",Jump They Say,David Bowie,"756,000"
"4,301",Easier To Run,Linkin Park,"756,000"
"4,302",Mr. Bojangles,Neil Diamond,"755,000"
"4,303",American Tune,Paul Simon,"755,000"
"4,304",Dancing in the Street,Van Halen,"754,000"
"4,305",Monotonía,Ozuna & Shakira,"754,000"
"4,306","See Me, Feel Me",The Who,"754,000"
"4,307",ilomilo,Billie Eilish,"753,000"
"4,308",The Hardest Part,Coldplay,"753,000"
"4,309",They Can't Take That Away from Me,Rod Stewart,"753,000"
"4,310",Praise God,Kanye West,"752,000"
"4,311",The Way I Talk,Morgan Wallen,"752,000"
"4,312",Marshall Mathers,Eminem,"752,000"
"4,313",Promises,The Cranberries,"751,000"
"4,314",Don't Think Jesus,Morgan Wallen,"751,000"
"4,315",Trading Places,Usher,"751,000"
"4,316",Friends,Led Zeppelin,"751,000"
"4,317",Girls Got Rhythm,AC/DC,"751,000"
"4,318",Derrière L'Amour,Johnny Hallyday,"751,000"
"4,319",This Is Love,Will.i.am,"751,000"
"4,320",Beautiful Stranger,Madonna,"750,000"
"4,321",Blood Brothers,Iron Maiden,"750,000"
"4,322","So Long, London",Taylor Swift,"749,000"
"4,323",Carry That Weight,The Beatles,"749,000"
"4,324",Down to the Waterline,Dire Straits,"748,000"
"4,325",It's All Too Much,The Beatles,"747,000"
"4,326",Girl from the North Country,Bob Dylan,"747,000"
"4,327",Carols,Ayumi Hamasaki,"747,000"
"4,328",The Final Cut,Pink Floyd,"747,000"
"4,329",Knives Out,Radiohead,"746,000"
"4,330",Tell Me Something I Don't Know,Selena Gomez & the Scene,"746,000"
"4,331",Let's Make a Night to Remember,Bryan Adams,"746,000"
"4,332",Ain't My Bitch,Metallica,"746,000"
"4,333",Wear My Hat,Phil Collins,"746,000"
"4,334",Dance of Death,Iron Maiden,"746,000"
"4,335",Dead Presidents II,Jay-Z,"745,000"
"4,336",South Bound Saurez,Led Zeppelin,"745,000"
"4,337",Una Vez,Bad Bunny ft. Mora,"745,000"
"4,338",Hollywood,Madonna,"745,000"
"4,339",Nightingale,Norah Jones,"744,000"
"4,340",Kiss Me Quick,Elvis Presley,"743,000"
"4,341",Song Cry,Jay-Z,"743,000"
"4,342",Infatuation,Rod Stewart,"743,000"
"4,343",Gagliarda,Mannheim Steamroller,"742,000"
"4,344",Reggaetón Lento,Little Mix,"742,000"
"4,345",Love Can Move Mountains,Celine Dion,"742,000"
"4,346",Mastermind,Taylor Swift,"742,000"
"4,347",Holy Smoke,Iron Maiden,"742,000"
"4,348",Nossa Senhora,Roberto Carlos,"742,000"
"4,349",D'Amour Ou D'Amitie,Celine Dion,"742,000"
"4,350",Don't Cry Daddy,Elvis Presley,"742,000"
"4,352",Into the Void,Black Sabbath,"741,000"
"4,353","It's All Over Now, Baby Blue",Bob Dylan,"741,000"
"4,354",Star People,George Michael,"741,000"
"4,351",Ticket to Heaven,Dire Straits,"741,000"
"4,355",Love Touch,Rod Stewart,"740,000"
"4,356",One Step Up,Bruce Springsteen,"740,000"
"4,357",I Got Lucky,Elvis Presley,"740,000"
"4,358",Best Mistake,Ariana Grande ft. Big Sean,"739,000"
"4,359",Monkey,George Michael,"739,000"
"4,360",Letting Go,Wings,"739,000"
"4,361",Touch Me When We're Dancing,Carpenters,"739,000"
"4,362",Hair,Little Mix,"738,000"
"4,363",Calling All Stations,Genesis,"738,000"
"4,364",Pound Cake / Paris Morton Music 2,Drake ft. Jay Z,"738,000"
"4,365",Dear Father,Neil Diamond,"737,000"
"4,366",Only a Northern Song,The Beatles,"737,000"
"4,367",Temporary Home,Carrie Underwood,"737,000"
"4,368",400 Years,Bob Marley,"737,000"
"4,369",High School,Nicki Minaj ft. Lil Wayne,"737,000"
"4,370",Breakin' All the Rules,Ozzy Osbourne,"737,000"
"4,371",Outra Vez,Roberto Carlos,"736,000"
"4,372",Love,John Lennon,"736,000"
"4,373",Luz Divina,Roberto Carlos,"736,000"
"4,374",Getcha Back,The Beach Boys,"735,000"
"4,375",A Place in the Sun,Stevie Wonder,"735,000"
"4,376",You'll Always Find Your Way Back Home,Miley Cyrus,"735,000"
"4,377",Bathwater,No Doubt,"734,000"
"4,378",Cooped Up,Post Malone ft. Roddy Ricch,"734,000"
"4,379",Get the Balance Right!,Depeche Mode,"734,000"
"4,380",Lyla,Oasis,"734,000"
"4,381",Girl Like Me,Black Eyed Peas & Shakira,"733,000"
"4,382",Se Você Quer,Roberto Carlos,"733,000"
"4,383",Power to the People,John Lennon,"733,000"
"4,384",Million Dollar Bill,Whitney Houston,"733,000"
"4,385",Rudy,Supertramp,"733,000"
"4,386",Shake Your Foundations,AC/DC,"733,000"
"4,387",Funny How Time Flies (When You're Having Fun),Janet Jackson,"733,000"
"4,388",Champion,Kanye West,"733,000"
"4,389",Who's Gonna Ride Your Wild Horses?,U2,"732,000"
"4,390",Where Do Broken Hearts Go,One Direction,"732,000"
"4,391",I Love You,Celine Dion,"732,000"
"4,392",Tales of Brave Ulysses,Cream,"732,000"
"4,393",Somebody,Bryan Adams,"732,000"
"4,394",Who Said I Would,Phil Collins,"732,000"
"4,395",El Dia Que Me Quieras,Roberto Carlos,"732,000"
"4,396",Synchronicity II,The Police,"731,000"
"4,397",Satisfied,Broadway cast of Hamilton,"731,000"
"4,398",Broken Arrows,Avicii,"731,000"
"4,399",Universally Speaking,Red Hot Chili Peppers,"731,000"
"4,400",Butterfly Fly Away,Billy Ray Cyrus & Miley Cyrus,"731,000"
"4,401",Girls Need Love,Drake & Summer Walker[93],"731,000"
"4,402",To You,Seventeen,"731,000"
"4,403",Andrea,Bad Bunny & Buscabulla,"730,000"
"4,404",One for the Road,Arctic Monkeys,"730,000"
"4,405",Black & White,Juice Wrld,"730,000"
"4,406",On Silent Wings,Tina Turner ft. Sting,"730,000"
"4,407",Ours,Taylor Swift,"730,000"
"4,408",Cross Me,Ed Sheeran ft. Chance the Rapper & PnB Rock,"729,000"
"4,409",I'm Gonna Crawl,Led Zeppelin,"729,000"
"4,410",Public Service Announcement (Interlude),Jay-Z,"729,000"
"4,411",Heal the Pain,George Michael,"729,000"
"4,412",Tolerate It,Taylor Swift,"729,000"
"4,413",I'm the Ocean,Neil Young ft. Pearl Jam,"729,000"
"4,414",The Voice Within,Christina Aguilera,"728,000"
"4,415",Zanzibar,Billy Joel,"728,000"
"4,416",Chunky,Bruno Mars,"728,000"
"4,417",Loving You,Elvis Presley,"728,000"
"4,418",Moth into Flame,Metallica,"727,000"
"4,419",Bleeding Out,Imagine Dragons,"727,000"
"4,420",Especially For You,Jason Donovan & Kylie Minogue,"727,000"
"4,421",The Night Is Still Young,Nicki Minaj,"727,000"
"4,422",Just for You,Lionel Richie,"727,000"
"4,423",New Man,Ed Sheeran,"727,000"
"4,424",Barrel of a Gun,Depeche Mode,"726,000"
"4,425",Waiting for the Sun,The Doors,"726,000"
"4,426",Lost Cause,Billie Eilish,"726,000"
"4,427",Un-Thinkable (I'm Ready),Alicia Keys,"726,000"
"4,428",Those Magic Changes,Sha-Na-Na,"726,000"
"4,429",Nebraska,Bruce Springsteen,"725,000"
"4,430",If You Really Love Me,Stevie Wonder,"725,000"
"4,431",Fool's Overture,Supertramp,"724,000"
"4,432",I've Got a Feeling,The Beatles,"724,000"
"4,433",Neon Knights,Black Sabbath,"724,000"
"4,434",Daddy Lessons,Beyonce,"724,000"
"4,435",Addicted to You,Shakira,"724,000"
"4,436",How You Get the Girl,Taylor Swift,"723,000"
"4,437",Not to Touch the Earth,The Doors,"723,000"
"4,438",Cheers,Seventeen,"723,000"
"4,439",Some Kind Of Monster,Metallica,"723,000"
"4,440",I Couldn't Sleep a Wink Last Night,Frank Sinatra,"723,000"
"4,441",Empty Spaces,Pink Floyd,"723,000"
"4,442",The Dogs of War,Pink Floyd,"722,000"
"4,443",Little Guitars (Intro),Van Halen,"722,000"
"4,444",Have You Met Miss Jones?,Robbie Williams,"722,000"
"4,445",All About Soul,Billy Joel,"722,000"
"4,446",Stuck In The Moment,Justin Bieber,"722,000"
"4,447",For Once in My Life,Michael Buble,"721,000"
"4,448",Calling Occupants of Interplanetary Craft,Carpenters,"721,000"
"4,449",You Win My Love,Shania Twain,"721,000"
"4,450",The Long Day Is Over,Norah Jones,"721,000"
"4,451",Lotto,Exo,"721,000"
"4,452",Morning,Janet Jackson,"721,000"
"4,453",Imagine,Ariana Grande,"721,000"
"4,454",Never Say Goodbye,Bon Jovi,"720,000"
"4,455",The Wait,Metallica,"720,000"
"4,456",I'm Stepping Out,John Lennon,"720,000"
"4,457",We Know the Way,Various Artists,"720,000"
"4,458",Simple Kind of Life,No Doubt,"719,000"
"4,459",Trust,Ayumi Hamasaki,"719,000"
"4,460",After The Thrill Is Gone,Eagles,"719,000"
"4,461",Cinco Patinhos,Xuxa,"719,000"
"4,462",Mama Kin,Aerosmith,"719,000"
"4,463",Dos Mil 16,Bad Bunny,"718,000"
"4,464",Outro: House Of Cards,BTS,"718,000"
"4,465",The Way He Makes Me Feel,Barbra Streisand,"718,000"
"4,466",Shot for Me,Drake,"717,000"
"4,467",Tea for One,Led Zeppelin,"717,000"
"4,468",Hit,Seventeen,"716,000"
"4,469",My Michelle,Guns N' Roses,"716,000"
"4,470",Sex With Me,Rihanna,"716,000"
"4,471",Moon,BTS,"716,000"
"4,472",Bad Girl,Madonna,"716,000"
"4,473",Seven,Taylor Swift,"715,000"
"4,474",Childhood's End,Pink Floyd,"715,000"
"4,475",Sensualidad,Bad Bunny & J Balvin & Prince Royce,"715,000"
"4,476",Speed King,Deep Purple,"715,000"
"4,477",Rime of the Ancient Mariner,Iron Maiden,"715,000"
"4,478",Pure and Easy,The Who,"715,000"
"4,479",The River Sings,Enya,"715,000"
"4,480",Next Contestant,Nickelback,"714,000"
"4,481",#Beautiful,Mariah Carey ft. Miguel,"714,000"
"4,482",Sexed Up,Robbie Williams,"713,000"
"4,483",Skies the Limit,Fleetwood Mac,"713,000"
"4,484",Back in My Arms Again,The Supremes,"713,000"
"4,485",So What,BTS,"713,000"
"4,486",Heart of Glass,Miley Cyrus,"713,000"
"4,487",#thatPOWER,Will.i.am ft. Justin Bieber,"713,000"
"4,488","Have You Seen Your Mother, Baby, Standing In The Shadow?",The Rolling Stones,"712,000"
"4,489",Ni Bien Ni Mal,Bad Bunny,"712,000"
"4,490",I Saw Mommy Kissing Santa Claus,The Jackson 5,"712,000"
"4,491",I'd Come for You,Nickelback,"711,000"
"4,492",Seven Bridges Road,Eagles,"711,000"
"4,493",Gotta Have It,Jay-Z & Kanye West,"711,000"
"4,494",Mom,Garth Brooks,"710,000"
"4,495",If God Will Send His Angels,U2,"710,000"
"4,496",My Boy Only Breaks His Favorite Toys,Taylor Swift,"710,000"
"4,497",Beautiful Disaster,Kelly Clarkson,"710,000"
"4,498",Across the Lines,Tracy Chapman,"709,000"
"4,499",Gone,U2,"709,000"
"4,500",Somebody,Depeche Mode,"709,000"
"4,501",Sink the Pink,AC/DC,"708,000"
"4,502",No Regrets,Robbie Williams,"708,000"
"4,503",It Only Takes a Minute,Take That,"708,000"
"4,504",Filthy,Justin Timberlake,"708,000"
"4,505",Happiness Is a Warm Gun,The Beatles,"708,000"
"4,506",Never Gonna Leave This Bed,Maroon 5,"707,000"
"4,507",Nappy Heads,Fugees,"706,000"
"4,508",Visions of Johanna,Bob Dylan,"706,000"
"4,509",Black Ice,AC/DC,"706,000"
"4,510",I'm Afraid Of Americans,David Bowie,"706,000"
"4,511",The Life Divine,Carlos Santana & John McLaughlin,"705,000"
"4,512",ATWA,System of a Down,"704,000"
"4,513",Strong,Robbie Williams,"704,000"
"4,514",Oh ma jolie Sarah,Johnny Hallyday,"704,000"
"4,515",Greatful Days,Ayumi Hamasaki,"704,000"
"4,516",Empty,Juice Wrld,"704,000"
"4,517",Gods & Monsters,Lana Del Rey,"704,000"
"4,518",The Recipe,Kendrick Lamar ft. Dr. Dre,"703,000"
"4,519",Destin,Celine Dion,"703,000"
"4,520",Love -Destiny-,Ayumi Hamasaki,"703,000"
"4,521",Criminal,Britney Spears,"702,000"
"4,522",No track (The Beatles' Story),The Beatles,"702,000"
"4,523",Fils de personne,Johnny Hallyday,"701,000"
"4,524",The Cinema Show,Genesis,"701,000"
"4,525",Ego,Beyonce,"701,000"
"4,526",Fast Lane,Bad Meets Evil,"701,000"
"4,527",Los Endos,Genesis,"701,000"
"4,528",I Miss You,Adele,"701,000"
"4,529",State of Grace,Taylor Swift,"700,000"
"4,530",Tourniquet,Evanescence,"700,000"
"4,531",I'm Tore Down,Eric Clapton,"700,000"
"4,532",Hoedown Throwdown,Miley Cyrus,"700,000"
"4,533",Cure For The Itch,Linkin Park,"699,000"
"4,534",The Return of the Giant Hogweed,Genesis,"699,000"
"4,535",Big Jack,AC/DC,"699,000"
"4,536",Wild Is The Wind,David Bowie,"698,000"
"4,537",The Moon and the Sky,Sade,"698,000"
"4,538",Alan's Psychedelic Breakfast,Pink Floyd,"698,000"
"4,539",Nineteen Hundred and Eighty-Five,Paul McCartney & Wings,"698,000"
"4,540",If I Could Be Where You Are,Enya,"698,000"
"4,541",God Is a DJ,P!nk,"698,000"
"4,542",Stockholm Syndrome,One Direction,"698,000"
"4,543",Gyalchester,Drake,"697,000"
"4,544",Fairytale,Enya,"697,000"
"4,545",No Bystanders,Travis Scott,"697,000"
"4,546",Diamonds,Sam Smith,"697,000"
"4,547",River of Tears,Eric Clapton,"697,000"
"4,548",Anna (Go to Him),The Beatles,"697,000"
"4,549",Pretty Hurts,Beyonce,"696,000"
"4,550",The Miracle,Queen,"696,000"
"4,551",Otro Atardecer,Bad Bunny & the Marías,"696,000"
"4,552",Seventh Son of a Seventh Son,Iron Maiden,"695,000"
"4,553",I Know What I Know,Paul Simon,"695,000"
"4,554",Loco,Enrique Iglesias,"695,000"
"4,555",Doo Doo Doo Doo Doo (Heartbreaker),The Rolling Stones,"695,000"
"4,556",Baby I'm a Star,Prince and the Revolutions,"695,000"
"4,557",Reborn,Kanye West,"695,000"
"4,558",Winter Wonderland,Elvis Presley,"694,000"
"4,559",Oh Happy Day,Aretha Franklin,"694,000"
"4,560",I'm Free,The Who,"694,000"
"4,561",Smile,Juice Wrld,"693,000"
"4,562",Walk On By,Aretha Franklin,"693,000"
"4,563",Cyanide,Metallica,"692,000"
"4,564",Wake Up,Travis Scott,"692,000"
"4,565",Through the Rain,Mariah Carey,"692,000"
"4,566",Overboard,Justin Bieber ft. Jessica Jarrell,"692,000"
"4,567",25 to Life,Eminem,"692,000"
"4,568",A Message,Coldplay,"692,000"
"4,569",Reception,Wings,"692,000"
"4,570",L'amour existe encore,Celine Dion,"692,000"
"4,571",Volando,Bad Bunny & Mora & Sech,"692,000"
"4,572",Don't Forget to Remember Me,Carrie Underwood,"692,000"
"4,573",Bug a Boo,Destiny's Child,"692,000"
"4,574",Mulher De 40,Roberto Carlos,"692,000"
"4,575",Fanny (Be Tender with My Love),Bee Gees,"691,000"
"4,576",Angels We Have Heard on High,Mannheim Steamroller,"691,000"
"4,577",Missing You,Tina Turner,"691,000"
"4,578",Intro: Persona,BTS,"691,000"
"4,579",Everybody's Trying to Be My Baby,The Beatles,"691,000"
"4,580",Strawberry Swing,Coldplay,"690,000"
"4,581",My Shot,Broadway cast of Hamilton,"690,000"
"4,582",Once,Pearl Jam,"690,000"
"4,583",Perfect,Alanis Morissette,"690,000"
"4,584",Journey Through The Past,Neil Young,"690,000"
"4,585",Surface Pressure,Various Artists,"689,000"
"4,586",Bike,Pink Floyd,"689,000"
"4,587",Black Celebration,Depeche Mode,"689,000"
"4,588",One Day in Your Life,Michael Jackson,"689,000"
"4,589",Under the Influence,Eminem ft. D12,"688,000"
"4,590",Sirens,Pearl Jam,"688,000"
"4,591",Die Hard,Amanda Reifer & Blxst & Kendrick Lamar,"688,000"
"4,592",There Goes My Baby,Usher,"688,000"
"4,593",Picture Me Rollin',2Pac ft. Big Syke & CPO & Danny Boy,"688,000"
"4,594",Two Black Cadillacs,Carrie Underwood,"687,000"
"4,595",For Whom the Bell Tolls,Bee Gees,"687,000"
"4,596",Otra Noche en Miami,Bad Bunny,"687,000"
"4,597",Haunted,Taylor Swift,"687,000"
"4,598",Steamy Windows,Tina Turner,"687,000"
"4,599",Ball for Me,Post Malone ft. Nicki Minaj,"687,000"
"4,600",Long Time Gone,"Crosby, Stills & Nash","686,000"
"4,601",I Would,One Direction,"686,000"
"4,602",If I Told You That,Whitney Houston,"686,000"
"4,603",Crazy Babies,Ozzy Osbourne,"686,000"
"4,604",Estamos Bien,Bad Bunny,"686,000"
"4,605",We're Gonna Groove,Led Zeppelin,"686,000"
"4,606",Imagination,Shawn Mendes,"685,000"
"4,607",Whenever I Say Your Name,Mary J. Blige & Sting,"685,000"
"4,608",We Are Bulletproof Pt. 2,BTS,"684,000"
"4,609",Burnout,Green Day,"684,000"
"4,610",4 in the Morning,Gwen Stefani,"684,000"
"4,611",Maggie's Farm,Bob Dylan,"684,000"
"4,612",SOS,Seventeen,"684,000"
"4,613",Wheel of Fortune,Ace Of Base,"683,000"
"4,614",This Bar,Morgan Wallen,"683,000"
"4,615",Is There Anybody Out There?,Pink Floyd,"683,000"
"4,616",I Missed Again,Phil Collins,"683,000"
"4,617",Por Ela,Roberto Carlos,"683,000"
"4,618",I Love You,Frank Sinatra,"682,000"
"4,619",Alexander Hamilton,Broadway cast of Hamilton,"682,000"
"4,620",Good King Wenceslas,Mannheim Steamroller,"682,000"
"4,621","Eh, Eh (Nothing Else I Can Say)",Lady Gaga,"681,000"
"4,622",Intro (End of the World),Ariana Grande,"681,000"
"4,623",Present Tense,Pearl Jam,"681,000"
"4,624",Rockin',The Weeknd,"681,000"
"4,625",Baby Let's Play House,Elvis Presley,"681,000"
"4,626",Lazarus,David Bowie,"681,000"
"4,627",Take Your Whiskey Home,Van Halen,"680,000"
"4,628",21st Century Girls,BTS,"680,000"
"4,629",Top of the World,Van Halen,"680,000"
"4,630","John, I'm Only Dancing (Again)",David Bowie,"680,000"
"4,631",Hurricane,Kanye West,"680,000"
"4,632",Honey,Taylor Swift,"680,000"
"4,633",Solo de Mí,Bad Bunny,"680,000"
"4,634",Deja Vu,Post Malone ft. Justin Bieber,"680,000"
"4,635",Trains and Winter Rains,Enya,"680,000"
"4,636",The Reason,Celine Dion,"680,000"
"4,637",Question!,System of a Down,"680,000"
"4,638",All I Ask of You,Barbra Streisand,"679,000"
"4,639",Saint Agnes and the Burning Train,Sting,"679,000"
"4,640",School,Nirvana,"679,000"
"4,641",Last Kiss,Taylor Swift,"678,000"
"4,642",Over Again,One Direction,"678,000"
"4,643",Somebody's Problem,Morgan Wallen,"678,000"
"4,644",Rocky Raccoon,The Beatles,"677,000"
"4,645",Never Be Alone,Shawn Mendes,"677,000"
"4,646",Mississippi,Bob Dylan,"677,000"
"4,647",A Song for You,Carpenters,"677,000"
"4,648",Lost Highway,Bon Jovi,"677,000"
"4,649",New Life,Depeche Mode,"677,000"
"4,650",Pretending,Eric Clapton,"677,000"
"4,651",Hitch a Ride,Boston,"676,000"
"4,652",Bold as Love,Jimi Hendrix Experience,"676,000"
"4,653",Pills n Potions,Nicki Minaj,"676,000"
"4,654",Happily,One Direction,"676,000"
"4,655",Simple Twist of Fate,Bob Dylan,"676,000"
"4,656",Never Again,Nickelback,"676,000"
"4,657",I Wish You Would,Taylor Swift,"675,000"
"4,658",Ugh!,BTS,"675,000"
"4,659",10 Bands,Drake,"675,000"
"4,660",Musicology,Prince,"675,000"
"4,661",Soft and Wet,Prince,"674,000"
"4,662",Fairies Wear Boots,Black Sabbath,"674,000"
"4,663",Diamonds from Sierra Leone,Kanye West,"674,000"
"4,664",Addicted,Enrique Iglesias,"674,000"
"4,665",Slip Slidin' Away,Simon & Garfunkel,"673,000"
"4,666",You Are in Love,Taylor Swift,"673,000"
"4,667",Soldier,Eminem,"673,000"
"4,668",London Boy,Taylor Swift,"673,000"
"4,669",Play Dead,Bjork,"673,000"
"4,670",Power to Love (aka Power of Soul),Jimi Hendrix,"673,000"
"4,671",Skyline Pigeon,Elton John,"672,000"
"4,672",It Was a Very Good Year,Robbie Williams,"672,000"
"4,673",Behind the Lines,Genesis,"672,000"
"4,674",Your Love,Nicki Minaj,"672,000"
"4,675",It's All Coming Back to Me Now,Meat Loaf ft. Marion Raven,"671,000"
"4,676",Lie,BTS,"671,000"
"4,677",Living in Sin,Bon Jovi,"671,000"
"4,678",Out On The Tiles,Led Zeppelin,"671,000"
"4,679",Needy,Ariana Grande,"671,000"
"4,680",Viens Danser Le Twist,Johnny Hallyday,"671,000"
"4,681",Not for You,Pearl Jam,"671,000"
"4,682",But Daddy I Love Him,Taylor Swift,"671,000"
"4,683",Remember Me,Diana Ross,"670,000"
"4,684",Lost In You,Garth Brooks,"669,000"
"4,685",Slide Away,Oasis,"669,000"
"4,686",Something from Nothing,Foo Fighters ft. Rick Nielsen,"669,000"
"4,687",Make It to Me,Sam Smith,"669,000"
"4,688",Don't Wanna Lose You,Lionel Richie,"669,000"
"4,689",Crying Lightning,Arctic Monkeys,"669,000"
"4,690",Two of Us,The Beatles,"669,000"
"4,691",Last Time I Saw Him,Diana Ross,"669,000"
"4,692",Still Here,Drake,"669,000"
"4,693",The Journey,Boston,"669,000"
"4,694",Green Is the Colour,Pink Floyd,"669,000"
"4,695",Closer Than Close,Bee Gees,"668,000"
"4,696",Temptations,2Pac,"668,000"
"4,697",It's Going to Take Some Time,Carpenters,"668,000"
"4,698",Jigga What/Faint,Jay-Z,"668,000"
"4,699",Black and Blue,Van Halen,"668,000"
"4,700",Barcelona,Ed Sheeran,"668,000"
"4,701",On and on and On,ABBA,"668,000"
"4,702",Every Night,Paul McCartney,"667,000"
"4,703",So High School,Taylor Swift,"667,000"
"4,704",Mack the Knife,Robbie Williams,"667,000"
"4,705",Let's Get It Up,AC/DC,"667,000"
"4,706",I've Dreamed of You,Barbra Streisand,"666,000"
"4,707",Thank You for Loving Me,Bon Jovi,"666,000"
"4,708",Louder Than Bombs,BTS,"666,000"
"4,709",Hearts and Bones,Paul Simon,"666,000"
"4,710",Superwoman,Alicia Keys,"666,000"
"4,711",Get Together,Madonna,"665,000"
"4,712",I'll Be Home for Christmas,Frank Sinatra,"665,000"
"4,713",Roc Boys (And the Winner Is)...,Jay-Z,"665,000"
"4,714",(Always Be My) Sunshine,Jay-Z ft. Babyface & Foxy Brown,"665,000"
"4,715",Un Preview,Bad Bunny,"665,000"
"4,716",Five Years,David Bowie,"664,000"
"4,717",Me and My Girlfriend,Makaveli,"664,000"
"4,718",Carouselambra,Led Zeppelin,"664,000"
"4,719",(There's No Place Like) Home for the Holidays,Carpenters,"664,000"
"4,720",Child's Play,Drake,"663,000"
"4,721",Warning Sign,Coldplay,"663,000"
"4,722",Ring the Alarm,Beyonce,"663,000"
"4,723",The Change,Garth Brooks,"663,000"
"4,724",Devil's Dance,Metallica,"662,000"
"4,725",Elle Est Terrible,Johnny Hallyday,"662,000"
"4,726",Mama's Pearl,The Jackson 5,"662,000"
"4,727",Mansae,Seventeen,"662,000"
"4,728",Uptown,Prince,"662,000"
"4,729",Love Ain't Here Anymore,Take That,"662,000"
"4,730",Smile,Avril Lavigne,"662,000"
"4,731",Miracles in December,Exo,"661,000"
"4,732",Streets Of Love,The Rolling Stones,"661,000"
"4,733",Tia Tamera,Doja Cat,"661,000"
"4,734",Dark Fantasy,Kanye West,"661,000"
"4,735",Walk Away,Kelly Clarkson,"661,000"
"4,736",Gotta Have It,Kanye West,"660,000"
"4,737",No,Shakira ft. Gustavo Cerati,"660,000"
"4,738",Glitter in the Air,P!nk,"660,000"
"4,739",Love Is Here and Now You're Gone,The Supremes,"660,000"
"4,740",When You Were Mine,Prince,"660,000"
"4,741",American Life,Madonna,"659,000"
"4,742",You Don't Know,50 Cent & Ca$his & Eminem & Lloyd Banks,"659,000"
"4,743",Angel,Madonna,"659,000"
"4,744",Love Maze,BTS,"658,000"
"4,745",Round & Round,Selena Gomez & the Scene,"658,000"
"4,746",Levon,Elton John,"658,000"
"4,747",Ave Maria,Michael Bublé,"658,000"
"4,748",Thinking About You,Norah Jones,"658,000"
"4,749",De Coração Pra Coração,Roberto Carlos,"658,000"
"4,750",Diary,Alicia Keys,"657,000"
"4,751",Slow Down,Selena Gomez,"657,000"
"4,752","God Rest Ye Merry, Gentlemen",Mannheim Steamroller,"657,000"
"4,753",What Made You Say That,Shania Twain,"657,000"
"4,754",Driftin',Eric Clapton,"656,000"
"4,755",Aqua Marine,Santana,"656,000"
"4,756",This One,Paul McCartney,"656,000"
"4,757",Can't Knock the Hustle,Jay-Z ft. Mary J. Blige,"656,000"
"4,758",I Forgot That You Existed,Taylor Swift,"656,000"
"4,759",Line of Fire,Journey,"656,000"
"4,760",Lost in Hollywood,System of a Down,"655,000"
"4,761",Hots On For Nowhere,Led Zeppelin,"655,000"
"4,762",Yet Another Movie,Pink Floyd,"655,000"
"4,763",Be Alright,Ariana Grande,"655,000"
"4,764",Yo No Soy Celoso,Bad Bunny,"655,000"
"4,765",Loving Cup,The Rolling Stones,"655,000"
"4,766",The Day Before You Came,ABBA,"655,000"
"4,767",She Belongs to Me,Bob Dylan,"654,000"
"4,768",Garden (Say It Like Dat),SZA,"654,000"
"4,769",I'll Remember,Madonna,"654,000"
"4,770",Done for Me,Charlie Puth,"654,000"
"4,771",Hellraiser,Ozzy Osbourne,"654,000"
"4,772",Come Together,Ike & Tina Turner,"654,000"
"4,773",Rich & Sad,Post Malone,"653,000"
"4,774",Burn Down the Mission,Elton John,"653,000"
"4,775",Out Of Time,The Rolling Stones,"653,000"
"4,776",It's My Life,No Doubt,"653,000"
"4,777",When a Blind Man Cries,Deep Purple,"653,000"
"4,778",Insatiable,Prince and the New Power Generation,"653,000"
"4,779",Let Me In,Exo,"653,000"
"4,780",The Ballad of Curtis Loew,Lynyrd Skynyrd,"653,000"
"4,781",Quand revient la nuit (Mr Lonely),Johnny Hallyday,"653,000"
"4,782",Cry Me a River,Barbra Streisand,"652,000"
"4,783",Walking Contradiction,Green Day,"652,000"
"4,784",Infinity,One Direction,"652,000"
"4,785",My Friend Of Misery,Metallica,"652,000"
"4,786",Tout l'or des hommes,Celine Dion,"652,000"
"4,787",Rock! Rock! (Till You Drop),Def Leppard,"652,000"
"4,788",Death by a Thousand Cuts,Taylor Swift,"652,000"
"4,789",If I Knew,Bruno Mars,"651,000"
"4,790",Fast,Juice Wrld,"651,000"
"4,791",Against The Grain,Garth Brooks,"651,000"
"4,792",Tell Me You Love Me,Demi Lovato,"651,000"
"4,793",Fire & Desire,Drake,"650,000"
"4,794",Two Ghosts,Harry Styles,"650,000"
"4,795",Back To Back,Drake,"649,000"
"4,796",Such a Night,Elvis Presley,"649,000"
"4,797",Don't Bother Me,The Beatles,"649,000"
"4,798",Arco-iris,Xuxa,"649,000"
"4,799",Prison Song,System of a Down,"648,000"
"4,800",Mob Ties,Drake,"648,000"
"4,801",I Learned from the Best,Whitney Houston,"648,000"
"4,802",When You Kiss Me,Shania Twain,"648,000"
"4,803",Bad Girl,Usher,"648,000"
"4,804",Faeries,Mannheim Steamroller,"647,000"
"4,805",Poles Apart,Pink Floyd,"647,000"
"4,806",Good Morning Good Morning,The Beatles,"647,000"
"4,807",Paranoid,Post Malone,"647,000"
"4,808",Come Into My World,Kylie Minogue,"646,000"
"4,809",Can't C Me,2Pac ft. George Clinton & Nanci Fletcher,"646,000"
"4,810",Astrothunder,Travis Scott,"646,000"
"4,811",Open Arms,Mariah Carey,"646,000"
"4,812",Monster,Lady Gaga,"646,000"
"4,813",Wonderland,Taylor Swift,"646,000"
"4,814",Hot Stuff,The Rolling Stones,"645,000"
"4,815",Slow Train,Bob Dylan,"645,000"
"4,816",Bullet The Blue Sky,U2,"645,000"
"4,817",Me Fui de Vacaciones,Bad Bunny,"645,000"
"4,818",Wind It Up,Gwen Stefani,"645,000"
"4,819",Apeshit,The Carters,"644,000"
"4,820",I Was Never There,The Weeknd,"644,000"
"4,821",Gorgeous,Kanye West,"644,000"
"4,822",Zooropa,U2,"643,000"
"4,823",I'm Back,Eminem,"643,000"
"4,824",Words of Love,The Beatles,"642,000"
"4,825",Inner Child,BTS,"642,000"
"4,826",If You Ever Leave Me,Barbra Streisand & Vince Gill,"642,000"
"4,827",Tomorrow Comes Today,Gorillaz,"642,000"
"4,828",Don't Forget Me,Red Hot Chili Peppers,"642,000"
"4,829",Deja Vu,Prince Royce & Shakira,"641,000"
"4,830",Crazy For You,Adele,"641,000"
"4,831",It's Easy,Boston,"641,000"
"4,832",Useless,Depeche Mode,"641,000"
"4,833",Lotus Flower,Radiohead,"641,000"
"4,834",High Speed,Coldplay,"640,000"
"4,835",Hole in the Sky,Black Sabbath,"640,000"
"4,836",The Story of Tonight,Broadway cast of Hamilton,"640,000"
"4,837",Breathin',2Pac ft. E.D.I. & Kastro & Napoleon & Young Noble,"640,000"
"4,838",He Can Only Hold Her,Amy Winehouse,"640,000"
"4,839",Skin,Rihanna,"640,000"
"4,840",Telepathy,BTS,"640,000"
"4,841",Sign of the Cross,Iron Maiden,"639,000"
"4,842",(Sweet Sweet Baby) Since You've Been Gone,Aretha Franklin,"639,000"
"4,843",Like,BTS,"639,000"
"4,844",The Rhythm of Life,The Supremes,"639,000"
"4,845",The Boy Is Mine,Ariana Grande,"639,000"
"4,846",Freelove,Depeche Mode,"638,000"
"4,847",The Edge of Heaven,Wham!,"638,000"
"4,848",Afer Ventus,Enya,"638,000"
"4,849",Time Will Crawl,David Bowie,"638,000"
"4,850","Hold Me, Thrill Me, Kiss Me, Kill Me",U2,"638,000"
"4,851",Feelin' Myself,Will.i.am,"638,000"
"4,852",All I Need Is the Girl,Duke Ellington & Frank Sinatra,"638,000"
"4,853",Namoradinha De Um Amigo Meu,Roberto Carlos,"637,000"
"4,854",Heart of the Country,Linda McCartney & Paul McCartney,"637,000"
"4,855",Today Was A Fairytale,Taylor Swift,"637,000"
"4,856",Wham Rap! (Enjoy What You Do),Wham!,"637,000"
"4,857",My Name Is Not Susan,Whitney Houston,"636,000"
"4,858",Like a Tattoo,Sade,"636,000"
"4,859",The New Workout Plan,Kanye West,"636,000"
"4,860",Ultralight Beam,Kanye West,"636,000"
"4,861",That Girl Is a Cowboy,Garth Brooks,"636,000"
"4,862",Hey Mama,Kanye West,"636,000"
"4,864",Bachelorette,Bjork,"635,000"
"4,863",Mis Deseos/Feliz Navidad,Michael Bublé,"635,000"
"4,865",Wild Life,Wings,"634,000"
"4,866",You Won't See Me,The Beatles,"634,000"
"4,867",Loveeeeeee Song,Rihanna,"634,000"
"4,868",Candy Store Rock,Led Zeppelin,"634,000"
"4,869",Miente,Enrique Iglesias,"634,000"
"4,870",I Know ?,Travis Scott,"634,000"
"4,871",Power,Exo,"633,000"
"4,872",Ne Partez Pas Sans Moi,Celine Dion,"633,000"
"4,873","Hey Hey, My My (Into the Black)",Neil Young with Crazy Horse,"633,000"
"4,874",Leper Messiah,Metallica,"633,000"
"4,875",Teddy Picker,Arctic Monkeys,"632,000"
"4,876",Don Quixote,Seventeen,"632,000"
"4,877",No Option,Post Malone,"632,000"
"4,878",Best of Both Worlds,Van Halen,"632,000"
"4,879",Manic Depression,Jimi Hendrix Experience,"632,000"
"4,880",Die for Me,Post Malone ft. Future & Halsey,"632,000"
"4,881",In the Stone,"Earth,Wind & Fire","632,000"
"4,882",I'll Be Waiting,Adele,"631,000"
"4,883",Airbag,Radiohead,"631,000"
"4,884",Zoom,Commodores,"631,000"
"4,885",Isn't It Romantic?,Rod Stewart,"631,000"
"4,886",Magical Mystery Tour,The Beatles,"631,000"
"4,887",Power,Little Mix,"631,000"
"4,888",To Love You More,Celine Dion,"630,000"
"4,889",Waiting,Green Day,"630,000"
"4,890",Thumbs,Sabrina Carpenter,"630,000"
"4,891",The Sidewinder Sleeps Tonite,R.E.M.,"629,000"
"4,892",Símbolo Sexual,Roberto Carlos,"629,000"
"4,893",That's the Way I Wanna Rock 'n' Roll,AC/DC,"629,000"
"4,894",A Quick One While He's Away,The Who,"629,000"
"4,895",Songbird,Oasis,"628,000"
"4,896",La Jumpa,Arcángel & Bad Bunny,"628,000"
"4,897",Find the River,R.E.M.,"628,000"
"4,898",Monster,Seventeen,"628,000"
"4,899",King of My Heart,Taylor Swift,"628,000"
"4,900",To Live Is To Die,Metallica,"628,000"
"4,901",Liability,Lorde,"628,000"
"4,902",Hallucinate,Dua Lipa,"627,000"
"4,903",Sumiregusa (Wild Violet),Enya,"627,000"
"4,904",Harvest,Neil Young,"626,000"
"4,905",Que Hiciste,Jennifer Lopez,"626,000"
"4,906",Watch Out!,Fleetwood Mac,"626,000"
"4,907",Angel,Aretha Franklin,"626,000"
"4,908",Whole Lotta Love,Tina Turner,"626,000"
"4,909",Speechless,Lady Gaga,"626,000"
"4,910",Moving Mountains,Usher,"626,000"
"4,911",Body,The Jacksons,"625,000"
"4,912",Overpass Graffiti,Ed Sheeran,"625,000"
"4,913",Bichiyal,Bad Bunny ft. Yaviah,"625,000"
"4,914",Pretty Maids All In A Row,Eagles,"625,000"
"4,915",Helter Skelter,U2,"625,000"
"4,916",Good Morning Girl,Journey,"625,000"
"4,917",Hurt You,The Weeknd,"625,000"
"4,918",Quando Eu Quero Falar Com Deus,Roberto Carlos,"625,000"
"4,919",One Broken Heart for Sale,Elvis Presley,"624,000"
"4,920",Laisse beton,Renaud,"624,000"
"4,921",Swinging on a Star,Bing Crosby,"624,000"
"4,922",The Ringer,Eminem,"624,000"
"4,923",Labyrinth,Taylor Swift,"624,000"
"4,924",Come Together,Michael Jackson,"624,000"
"4,925",Doce Mel (Bom Estar com Voce),Xuxa,"623,000"
"4,926",Cigaro,System of a Down,"623,000"
"4,927",Last First Kiss,One Direction,"623,000"
"4,928",Then I Kissed Her,The Beach Boys,"623,000"
"4,929",Tonight I'm Yours (Don't Hurt Me),Rod Stewart,"623,000"
"4,930",Stay,BTS,"622,000"
"4,931",Busy Being Fabulous,Eagles,"622,000"
"4,932",So. Central Rain (I'm Sorry),R.E.M.,"622,000"
"4,933",Headlights,Eminem ft. Nate Ruess,"622,000"
"4,934",Miracle Drug,U2,"622,000"
"4,935",Supermodel,SZA,"622,000"
"4,936",Here Today,Paul McCartney,"622,000"
"4,937",And Love Goes On,"Earth,Wind & Fire","622,000"
"4,938",Laura,Johnny Hallyday,"622,000"
"4,939",Tu No Vive Así,Arcángel & Bad Bunny ft. DJ Luian & Mambo Kingz,"621,000"
"4,940",Fever,Dua Lipa,"621,000"
"4,941",Out of Time,The Weeknd,"621,000"
"4,942",NDA,Billie Eilish,"621,000"
"4,943",Angel,Rod Stewart,"621,000"
"4,944",I Might Be Wrong,Radiohead,"620,000"
"4,945",Doolin-Dalton,Eagles,"620,000"
"4,946",Nobody's Listening,Linkin Park,"620,000"
"4,947",This Train Don't Stop There Anymore,Elton John,"619,000"
"4,948",It's Gonna Work Out Fine,Ike & Tina Turner,"619,000"
"4,949",Breakout,Foo Fighters,"619,000"
"4,950",Lie to Me,Bon Jovi,"618,000"
"4,951",No Way to Say,Ayumi Hamasaki,"618,000"
"4,952",Blue Moon,Sha-Na-Na,"618,000"
"4,953",No.1 Party Anthem,Arctic Monkeys,"618,000"
"4,954",Little Sister,Elvis Presley,"618,000"
"4,955",The Clairvoyant,Iron Maiden,"618,000"
"4,956",Look at Her Now,Selena Gomez,"617,000"
"4,957",Stormy,Santana,"617,000"
"4,958",I've Seen It All,Bjork,"617,000"
"4,959",Trouble,Elvis Presley,"617,000"
"4,960",Leader of Men,Nickelback,"617,000"
"4,961",Hound Dog,Sha-Na-Na,"617,000"
"4,962",On a Night Like This,Kylie Minogue,"617,000"
"4,963",Hotter than Hell,Dua Lipa,"616,000"
"4,964",Great Day,Paul McCartney,"616,000"
"4,965",Nancy Mulligan,Ed Sheeran,"616,000"
"4,966",She's My Baby (Traveling Wilburys),Traveling Wilburys,"616,000"
"4,967",Lady,Lionel Richie,"616,000"
"4,968",One of My Turns,Pink Floyd,"616,000"
"4,969",Peru,Ed Sheeran & Fireboy DML,"616,000"
"4,970",Blood on the Leaves,Kanye West,"616,000"
"4,971",Champagne Poetry,Drake,"616,000"
"4,972",Stargirl Interlude,The Weeknd,"615,000"
"4,973",Everything I Am,Kanye West,"615,000"
"4,974",You and Whose Army?,Radiohead,"615,000"
"4,975",Promised Land,Elvis Presley,"615,000"
"4,976",Fly To My Room,BTS,"615,000"
"4,977",News,Dire Straits,"615,000"
"4,978",You Never Give Me Your Money,The Beatles,"615,000"
"4,979",I'm a Loser,The Beatles,"614,000"
"4,980",Magneto And Titanium Man,Wings,"614,000"
"4,981",Stay,Blackpink,"614,000"
"4,982",Silent Night,Bing Crosby,"614,000"
"4,983",You'll Never Find Another Love Like Mine,Michael Buble,"614,000"
"4,984",Bon Appetit,Katy Perry ft. Migos,"614,000"
"4,985",40,U2,"614,000"
"4,986",Fire,Seventeen,"614,000"
"4,987",Release,Pearl Jam,"614,000"
"4,988","Love In This Club, Pt. II",Usher ft. Beyonce & Lil Wayne,"613,000"
"4,989",Roxanne,George Michael,"613,000"
"4,990",Holler,Spice Girls,"613,000"
"4,991",Hope Ur Ok,Olivia Rodrigo,"613,000"
"4,992",Yawn,Seventeen,"613,000"
"4,993",My Name Is Prince,Prince and the New Power Generation,"613,000"
"4,994",Haunted,Evanescence,"613,000"
"4,995",The Best Is Yet to Come,Frank Sinatra,"613,000"
"4,996",Elle M'Oublie,Johnny Hallyday,"613,000"
"4,997",Third Movement,Deep Purple,"613,000"
"4,998",Baby's in Black,The Beatles,"612,000"
"4,999",Join Together,The Who,"612,000"
"5,000",Un Verano Sin Ti,Bad Bunny,"612,000"
"5,001",Leave in Silence,Depeche Mode,"611,000"
"5,002",Gold Rush,Taylor Swift,"611,000"
"5,003",Dirty Women,Black Sabbath,"611,000"
"5,004",First Person Shooter,Drake ft. J. Cole,"611,000"
"5,005",Respectable,The Rolling Stones,"611,000"
"5,006",Promises,Def Leppard,"611,000"
"5,007",Tes Tendres Annees,Johnny Hallyday,"610,000"
"5,008",Everybody Needs Somebody To Love,The Rolling Stones,"610,000"
"5,009",If Every Day Was Like Christmas,Elvis Presley,"610,000"
"5,010","If You See Her, Say Hello",Bob Dylan,"610,000"
"5,011",Well All Right,Santana,"609,000"
"5,012",Behind the Wall of Sleep,Black Sabbath,"609,000"
"5,013",Right Through You,Alanis Morissette,"609,000"
"5,014",Fine China,Juice Wrld,"609,000"
"5,015",The God That Failed,Metallica,"608,000"
"5,016",Fuckin' In The Bushes,Oasis,"608,000"
"5,017",Nathan Jones,The Supremes,"608,000"
"5,018",Te Dejo Madrid,Shakira,"608,000"
"5,019",Hearts on Fire,Bryan Adams,"608,000"
"5,020",Hasta Que Dios Diga,Anuel AA & Bad Bunny,"608,000"
"5,021",Be Alright,Justin Bieber,"608,000"
"5,022",Loml,Taylor Swift,"607,000"
"5,023",Fireproof,One Direction,"607,000"
"5,024",Ballerina Girl,Lionel Richie,"607,000"
"5,025",Le bon temps du Rock'n'roll,Johnny Hallyday,"607,000"
"5,026",El Mañana,Gorillaz,"607,000"
"5,027",True Love Waits,Radiohead,"607,000"
"5,028",Devils & Dust,Bruce Springsteen,"606,000"
"5,029",Haciendo Que Me Amas,Bad Bunny,"606,000"
"5,030",Baby It's You,The Beatles,"606,000"
"5,031",What You Need,The Weeknd,"606,000"
"5,032",Spin Bout U,21 Savage & Drake,"606,000"
"5,033",High Voltage,Linkin Park,"605,000"
"5,034",I Know Places,Taylor Swift,"605,000"
"5,035",Days,Ayumi Hamasaki,"605,000"
"5,036",Boys,The Beatles,"605,000"
"5,037",No Llores Por Mi,Enrique Iglesias,"605,000"
"5,038",Don't Leave Me Now,Pink Floyd,"604,000"
"5,039",I Can't Stop Loving You,Elvis Presley,"604,000"
"5,040",Moonchild,Iron Maiden,"604,000"
"5,041",Chemtrails over the Country Club,Lana Del Rey,"604,000"
"5,042",Bloodline,Ariana Grande,"604,000"
"5,043",Glass Onion,The Beatles,"604,000"
"5,044",Enséñame a Bailar,Bad Bunny,"604,000"
"5,045",Baila Conmigo,Selena Gomez,"603,000"
"5,046",Empty Garden (Hey Hey Johnny),Elton John,"603,000"
"5,047",Rebel Music (3 O'clock Roadblock),Bob Marley,"603,000"
"5,048",Seduces Me,Celine Dion,"603,000"
"5,049",Star-Spangled Banner,Jimi Hendrix,"603,000"
"5,050","It Isn't, It Wasn't, It Ain't Never Gonna Be",Aretha Franklin & Whitney Houston,"603,000"
"5,051",Rock Bottom,Eminem,"603,000"
"5,052",Stop That Train,Bob Marley,"603,000"
"5,053",Cola,Lana Del Rey,"603,000"
"5,054",Trashin' the Camp,Phil Collins,"603,000"
"5,055",Man Gave Names to All the Animals,Bob Dylan,"602,000"
"5,056",All the Lovers,Kylie Minogue,"602,000"
"5,057",The Feeling,Justin Bieber,"602,000"
"5,058",Big Boss Man,Elvis Presley,"602,000"
"5,059",Be Careful,Cardi B,"602,000"
"5,060",Hearts Don't Break Around Here,Ed Sheeran,"602,000"
"5,061",I Care 4 U,Aaliyah,"602,000"
"5,062",Running To Stand Still,U2,"601,000"
"5,063",Aguacero,Bad Bunny,"601,000"
"5,064",Perfect Illusion,Lady Gaga,"601,000"
"5,065",War of Hormone,BTS,"601,000"
"5,066","Christmas Sweet: Wassail, Wassail",Mannheim Steamroller,"601,000"
"5,067",These Days,Take That,"601,000"
"5,068",Holiday,Bee Gees,"601,000"
"5,069",Flow,Sade,"600,000"
"5,070",No track,Britney Spears,"600,000"
"5,071",Come Back,Pearl Jam,"600,000"
"5,072",Dosed,Red Hot Chili Peppers,"600,000"
"5,073",Hyaena,Travis Scott,"600,000"
"5,074",Politik,Coldplay,"600,000"
"5,075",Nobody Gets Me,SZA,"600,000"
"5,076",Rope,Foo Fighters,"599,000"
"5,077",Love Will Save the Day,Whitney Houston,"599,000"
"5,078",River Lea,Adele,"599,000"
"5,079",Bobby Jean,Bruce Springsteen,"599,000"
"5,080",El Perdedor,Enrique Iglesias,"599,000"
"5,081",Long Road to Ruin,Foo Fighters,"599,000"
"5,082",They Dance Alone,Sting,"598,000"
"5,083",Lucifer,Jay-Z,"598,000"
"5,084",Booker T,Bad Bunny,"598,000"
"5,085",Prove It All Night,Bruce Springsteen,"597,000"
"5,086",Message in a Bottle,Taylor Swift,"597,000"
"5,087",Cluster One,Pink Floyd,"597,000"
"5,088",Something for the Pain,Bon Jovi,"597,000"
"5,089",The First Time,U2,"597,000"
"5,090","No Body, No Crime",Taylor Swift ft. Haim,"596,000"
"5,091",Fair Game,"Crosby, Stills & Nash","596,000"
"5,092",HIStory,Michael Jackson,"596,000"
"5,093",I'm So Glad,Cream,"596,000"
"5,094",The Smallest Man Who Ever Lived,Taylor Swift,"596,000"
"5,095",The Star Spangled Banner,Whitney Houston,"595,000"
"5,096",Helpless,Broadway cast of Hamilton,"595,000"
"5,097",TKN,Rosalía & Travis Scott,"595,000"
"5,098",Rich Spirit,Kendrick Lamar,"595,000"
"5,099",One Less Bell to Answer / A House Is Not a Home,Barbra Streisand,"595,000"
"5,100",Mary Don't You Weep,Aretha Franklin,"595,000"
"5,101",Think About Me,Fleetwood Mac,"594,000"
"5,102",If You Are But a Dream,Frank Sinatra,"594,000"
"5,103",Little Honda,The Beach Boys,"594,000"
"5,104",Helpless,Metallica,"594,000"
"5,105",All or Nothing,Cher,"594,000"
"5,106",Feedback,Janet Jackson,"594,000"
"5,107",Mariners Apartment Complex,Lana Del Rey,"594,000"
"5,108",The Night Before,The Beatles,"593,000"
"5,109",The Tortured Poets Department,Taylor Swift,"593,000"
"5,110",You'll Be Back,Broadway cast of Hamilton,"593,000"
"5,111",After All These Years,Journey,"593,000"
"5,112","Baby, You're a Rich Man",The Beatles,"593,000"
"5,113","Summer, Highland Falls",Billy Joel,"593,000"
"5,114",The Soft Parade,The Doors,"593,000"
"5,120",Eyes on You,Seventeen,"592,000"
"5,115",A Supplementary Story: You Never Walk Alone,BTS,"592,000"
"5,116",I Don't Believe You,P!nk,"592,000"
"5,117",Question...?,Taylor Swift,"592,000"
"5,118",Pat A Pan,Mannheim Steamroller,"592,000"
"5,119",Pimper's Paradise,Bob Marley,"592,000"
"5,121",BTS Cypher Pt. 4,BTS,"591,000"
"5,122",Why Do Fools Fall in Love,Diana Ross,"591,000"
"5,123",Feel No Pain,Sade,"591,000"
"5,124",I Want,One Direction,"591,000"
"5,125",Hang in Long Enough,Phil Collins,"591,000"
"5,126",8 Mile,Eminem,"590,000"
"5,127",You Move Me,Garth Brooks,"590,000"
"5,128",Roulette,System of a Down,"590,000"
"5,129",Open Arms,Tracy Chapman,"590,000"
"5,130",Melt My Heart To Stone,Adele,"590,000"
"5,131",Mama's Song,Carrie Underwood,"590,000"
"5,132",Born at the Right Time,Paul Simon,"590,000"
"5,133",Dance for You,Beyonce,"590,000"
"5,134",Love Don't Live Here Anymore,Madonna,"590,000"
"5,135",Sweet Nothing,Taylor Swift,"590,000"
"5,136",Mirador,Johnny Hallyday,"590,000"
"5,137",Feelin' Way Too Damn Good,Nickelback,"590,000"
"5,138",One More Cup of Coffee (Valley Below),Bob Dylan,"590,000"
"5,139",You're Losing Me,Taylor Swift,"589,000"
"5,140",Ultraviolet (Light My Way),U2,"589,000"
"5,141",James Dean,Eagles,"589,000"
"5,142",Run for Your Life,The Beatles,"589,000"
"5,143",Shadow,Seventeen,"589,000"
"5,144",Dis-Ease,BTS,"588,000"
"5,145",A National Acrobat,Black Sabbath,"588,000"
"5,146",Prologue (If I Ever Lose My Faith in You),Sting,"588,000"
"5,147",This House Is Not for Sale,Bon Jovi,"588,000"
"5,148",Once You Had Gold,Enya,"588,000"
"5,149",Duppy Conqueror,Bob Marley,"588,000"
"5,150",Carmen,Lana Del Rey,"588,000"
"5,151",Je suis ne dans la rue,Johnny Hallyday,"588,000"
"5,152",Goodbye Cruel World,Pink Floyd,"588,000"
"5,153",Can't Take That Away (Mariah's Theme),Mariah Carey,"588,000"
"5,154",The Great War,Taylor Swift,"587,000"
"5,155",St. Jimmy,Green Day,"587,000"
"5,156",Climbing Higher Mountains,Aretha Franklin,"587,000"
"5,157",Miss Me,Drake ft. Lil Wayne,"587,000"
"5,158",Under African Skies,Paul Simon,"587,000"
"5,159",Pagan Poetry,Bjork,"587,000"
"5,160",You Want This,Janet Jackson,"587,000"
"5,161",Fear,Seventeen,"587,000"
"5,162",Say It Again,Santana,"587,000"
"5,163",S.E.X.,Nickelback,"587,000"
"5,164",End of Time,Beyonce,"586,000"
"5,165",Rodeo,Lil Nas X,"586,000"
"5,166",One in a Million,Miley Cyrus,"586,000"
"5,167",It Was Always You,Maroon 5,"586,000"
"5,168",Down South Jukin',Lynyrd Skynyrd,"586,000"
"5,169",Double Trouble,Lynyrd Skynyrd,"586,000"
"5,170",I Can't Be with You,The Cranberries,"586,000"
"5,171",She Came in Through the Bathroom Window,The Beatles,"586,000"
"5,172",Staring at the Sun,Post Malone ft. SZA,"586,000"
"5,173",Little Drummer Boy,Mannheim Steamroller,"585,000"
"5,174",Strong,One Direction,"585,000"
"5,175",California Dreamin',The Beach Boys,"585,000"
"5,176",Silent Night,Mariah Carey,"585,000"
"5,177",Marrakesh Express,"Crosby, Stills & Nash","585,000"
"5,178",For Life,Exo,"585,000"
"5,179",My Eyes,Travis Scott,"585,000"
"5,180",Florida!!!,Taylor Swift ft. Florence and the Machine,"585,000"
"5,181",N.O,BTS,"584,000"
"5,182",How Come,D12,"584,000"
"5,183","It's Been a Long, Long Time",Bing Crosby,"584,000"
"5,184",Outro: Tear,BTS,"584,000"
"5,185",Winter Wonderland,Michael Bublé,"584,000"
"5,186","Careful with That Axe, Eugene",Pink Floyd,"584,000"
"5,187",Miracle,Jon Bon Jovi,"583,000"
"5,188",Knocks Me Off My Feet,Stevie Wonder,"583,000"
"5,189",Love and Understanding,Cher,"583,000"
"5,190",From Now On,Supertramp,"582,000"
"5,191",Everybody Loves You Now,Billy Joel,"582,000"
"5,192",Communique,Dire Straits,"582,000"
"5,193",Baby I,Ariana Grande,"582,000"
"5,194",Song for the Asking,Simon & Garfunkel,"582,000"
"5,195",Lothlorien,Enya,"582,000"
"5,196",I Bet You Think About Me,Taylor Swift ft. Chris Stapleton,"582,000"
"5,197",Metal Militia,Metallica,"582,000"
"5,198",Lucky One,Exo,"582,000"
"5,199",Revelations,Iron Maiden,"581,000"
"5,200",Mirage,Santana,"581,000"
"5,201",Blood on Blood,Bon Jovi,"581,000"
"5,202",I Go to Extremes,Billy Joel,"581,000"
"5,203",Yikes,Kanye West,"581,000"
"5,204",Women,Def Leppard,"581,000"
"5,205",Got to Get You Into My Life,"Earth,Wind & Fire","581,000"
"5,206",Too Funky,George Michael,"581,000"
"5,207",Excuse-moi partenaire,Johnny Hallyday,"580,000"
"5,208",The Frayed Ends Of Sanity,Metallica,"580,000"
"5,209",Happiness Is a Butterfly,Lana Del Rey,"580,000"
"5,210","April 29, 1992 (Miami)",Sublime,"580,000"
"5,211",Persuasion,Santana,"579,000"
"5,212",Nothing New,Taylor Swift ft. Phoebe Bridgers,"579,000"
"5,213",La La Land,Demi Lovato,"579,000"
"5,214",Rules,Doja Cat,"579,000"
"5,215",Mon plus beau Noel,Johnny Hallyday,"579,000"
"5,216",Get It Right,Aretha Franklin,"578,000"
"5,217",A Saucerful of Secrets,Pink Floyd,"578,000"
"5,218",Esperanza,Enrique Iglesias,"578,000"
"5,219",Let Me In,R.E.M.,"578,000"
"5,220",You're Crazy,Guns N' Roses,"578,000"
"5,221",Thank God,Travis Scott,"578,000"
"5,222",Arnold Layne,Pink Floyd,"577,000"
"5,223",Pictures of Lily,The Who,"577,000"
"5,224",Stay Away,Nirvana,"577,000"
"5,225",The First Time Ever I Saw Your Face,George Michael,"577,000"
"5,226",Walk On,U2,"577,000"
"5,227",Ain't Too Proud To Beg,The Rolling Stones,"576,000"
"5,228","Atlas, Rise!",Metallica,"576,000"
"5,229",Congo,Genesis,"576,000"
"5,230",Murders in the Rue Morgue,Iron Maiden,"576,000"
"5,231",Fuck Me Pumps,Amy Winehouse,"575,000"
"5,232",Tis the Damn Season,Taylor Swift,"575,000"
"5,233",Old Money,Lana Del Rey,"575,000"
"5,234",Wait for It,Broadway cast of Hamilton,"574,000"
"5,235",This Love of Mine,Frank Sinatra,"574,000"
"5,236",Rudebox,Robbie Williams,"574,000"
"5,237",Older,George Michael,"574,000"
"5,238",I Can't Stand the Rain,Tina Turner,"574,000"
"5,239",Cose della vita,Eros Ramazzotti & Tina Turner,"574,000"
"5,240",La Romana,Bad Bunny,"574,000"
"5,241",Too Young,Post Malone,"573,000"
"5,242",92 Explorer,Post Malone,"573,000"
"5,243",Fall,Eminem,"573,000"
"5,244",Never Enough,Eminem,"573,000"
"5,245",Flick of the Switch,AC/DC,"573,000"
"5,246",Hate the Other Side,Juice Wrld,"573,000"
"5,247",Outro: Ego,BTS,"572,000"
"5,248",AM,Bad Bunny & J Balvin & Nio García,"572,000"
"5,249",Hold On,Michael Buble,"572,000"
"5,250",Lil' Homies,2Pac,"572,000"
"5,251",Pretty When You Cry,Lana Del Rey,"572,000"
"5,252",Blue Suede Shoes,Carl Perkins & Eric Clapton & George Harrison,"572,000"
"5,253",Sweet Sacrifice,Evanescence,"572,000"
"5,254","C'mon, C'mon",One Direction,"572,000"
"5,255",The End,The Beatles,"571,000"
"5,256",Glory and Gore,Lorde,"571,000"
"5,257",Fuck It I Love You,Lana Del Rey,"571,000"
"5,258",Knock You Down,Kanye West,"571,000"
"5,259",Rock 'n' Roll Is Here to Stay,Sha-Na-Na,"571,000"
"5,260",Karma,Alicia Keys,"571,000"
"5,261",Quizas,Enrique Iglesias,"571,000"
"5,262",Inside Out,Traveling Wilburys,"570,000"
"5,263",Twistin' the Night Away,Rod Stewart,"570,000"
"5,264",All You Get from Love Is a Love Song,Carpenters,"570,000"
"5,265",A Head Full Of Dreams,Coldplay,"570,000"
"5,266",And the Grass Won't Pay No Mind,Elvis Presley,"570,000"
"5,267",I Really Don't Want to Know,Elvis Presley,"570,000"
"5,268",How Lucky Can You Get,Barbra Streisand,"570,000"
"5,269",Sour Candy,Blackpink & Lady Gaga,"569,000"
"5,270",Grace,Lewis Capaldi,"569,000"
"5,271",That's Just the Way It Is,Phil Collins,"569,000"
"5,272",Second Home by the Sea,Genesis,"569,000"
"5,273",Rip It Up,Elvis Presley,"569,000"
"5,274",Call the Man,Celine Dion,"569,000"
"5,275",Brain Damage,Eminem,"569,000"
"5,276",Hitchin' a Ride,Green Day,"569,000"
"5,277",Yebba's Heartbreak,Drake & Yebba,"569,000"
"5,278",If Six Was Nine,Jimi Hendrix Experience,"568,000"
"5,279",The Christmas Song,Michael Bublé,"568,000"
"5,280",Wearing the Inside Out,Pink Floyd,"568,000"
"5,281",The One I Gave My Heart To,Aaliyah,"568,000"
"5,282",Black Star,Radiohead,"568,000"
"5,283",Dancing with Our Hands Tied,Taylor Swift,"567,000"
"5,284",Calico Skies,Paul McCartney,"567,000"
"5,285",One Heart,Celine Dion,"567,000"
"5,286",Show Me What You Got,Jay-Z,"566,000"
"5,287",Georgia on My Mind,Michael Buble,"566,000"
"5,288",Poor Tom,Led Zeppelin,"566,000"
"5,289",Eat the Rich,Aerosmith,"565,000"
"5,290",Dov'è l'amore,Cher,"565,000"
"5,291",This Place Hotel,The Jacksons,"565,000"
"5,292",Lonesome Day,Bruce Springsteen,"565,000"
"5,293",Liar,Queen,"564,000"
"5,294",It Hurts Me Too,Eric Clapton,"564,000"
"5,295",Autumn Leaves,Eric Clapton,"564,000"
"5,296",Tô Chutando Lata,Roberto Carlos,"564,000"
"5,297",Do It to Me,Lionel Richie,"564,000"
"5,298",All of My Life,Phil Collins,"564,000"
"5,299",Drug Ballad,Eminem ft. Dina Rae,"564,000"
"5,300",Monday Morning,Fleetwood Mac,"564,000"
"5,301",Les derniers seront les premiers,Celine Dion,"564,000"
"5,302",Mystery Train,Elvis Presley,"564,000"
"5,303",Out Of Control,The Rolling Stones,"563,000"
"5,304",Spoil My Night,Post Malone ft. Swae Lee,"563,000"
"5,305",Writing's on the Wall,Sam Smith,"563,000"
"5,306",Say Don't Go,Taylor Swift,"563,000"
"5,307",Cantique de Noel (O Holy Night),Mannheim Steamroller,"563,000"
"5,308",The Strangest Thing,George Michael,"563,000"
"5,309",Punky Reggae Party,Bob Marley,"563,000"
"5,310",See You Again,Carrie Underwood,"563,000"
"5,311","Would've, Could've, Should've",Taylor Swift,"563,000"
"5,312",Natalie,Bruno Mars,"563,000"
"5,313",Bad Attitude,Deep Purple,"563,000"
"5,314",Bedtime Story,Madonna,"562,000"
"5,315",La Zona,Bad Bunny,"562,000"
"5,316",Hear Me Calling,Juice Wrld,"562,000"
"5,317",Cinnamon Girl,Lana Del Rey,"562,000"
"5,318",Wilbury Twist,Traveling Wilburys,"562,000"
"5,319",Sideways,Santana ft. Citizen Hope,"562,000"
"5,320",Lost One,Jay-Z ft. Chrisette Michele,"562,000"
"5,321",My Destiny,Lionel Richie,"562,000"
"5,322",Get 'Em Out by Friday,Genesis,"561,000"
"5,323",Do You Wanna Dance?,The Beach Boys,"561,000"
"5,324",United in Grief,Kendrick Lamar,"561,000"
"5,325",To Die For,Sam Smith,"561,000"
"5,326",Youth,Shawn Mendes,"561,000"
"5,327",Pipes Of Peace,Paul McCartney,"561,000"
"5,328",Sweetheart Like You,Bob Dylan,"561,000"
"5,329",Tweeter and the Monkey Man,Traveling Wilburys,"560,000"
"5,330",04:44,Jay-Z,"560,000"
"5,331",Somebody Already Broke My Heart,Sade,"560,000"
"5,332",She's Not Afraid,One Direction,"560,000"
"5,333",3500,Travis Scott ft. 2 Chainz & Future,"560,000"
"5,334",Greedy,Ariana Grande,"560,000"
"5,335",Party,Beyonce,"559,000"
"5,336",Royal Orleans,Led Zeppelin,"559,000"
"5,337",Hands Held High,Linkin Park,"559,000"
"5,338",Duckworth,Kendrick Lamar,"559,000"
"5,339",Oceans,Pearl Jam,"559,000"
"5,340",When It Comes to You,Dire Straits,"559,000"
"5,341",Tell Me (You're Coming Back),The Rolling Stones,"559,000"
"5,342",Van Diemen's Land,U2,"559,000"
"5,343",And the Grass Won't Pay No Mind,Neil Diamond,"558,000"
"5,344",Where You Are,Various Artists,"558,000"
"5,345",It Won't Seem Like Christmas (Without You),Elvis Presley,"557,000"
"5,346",(Get Your Kicks On) Route 66,The Rolling Stones,"557,000"
"5,347",Love Comes Tumbling,U2,"557,000"
"5,348",Let's Go Up,Diana Ross,"557,000"
"5,349",At the Zoo,Simon & Garfunkel,"557,000"
"5,350",Ven Conmigo (Solamente Tu),Christina Aguilera,"557,000"
"5,351",Dark Times,The Weeknd ft. Ed Sheeran,"557,000"
"5,352",Fly on the Wall,Miley Cyrus,"557,000"
"5,353",Where Eagles Dare,Iron Maiden,"557,000"
"5,354",O Progresso,Roberto Carlos,"557,000"
"5,355",Somebody Get Me a Doctor,Van Halen,"556,000"
"5,356",Baby Don't Go,Sonny & Cher,"556,000"
"5,357","Quando, Quando, Quando",Michael Bublé,"556,000"
"5,358",Rock the House,Gorillaz ft. Del the Funky Homosapiens,"556,000"
"5,359",Are We the Waiting,Green Day,"556,000"
"5,360",Bullet Proof Soul,Sade,"556,000"
"5,361",Orphans,Coldplay,"555,000"
"5,362",Homeless,Paul Simon,"555,000"
"5,363",Title,Meghan Trainor,"555,000"
"5,364",Beez in the Trap,Nicki Minaj ft. 2 Chainz,"555,000"
"5,365",The Gunner's Dream,Pink Floyd,"555,000"
"5,366",Kinky Reggae,Bob Marley,"554,000"
"5,367",Dans mon H.L.M.,Renaud,"554,000"
"5,368",Entangled,Genesis,"554,000"
"5,369",Love My Life,Robbie Williams,"554,000"
"5,370",Nobody Home,Pink Floyd,"554,000"
"5,371",Dusk,Genesis,"554,000"
"5,372",Inside Your Heaven,Carrie Underwood,"554,000"
"5,373",Chinese Democracy,Guns N' Roses,"554,000"
"5,376",This Boy,The Beatles,"553,000"
"5,374",We Can Work It Out,Stevie Wonder,"553,000"
"5,375",Massive,Drake,"553,000"
"5,377",Time Flies,Drake,"552,000"
"5,378",Message of Love (aka Message to Love),Jimi Hendrix,"552,000"
"5,379",Wild Child,The Doors,"552,000"
"5,380",In The Light,Led Zeppelin,"552,000"
"5,381",Innocence,Avril Lavigne,"552,000"
"5,382",Need Your Love So Bad,Fleetwood Mac,"552,000"
"5,383",I'm the One,Van Halen,"551,000"
"5,384",She's Got Her Ticket,Tracy Chapman,"551,000"
"5,385",Sticky,Drake,"551,000"
"5,386",Norman Fucking Rockwell,Lana Del Rey,"551,000"
"5,387",Children of the Damned,Iron Maiden,"550,000"
"5,388",120,Bad Bunny,"550,000"
"5,389",Heaven Can Wait,Iron Maiden,"550,000"
"5,390",Waiting for My Ruca,Sublime,"550,000"
"5,391",TKO,Justin Timberlake,"550,000"
"5,392",Break of Dawn,Michael Jackson,"550,000"
"5,393",Through the Late Night,Travis Scott ft. Kid Cudi,"550,000"
"5,394",What Do You Do for Money Honey,AC/DC,"549,000"
"5,395",If I'm A Fool (For Loving You),Elvis Presley,"549,000"
"5,396",Little Man,Sonny & Cher,"549,000"
"5,397",A Man Alone,Frank Sinatra,"549,000"
"5,398",We Never Change,Coldplay,"549,000"
"5,399",That's What Friends Are For,Dionne Warwick & Elton John & Gladys Knight & Stevie Wonder,"549,000"
"5,400","Hail, Hail",Pearl Jam,"548,000"
"5,401",Who Knows,Jimi Hendrix,"548,000"
"5,402",Daylight Again/Find the Cost Of Freedom,"Crosby, Stills & Nash","547,000"
"5,403",Rare,Selena Gomez,"547,000"
"5,404",All About Lovin' You,Bon Jovi,"547,000"
"5,405",Scentless Apprentice,Nirvana,"547,000"
"5,406",Family Business,Kanye West,"547,000"
"5,407",Let There Be More Light,Pink Floyd,"547,000"
"5,408",Báilame,Bad Bunny & Nacho & Yandel,"547,000"
"5,409",Consideration,Rihanna,"546,000"
"5,410",Expresso Love,Dire Straits,"546,000"
"5,411",Loved Me Back to Life,Celine Dion,"546,000"
"5,412",Downbound Train,Bruce Springsteen,"546,000"
"5,413",Hey Baby (New Rising Sun),Jimi Hendrix,"546,000"
"5,414",No Line On The Horizon,U2,"546,000"
"5,415",Sometimes I Feel Like Screaming,Deep Purple,"546,000"
"5,416",Looking at Me,Sabrina Carpenter,"546,000"
"5,417",Before the Beginning,Fleetwood Mac,"546,000"
"5,418",It's Probably Me,David Sanborn & Eric Clapton & Michael Kamen,"546,000"
"5,419",Blues Before Sunrise,Eric Clapton,"545,000"
"5,420",Chun-Li,Nicki Minaj,"545,000"
"5,421",Adore U,Seventeen,"545,000"
"5,422",Make Love Like a Man,Def Leppard,"545,000"
"5,423",Get It Together,Drake ft. Black Coffee & Jorja Smith,"545,000"
"5,424",Your Mother Should Know,The Beatles,"545,000"
"5,425",Suite-Pee,System of a Down,"545,000"
"5,426",I Drink Wine,Adele,"545,000"
"5,427",Jaded,Green Day,"544,000"
"5,428",All of the Girls You Loved Before,Taylor Swift,"544,000"
"5,429",Jesus Salvador,Roberto Carlos,"544,000"
"5,430",Dance 4 Me,Prince,"544,000"
"5,431",Things I'll Never Say,Avril Lavigne,"544,000"
"5,432",Here He Comes (Lover Man),Jimi Hendrix,"544,000"
"5,433",Don't Leave Home,Dido,"543,000"
"5,434",Hark! The Herald Trumpets Sing,Mannheim Steamroller,"543,000"
"5,435",Fine Line,Harry Styles,"543,000"
"5,436",My Dad's Gone Crazy,Eminem,"543,000"
"5,437",Break It Off,Rihanna,"543,000"
"5,438",Freedom,Beyonce,"542,000"
"5,439",Love Profusion,Madonna,"542,000"
"5,440",Agosto,Bad Bunny,"542,000"
"5,441",House of Balloons / Glass Table Girls,The Weeknd,"542,000"
"5,442",Save Myself,Ed Sheeran,"542,000"
"5,443",Don't Forget,Demi Lovato,"542,000"
"5,444",My Favorite Things,Barbra Streisand,"542,000"
"5,445",Miles Away,Madonna,"541,000"
"5,446",Kim,Eminem,"541,000"
"5,447",Last Caress / Green Hell,Metallica,"541,000"
"5,448",Hexagone,Renaud,"541,000"
"5,449",The Wrestler,Bruce Springsteen,"541,000"
"5,450",Fade,Kanye West ft. Post Malone & Ty Dolla Sign,"541,000"
"5,451",XXX,Kendrick Lamar ft. U2,"541,000"
"5,452",Good Morning Little Schoolgirl,The Yardbirds,"540,000"
"5,453",I'll Wait,Van Halen,"540,000"
"5,454",Out Of Tears,The Rolling Stones,"539,000"
"5,455",Red Ruby da Sleeze,Nicki Minaj,"539,000"
"5,456",The Roof,Mariah Carey,"539,000"
"5,457",Tell All the People,The Doors,"539,000"
"5,458",Dirt Off Your Shoulder/Lying from You,Jay-Z & Linkin Park,"539,000"
"5,459",Living Proof,Bruce Springsteen,"539,000"
"5,460",Hello Old Friend,Eric Clapton,"539,000"
"5,461",Fire in the Sky,Ozzy Osbourne,"539,000"
"5,462",I'd Rather Go Blind,Rod Stewart,"538,000"
"5,463",Angeles,Enya,"538,000"
"5,464",O Holy Night,Neil Diamond,"538,000"
"5,465",I Hung My Head,Sting,"538,000"
"5,466",Everytime,Ariana Grande,"538,000"
"5,467",NASA,Ariana Grande,"538,000"
"5,468",Sabbra Cadabra,Black Sabbath,"538,000"
"5,469",What Are You Waiting For?,Nickelback,"538,000"
"5,470",Vuelve,Bad Bunny & Daddy Yankee,"538,000"
"5,471",On the Road,Post Malone ft. Lil Baby & Meek Mill,"537,000"
"5,472",If That's What It Takes,Celine Dion,"537,000"
"5,473",Leave Me Alone (I'm Lonely),P!nk,"537,000"
"5,474",Can I Get It,Adele,"537,000"
"5,475",I Wish,One Direction,"537,000"
"5,476",Diana,One Direction,"537,000"
"5,477",Final Masquerade,Linkin Park,"537,000"
"5,478",Show Me How You Burlesque,Christina Aguilera,"537,000"
"5,479",Prowler,Iron Maiden,"537,000"
"5,480",The Schuyler Sisters,Broadway cast of Hamilton,"537,000"
"5,481",Spin the Black Circle,Pearl Jam,"537,000"
"5,482",Practice,Drake,"536,000"
"5,483",My Little Town,Simon & Garfunkel,"536,000"
"5,484",Got to Be Certain,Kylie Minogue,"536,000"
"5,485",Marche à l'ombre,Renaud,"536,000"
"5,486",Did It On'em,Nicki Minaj,"536,000"
"5,487",Fall to Pieces,Avril Lavigne,"536,000"
"5,488",Never Give Up on the Good Times,Spice Girls,"536,000"
"5,489",Working on the Highway,Bruce Springsteen,"535,000"
"5,490",Saint Of Me,The Rolling Stones,"535,000"
"5,491",Junior's Farm,Paul McCartney,"535,000"
"5,492",Real Love,The Beatles,"535,000"
"5,493",The Last Time,Taylor Swift ft. Gary Lightbody,"535,000"
"5,494",False God,Taylor Swift,"535,000"
"5,495",Only One Road,Celine Dion,"535,000"
"5,496",Far Away,Ayumi Hamasaki,"535,000"
"5,497",I Think He Knows,Taylor Swift,"534,000"
"5,498",In Dulci Jubilo,Mannheim Steamroller,"534,000"
"5,499",The Post War Dream,Pink Floyd,"534,000"
"5,500",Demon's Eye,Deep Purple,"534,000"
"5,501",Over Now,Post Malone,"534,000"
"5,502",Hope Is a Dangerous Thing for a Woman like Me to Have - but I Have It,Lana Del Rey,"533,000"
"5,503",Party Favor,Billie Eilish,"532,000"
"5,504",Working on a Dream,Bruce Springsteen,"532,000"
"5,505",The Wanton Song,Led Zeppelin,"532,000"
"5,506",Trapped Under Ice,Metallica,"532,000"
"5,507",Stylo,Gorillaz & Mos Def ft. Bobby Womack,"532,000"
"5,508",Queen Of New Orleans,Jon Bon Jovi,"532,000"
"5,509",A Lonely Night,The Weeknd,"532,000"
"5,510",Love Is Here to Stay,Frank Sinatra,"532,000"
"5,511",Church Bells,Carrie Underwood,"532,000"
"5,512",I'm One,The Who,"532,000"
"5,513",Wolf,Exo,"531,000"
"5,514",First Movement,Deep Purple,"531,000"
"5,515",Single-Handed Sailor,Dire Straits,"531,000"
"5,516",Nothing Compares 2 U,Prince and the New Power Generation,"531,000"
"5,517",Forever,The Beach Boys,"531,000"
"5,518",Love Is Strange,Wings,"530,000"
"5,519",Kissin' Cousins,Elvis Presley,"530,000"
"5,520",Money Power Glory,Lana Del Rey,"530,000"
"5,521",Pussy & Millions,21 Savage & Drake ft. Travis Scott,"530,000"
"5,522",Gypsy,Shakira,"530,000"
"5,523",Polka Dots and Moonbeams,Frank Sinatra,"530,000"
"5,524",Where The Wild Roses Grow,Kylie Minogue & Nick Cave and the Back Seeds,"530,000"
"5,525",Objects in the Rear View Mirror May Appear Closer than They Are,Meat Loaf,"530,000"
"5,526",Teardrops,Elton John & K.d. lang,"530,000"
"5,527",A Piece of Sky,Barbra Streisand,"529,000"
"5,528",The Love Inside,Barbra Streisand,"529,000"
"5,529",Runaway,Janet Jackson,"529,000"
"5,530",Heart Attack,One Direction,"529,000"
"5,531",What Is It About Men?,Amy Winehouse,"529,000"
"5,532",Afraid to Shoot Strangers,Iron Maiden,"529,000"
"5,533",With Every Breath I Take,Frank Sinatra,"528,000"
"5,534",Keep Looking,Sade,"528,000"
"5,535",Rat Race,Bob Marley,"528,000"
"5,536",These Days,Foo Fighters,"528,000"
"5,537",From the Dining Table,Harry Styles,"527,000"
"5,538",The Heathen,Bob Marley,"527,000"
"5,539",Se Você Pensa,Roberto Carlos,"527,000"
"5,540",Porch,Pearl Jam,"527,000"
"5,541",Powderfinger,Neil Young with Crazy Horse,"527,000"
"5,542",Half a Heart,One Direction,"527,000"
"5,543",Macy's Day Parade,Green Day,"527,000"
"5,544",Moment Of Surrender,U2,"527,000"
"5,545",The National Anthem,Radiohead,"527,000"
"5,546",You're Not Sorry,Taylor Swift,"527,000"
"5,547",No More,Elvis Presley,"526,000"
"5,548",Clandestino,Maluma & Shakira,"526,000"
"5,549",Abrazame Así,Roberto Carlos,"526,000"
"5,550",Zealots,Fugees,"526,000"
"5,551",Make Me Pure,Robbie Williams,"525,000"
"5,552",Wild Horses,Garth Brooks,"525,000"
"5,553",Cursum Perficio,Enya,"525,000"
"5,554",Flawless (Go to the City),George Michael,"525,000"
"5,555",Only Lonely,Bon Jovi,"525,000"
"5,556",Sometimes a Fantasy,Billy Joel,"525,000"
"5,557",Skeletons,Travis Scott,"525,000"
"5,558",She,Harry Styles,"524,000"
"5,559",Hunter,Bjork,"524,000"
"5,560",Boogie With Stu,Led Zeppelin,"524,000"
"5,561",Down To Earth,Justin Bieber,"524,000"
"5,562",Highway 61 Revisited,Bob Dylan,"523,000"
"5,563",A Trick of the Tail,Genesis,"523,000"
"5,564",I Feel Loved,Depeche Mode,"523,000"
"5,565",Seasons of Wither,Aerosmith,"523,000"
"5,566",Analyse,The Cranberries,"523,000"
"5,567",All Summer Long,The Beach Boys,"523,000"
"5,568",Out Ta Get Me,Guns N' Roses,"522,000"
"5,569",Supernatural Superserious,R.E.M.,"522,000"
"5,570",Count Me Out,Kendrick Lamar,"522,000"
"5,571",Almost Hear You Sigh,The Rolling Stones,"522,000"
"5,572",Backstreets,Bruce Springsteen,"522,000"
"5,573",Adam Raised a Cain,Bruce Springsteen,"522,000"
"5,574",Won't Back Down,Eminem,"522,000"
"5,575",Stigma,BTS,"522,000"
"5,576",Nervous Shakedown,AC/DC,"522,000"
"5,577",Ol' 55,Eagles,"522,000"
"5,578",Moments,One Direction,"522,000"
"5,579",Dangerously,Charlie Puth,"522,000"
"5,580",Telekinesis,Travis Scott ft. Future & SZA,"521,000"
"5,581",Taste,Sabrina Carpenter,"521,000"
"5,582",Adeste Fideles,Bing Crosby,"520,000"
"5,583",Bye,Ariana Grande,"520,000"
"5,584",Bitch I'm Madonna,Madonna,"520,000"
"5,585",For You,Bruce Springsteen,"520,000"
"5,586",She's Waiting,Eric Clapton,"520,000"
"5,587",Long Live Rock,The Who,"520,000"
"5,588",Drifting,Enya,"519,000"
"5,589",All Along The Watchtower,U2,"519,000"
"5,590",Luxurious,Gwen Stefani,"519,000"
"5,591",The Christmas Song (Chestnuts Roasting on an Open Fire),Barbra Streisand,"519,000"
"5,592",Follow You Home,Nickelback,"519,000"
"5,593",Save Me,BTS,"519,000"
"5,594",Lost Woman,The Yardbirds,"519,000"
"5,595",Thought I'd Died and Gone to Heaven,Bryan Adams,"519,000"
"5,596",The Man's Too Strong,Dire Straits,"519,000"
"5,597",The Trouble with Love Is,Kelly Clarkson,"518,000"
"5,598",Bet You Wanna,Blackpink,"518,000"
"5,599",A Man Needs a Maid,Neil Young,"518,000"
"5,600",In God's Country,U2,"518,000"
"5,601",Fallin' All in You,Shawn Mendes,"518,000"
"5,602",Worst Behavior,Drake,"518,000"
"5,603",Topia Twins,Travis Scott ft. 21 Savage & Rob49,"518,000"
"5,604",Feelin' So Good,Jennifer Lopez,"517,000"
"5,605",My Love,Celine Dion,"517,000"
"5,606",Toss It Up,2Pac,"517,000"
"5,607",Letter 2 My Unborn,2Pac,"517,000"
"5,608",Walking the Wire,Imagine Dragons,"517,000"
"5,609",Cirrus Minor,Pink Floyd,"517,000"
"5,610",Too Much,Drake ft. Sampha,"517,000"
"5,611",Do You Feel Loved,U2,"517,000"
"5,612",I Want to Know What Love Is,Mariah Carey,"517,000"
"5,613",Cherry,Harry Styles,"516,000"
"5,614",14 Years,Guns N' Roses,"516,000"
"5,615",Dirty Dancer,Enrique Iglesias,"516,000"
"5,616",Sad Girl,Lana Del Rey,"516,000"
"5,617",The Bug,Dire Straits,"516,000"
"5,618",Industrial Disease,Dire Straits,"516,000"
"5,619",Call on Me,Janet Jackson,"516,000"
"5,620",I'll Be Back,The Beatles,"516,000"
"5,621",Miss You In A Heartbeat,Def Leppard,"516,000"
"5,622",8,Billie Eilish,"515,000"
"5,623",G.U.Y.,Lady Gaga,"515,000"
"5,624",Give Me Novacaine,Green Day,"515,000"
"5,625",Reptile,Eric Clapton,"515,000"
"5,626",Water,Seventeen,"515,000"
"5,627",Marjorie,Taylor Swift,"514,000"
"5,628",40oz. To Freedom,Sublime,"514,000"
"5,632",Lovelight,Robbie Williams,"513,000"
"5,633",Not Now John,Pink Floyd,"513,000"
"5,634",X,Kendrick Lamar,"513,000"
"5,629",Modern Girl,Meat Loaf & Roger Daltrey,"513,000"
"5,630",Signs,Drake,"513,000"
"5,631",Hark! The Herald Angels Sing,Mannheim Steamroller,"513,000"
"5,635",Til Kingdom Come,Coldplay,"512,000"
"5,636",It Takes Two,Rod Stewart & Tina Turner,"512,000"
"5,637",Buzzcut Season,Lorde,"512,000"
"5,638",Shiny,Various Artists,"512,000"
"5,639",11 O'Clock Tick Tock,U2,"511,000"
"5,640",Tell Me A Lie,One Direction,"511,000"
"5,641",Bang Bang (My Baby Shot Me Down),Frank Sinatra,"511,000"
"5,642",Twelve Days of Christmas,Bing Crosby,"511,000"
"5,643",Coming in from the Cold,Bob Marley,"511,000"
"5,644",True Friend,Miley Cyrus,"510,000"
"5,645",Enquanto o Seu Lobo Não Vem,Xuxa,"510,000"
"5,646",Twisting by the Pool,Dire Straits,"510,000"
"5,647",Big Rings,Drake & Future,"510,000"
"5,648",Hey Stephen,Taylor Swift,"510,000"
"5,649",Keep on Moving,Bob Marley,"509,000"
"5,650",Had to Cry Today,Blind Faith,"509,000"
"5,651",Heaven Is,Def Leppard,"509,000"
"5,652",Because I Liked a Boy,Sabrina Carpenter,"509,000"
"5,653",Something Big,Shawn Mendes,"509,000"
"5,654",I'm Only Me When I'm With You,Taylor Swift,"509,000"
"5,655",Ram On,Linda McCartney & Paul McCartney,"509,000"
"5,656",Venus And Mars,Wings,"509,000"
"5,657",Ride Across the River,Dire Straits,"509,000"
"5,658",Stardust,Frank Sinatra,"509,000"
"5,659",Get Another Boyfriend,Backstreet Boys,"508,000"
"5,660",Na Paz Do Seu Sorriso,Roberto Carlos,"508,000"
"5,661",Wasted on the Way,"Crosby, Stills & Nash","508,000"
"5,662",Supernatural,Ariana Grande,"508,000"
"5,663",A Song Is Born,Ayumi Hamasaki,"508,000"
"5,664",Serve The Servants,Nirvana,"508,000"
"5,665",Barbie World,Aqua & Ice Spice & Nicki Minaj,"508,000"
"5,666",This Old House,"Crosby, Stills, Nash & Young","507,000"
"5,667",The Motown Song,Rod Stewart & Faces,"507,000"
"5,668",Goodnight Goodnight,Maroon 5,"507,000"
"5,669",Fool's Gold,One Direction,"507,000"
"5,670",Little Wing,Derek and the Dominos,"507,000"
"5,671",Got You on My Mind,Eric Clapton,"507,000"
"5,672",Get on the Floor,Michael Jackson,"507,000"
"5,673",Love Comes to Everyone,Eric Clapton,"507,000"
"5,674",Un Jour Viendra,Johnny Hallyday,"506,000"
"5,675",This Is What Makes Us Girls,Lana Del Rey,"505,000"
"5,676",Why Try to Change Me Now?,Frank Sinatra,"505,000"
"5,677",Never Grow Up,Taylor Swift,"505,000"
"5,678",Kids,Kylie Minogue,"505,000"
"5,679",Don't Push,Sublime,"504,000"
"5,680",Olha,Roberto Carlos,"504,000"
"5,681",This Never Happened Before,Paul McCartney,"504,000"
"5,682",Close Your Eyes,Michael Bublé,"504,000"
"5,683",Forever,Lewis Capaldi,"504,000"
"5,684",Hideaway,John Mayall & The Bluesbreakers,"504,000"
"5,685",Right As Rain,Adele,"503,000"
"5,686",All Night,Beyonce,"503,000"
"5,687",CanciÓN Con Yandel,Bad Bunny & Yandel,"503,000"
"5,688",Leave Your Lover,Sam Smith,"503,000"
"5,689",You Can't Kill Rock and Roll,Ozzy Osbourne,"503,000"
"5,690",Secret Garden,Bruce Springsteen,"503,000"
"5,691",Trapped,2Pac,"503,000"
"5,692",Swing Down Sweet Chariot,Elvis Presley,"503,000"
"5,693",Right Now,One Direction,"503,000"
"5,694",Still Don't Give a Fuck,Eminem,"502,000"
"5,695",Perm,Bruno Mars,"502,000"
"5,696",Smile,Barbra Streisand,"502,000"
"5,697",Go Deep,Janet Jackson,"502,000"
"5,698",Humble Me,Norah Jones,"502,000"
"5,699",The Zone,The Weeknd,"502,000"
"5,700",September Song,Frank Sinatra,"502,000"
"5,701",Surf's Up,The Beach Boys,"502,000"
"5,702",Thanks,Seventeen,"502,000"
"5,703",Finesse,Drake,"502,000"
"5,704",Forgiven,Alanis Morissette,"502,000"
"5,705",Old Yellow Bricks,Arctic Monkeys,"502,000"
"5,706",Meet Me in the Morning,Bob Dylan,"502,000"
"5,707",Why Can't We Live Together,Sade,"502,000"
"5,708",Headliner,Seventeen,"502,000"
"5,709",Tell Your Friends,The Weeknd,"501,000"
"5,710",On the Way Home,Buffalo Springfield,"501,000"
"5,711",Teddy Bear,Ayumi Hamasaki,"501,000"
"5,712",Round and Around,Pink Floyd,"501,000"
"5,713",White Christmas,Garth Brooks,"501,000"
"5,714",Tourette's,Nirvana,"501,000"
"5,715",So Cruel,U2,"501,000"
"5,716",The Nile Song,Pink Floyd,"500,000"
"5,717",Stop Trying to Be God,Travis Scott,"500,000"
"5,718",Three O'Clock Blues,B.B King & Eric Clapton,"500,000"
"5,719",Cabo Wabo,Van Halen,"500,000"
"5,720",Isn't This Better,Barbra Streisand,"500,000"
"5,721",I'm So Tired,The Beatles,"500,000"
"5,722",One Hit (To The Body),The Rolling Stones,"500,000"
"5,723",Fall,Justin Bieber,"500,000"
"5,724",Dust,Seventeen,"500,000"
"5,725",Evermore,Taylor Swift,"499,000"
"5,726",I Used to Love Him,Lauryn Hill,"499,000"
"5,727",Starstruck,Lady Gaga ft. Flo Rida & Space Cowboy,"499,000"
"5,728",Blem,Drake,"499,000"
"5,729",On My Way,Phil Collins,"499,000"
"5,730",In the Morning,Norah Jones,"499,000"
"5,731",Zoo Station,U2,"499,000"
"5,732",Everything I Love,Morgan Wallen,"499,000"
"5,733",Summer Nights,Van Halen,"499,000"
"5,734",Afire Love,Ed Sheeran,"499,000"
"5,735",Cloud Number Nine,Bryan Adams,"498,000"
"5,736",Old Friends,Simon & Garfunkel,"498,000"
"5,737",Thank God It's Christmas,Queen,"498,000"
"5,738",But Not Tonight,Depeche Mode,"498,000"
"5,739",Take It Away,Paul McCartney,"498,000"
"5,740",Mary Jane,Alanis Morissette,"498,000"
"5,741",Thunder on the Mountain,Bob Dylan,"498,000"
"5,742",Interlude: Shadow,BTS,"498,000"
"5,743",My! My! Time Flies!,Enya,"497,000"
"5,744",Canary in a Coalmine,The Police,"497,000"
"5,745",Feelings,Maroon 5,"497,000"
"5,746",Idiot Wind,Bob Dylan,"497,000"
"5,747",Julia,The Beatles,"497,000"
"5,748",Hark! The Herald Angels Sing,Frank Sinatra,"497,000"
"5,749",Bring on the Night,The Police,"497,000"
"5,750",Supernaut,Black Sabbath,"496,000"
"5,751",I Wanna Be Your Man,The Beatles,"496,000"
"5,752",Wolves,Kanye West,"496,000"
"5,753",This Is Why We Can't Have Nice Things,Taylor Swift,"496,000"
"5,754",Just Friends,Amy Winehouse,"496,000"
"5,755",Blue Skies,Frank Sinatra,"496,000"
"5,756",The Last Song,Elton John,"495,000"
"5,757",Could I Have This Kiss Forever,Whitney Houston,"495,000"
"5,758",Helen Wheels,Paul McCartney & Wings,"495,000"
"5,759",Am I Evil?,Metallica,"495,000"
"5,760",Conversations,Juice Wrld,"495,000"
"5,761",I Will Talk and Hollywood Will Listen,Robbie Williams,"495,000"
"5,762",Spaceship,Kanye West,"495,000"
"5,763",Bloody Mary,Lady Gaga,"494,000"
"5,764",(Don't Go Back To) Rockville,R.E.M.,"494,000"
"5,765",Good Golly Miss Molly,Creedence Clearwater Revival,"494,000"
"5,766",Ready to Run,One Direction,"494,000"
"5,767",You Make It Feel Like Christmas,Gwen Stefani,"494,000"
"5,768",The Other Side,Bruno Mars,"494,000"
"5,769",The Portrait,Titanic,"494,000"
"5,770",When the Music Stops,Eminem,"494,000"
"5,771",I Me Mine,The Beatles,"494,000"
"5,772","You Win, I Lose",Supertramp,"493,000"
"5,773",Taking Over Me,Evanescence,"493,000"
"5,774",Not the Doctor,Alanis Morissette,"493,000"
"5,775",If It's Lovin' that You Want,Rihanna,"493,000"
"5,776",Unravel,Björk,"493,000"
"5,777",Frankie and Johnny,Elvis Presley,"493,000"
"5,778",400 Lux,Lorde,"493,000"
"5,779",Dirt Off Your Shoulder / Lying From You,Jay-Z & Linkin Park,"493,000"
"5,780",True Colors,Phil Collins,"493,000"
"5,781",Always In My Head,Coldplay,"492,000"
"5,782",Mountains o' Things,Tracy Chapman,"492,000"
"5,783",Light Years,Pearl Jam,"492,000"
"5,784",Girl Almighty,One Direction,"492,000"
"5,785",It Only Hurts When I'm Breathing,Shania Twain,"492,000"
"5,786",Normal Girl,SZA,"492,000"
"5,787",Begin,BTS,"492,000"
"5,788",This I Love,Guns N' Roses,"492,000"
"5,789",Johnny 99,Bruce Springsteen,"492,000"
"5,790",The Lakes,Taylor Swift,"491,000"
"5,791",The Long Way Home,Norah Jones,"491,000"
"5,792",When You Dance I Can Really Love,Neil Young,"491,000"
"5,793",Fairyland,Ayumi Hamasaki,"491,000"
"5,794",Tears and Rain,James Blunt,"491,000"
"5,795",En cloque,Renaud,"491,000"
"5,796",Make Me...,Britney Spears,"491,000"
"5,797",Wishful Sinful,The Doors,"491,000"
"5,798",Hollywood,Michael Bublé,"491,000"
"5,799",Carry On,Norah Jones,"491,000"
"5,800",I Burn For You,The Police,"491,000"
"5,801",Wot's... Uh the Deal?,Pink Floyd,"491,000"
"5,802",Feeling,Juice Wrld,"491,000"
"5,803",The Language,Drake,"490,000"
"5,804",The Dangling Conversation,Simon & Garfunkel,"490,000"
"5,805",Might Just Take Your Life,Deep Purple,"490,000"
"5,806",Bibia Be Ye Ye,Ed Sheeran,"490,000"
"5,807",Stone in Love,Journey,"490,000"
"5,808",Cornerstone,Arctic Monkeys,"490,000"
"5,809","Crazy Love, Vol. II",Paul Simon,"490,000"
"5,810",Confide in Me,Kylie Minogue,"490,000"
"5,811",Thinkin' Bout Me,Morgan Wallen,"490,000"
"5,812",Fuckwithmeyouknowigotit,Jay-Z ft. Rick Ross,"490,000"
"5,813","Love, Devotion & Surrender",Santana,"489,000"
"5,814",No Remorse,Metallica,"489,000"
"5,815",Your House,Alanis Morissette,"489,000"
"5,816",In My Arms,Kylie Minogue,"489,000"
"5,817",What's Next,Drake,"489,000"
"5,818",Bonzo's Montreux,Led Zeppelin,"489,000"
"5,819",You're So Good to Me,The Beach Boys,"489,000"
"5,820",Open Invitation,Santana,"488,000"
"5,821",Spread Your Wings,Queen,"488,000"
"5,822",Cockiness (Love It),Rihanna,"488,000"
"5,823",The Alchemy,Taylor Swift,"488,000"
"5,824",We Work the Black Seam,Sting,"488,000"
"5,825",Not Dark Yet,Bob Dylan,"488,000"
"5,826",Lady Lynda,The Beach Boys,"488,000"
"5,827",Sing for You,Exo,"488,000"
"5,828",Obscured by Clouds,Pink Floyd,"487,000"
"5,829",Delresto (Echoes),Travis Scott ft. Beyoncé,"487,000"
"5,830",Your Possible Pasts,Pink Floyd,"487,000"
"5,831",Modern Jam,Travis Scott ft. Teezo Touchdown,"487,000"
"5,832",I Got A Woman,Elvis Presley,"487,000"
"5,833",Is There Someone Else?,The Weeknd,"486,000"
"5,834",Boyz with Fun,BTS,"486,000"
"5,835",A Cowboy's Work Is Never Done,Sonny & Cher,"486,000"
"5,836",Blooming Day,Exo-CBX,"486,000"
"5,837",Children of the Sea,Black Sabbath,"486,000"
"5,838",Wake Up and Live,Bob Marley,"486,000"
"5,839",I'll Go Crazy If I Don't Go Crazy Tonight,U2,"486,000"
"5,840",Wesley's Theory,Kendrick Lamar ft. George Clinton & Thundercat,"486,000"
"5,841",Euphoria,Kendrick Lamar,"486,000"
"5,842",Make Believe It's Your First Time,Carpenters,"486,000"
"5,843",Monaco,Bad Bunny,"485,000"
"5,844",Bad Idea,Ariana Grande,"485,000"
"5,845",Saw Red,Sublime,"485,000"
"5,846","When the World Is Running Down, You Make the Best of What's Still Around",The Police,"485,000"
"5,847",Antisocial,Ed Sheeran & Travis Scott,"485,000"
"5,848",Did It Again,Shakira,"485,000"
"5,849",Soul to Squeeze,Red Hot Chili Peppers,"485,000"
"5,850",Lemon,Rihanna,"485,000"
"5,851",Shakermaker,Oasis,"484,000"
"5,852",Mofo,U2,"484,000"
"5,853",Victim of Love,Elton John,"484,000"
"5,854",Chanson pour Pierrot,Renaud,"484,000"
"5,855",Most of the Time,Bob Dylan,"484,000"
"5,856",Motley Crew,Post Malone,"484,000"
"5,857",Mad Woman,Taylor Swift,"484,000"
"5,858",Love Me Like You,Little Mix,"484,000"
"5,859",Kidult,Seventeen,"484,000"
"5,860",All of Me,Michael Bublé,"483,000"
"5,861",Ordinary Life,The Weeknd,"483,000"
"5,862",Better When I'm Dancin',Meghan Trainor,"483,000"
"5,863",Boom Boom,Seventeen,"483,000"
"5,864",ScheiBe,Lady Gaga,"483,000"
"5,865",Play Ball,AC/DC,"483,000"
"5,866",Legends,Juice Wrld,"483,000"
"5,867",Houstonfornication,Travis Scott,"483,000"
"5,868",Naima,Santana,"483,000"
"5,869",Safe in New York City,AC/DC,"483,000"
"5,870",Still Waters Run Deep,Bee Gees,"483,000"
"5,871",Alexander the Great,Iron Maiden,"483,000"
"5,872",Put It There,Paul McCartney,"483,000"
"5,873",This Is Not America,David Bowie,"483,000"
"5,874",When I Grow Up (To Be a Man),The Beach Boys,"483,000"
"5,875",Good Rockin' Tonight,Elvis Presley,"482,000"
"5,876",Come Rain or Come Shine,Barbra Streisand,"482,000"
"5,877",Come Tomorrow,Barbra Streisand,"482,000"
"5,878",Everytime I Close My Eyes,Babyface & Mariah Carey,"482,000"
"5,879",Free as a Bird,Supertramp,"482,000"
"5,880",Reckoner,Radiohead,"482,000"
"5,881",Stars and Midnight Blue,Enya,"482,000"
"5,882",On BS,21 Savage & Drake,"482,000"
"5,883",If Leaving Me Is Easy,Phil Collins,"482,000"
"5,884",Heart of Stone,Cher,"482,000"
"5,885",Mama,Exo,"482,000"
"5,888",There Are Such Things,Frank Sinatra,"481,000"
"5,889",I Never Thought I'd See the Day,Sade,"481,000"
"5,890",New Gold,Gorillaz,"481,000"
"5,886","I Have a Love/One Hand, One Heart",Barbra Streisand,"481,000"
"5,887",Jingle Bells,Bing Crosby,"481,000"
"5,891",You're Going to Lose That Girl,The Beatles,"480,000"
"5,892",Brazilian Rhyme (Beijo),"Earth,Wind & Fire","480,000"
"5,893",Sleigh Ride in July,Bing Crosby,"480,000"
"5,894",We Take Care of Our Own,Bruce Springsteen,"480,000"
"5,895",Square Dance,Eminem,"480,000"
"5,896",She's Not Just a Pretty Face,Shania Twain,"479,000"
"5,897",Tell Him,Lauryn Hill,"479,000"
"5,898",Something Beautiful,Robbie Williams,"479,000"
"5,899",We're Ready,Boston,"479,000"
"5,900",Ahora Me Llama,Bad Bunny & Karol G,"479,000"
"5,901",Hold Me Tight,BTS,"479,000"
"5,902","Broken, Beat & Scarred",Metallica,"479,000"
"5,903",Tomorrow,Avril Lavigne,"479,000"
"5,904",Still Goin' Down,Morgan Wallen,"479,000"
"5,905",Let It Grow,Eric Clapton,"478,000"
"5,906",Portobello Belle,Dire Straits,"478,000"
"5,907",The Show Must Go On,Pink Floyd,"478,000"
"5,908",Eternal Sunshine,Ariana Grande,"478,000"
"5,909",Take Me Back to London,Ed Sheeran ft. Stormzy,"478,000"
"5,910",No More Sad Songs,Little Mix,"478,000"
"5,911",Give a Little More,Maroon 5,"478,000"
"5,912",Carnival Town,Norah Jones,"478,000"
"5,913",Best Part of Me,Ed Sheeran ft. Yebba,"477,000"
"5,914",Imaginary,Evanescence,"477,000"
"5,915",I'll Sleep When I'm Dead,Bon Jovi,"477,000"
"5,916",Silent Night,Frank Sinatra,"477,000"
"5,917",Condemnation,Depeche Mode,"477,000"
"5,918",Fever,Madonna,"477,000"
"5,919",Doves in the Wind,SZA,"477,000"
"5,920",Attention,The Weeknd,"477,000"
"5,921",Points Of Authority/99 Problems/One Step Closer,Jay-Z,"477,000"
"5,922",Aladdin Sane (1913-1938-197?),David Bowie,"477,000"
"5,923",The Road to Mandalay,Robbie Williams,"476,000"
"5,924",In A Little While,U2,"476,000"
"5,925",You,Ayumi Hamasaki,"476,000"
"5,926",Violently Happy,Björk,"476,000"
"5,927",Better,Guns N' Roses,"476,000"
"5,928",Stay Alive,Broadway cast of Hamilton,"476,000"
"5,929",Duchess,Genesis,"476,000"
"5,930",A Winter's Tale,Queen,"476,000"
"5,931",Paranoid Eyes,Pink Floyd,"476,000"
"5,932",Change My Mind,One Direction,"476,000"
"5,933",Mr. Moonlight,The Beatles,"476,000"
"5,934",More,Usher,"476,000"
"5,935",Wonderful,Travis Scott ft. the Weeknd,"476,000"
"5,936",Scary Monsters (And Super Creeps),David Bowie,"476,000"
"5,937",Someday Baby,Bob Dylan,"476,000"
"5,938",Florida Kilos,Lana Del Rey,"476,000"
"5,939",Fade to Black,Dire Straits,"475,000"
"5,940",Who Feels Love?,Oasis,"475,000"
"5,941",Peace,Taylor Swift,"475,000"
"5,942",Moon,Kanye West,"475,000"
"5,943",Ivy,Taylor Swift,"475,000"
"5,944",Crash Course In Brain Surgery,Metallica,"475,000"
"5,945",Café Da Manhã,Roberto Carlos,"475,000"
"5,946",Mrs. Vandebilt,Paul McCartney & Wings,"475,000"
"5,947",Your Own Special Way,Genesis,"475,000"
"5,948",Paranoid,Kanye West,"474,000"
"5,949",Pain 1993,Drake ft. Playboi Carti,"474,000"
"5,950",Cold Shoulder,Adele,"474,000"
"5,951",Instruction,Demi Lovato,"474,000"
"5,952",In the Cage,Genesis,"474,000"
"5,953",Life Goes On,Bee Gees,"474,000"
"5,954",Hey Mama!,Exo-CBX,"474,000"
"5,955",Lady,Supertramp,"474,000"
"5,956",Silver Bells,Elvis Presley,"474,000"
"5,957",Santa Fe,Bon Jovi,"473,000"
"5,958",Living in Danger,Ace Of Base,"473,000"
"5,959",Love of My Life,Santana,"473,000"
"5,960",A Child Is Born,Barbra Streisand,"473,000"
"5,961",Transylvania,Iron Maiden,"473,000"
"5,962",All I Really Want to Do,Cher,"473,000"
"5,963",The Ultimate Sin,Ozzy Osbourne,"472,000"
"5,964",Break Away,The Beach Boys,"472,000"
"5,965",Frances Farmer Will Have Her Revenge On Seattle,Nirvana,"472,000"
"5,966",Soliá,Bad Bunny,"472,000"
"5,967",Breathe,Taylor Swift ft. Colbie Caillat,"472,000"
"5,968",Take Me to the Pilot,Elton John,"472,000"
"5,969",Mean Mr. Mustard,The Beatles,"472,000"
"5,970",How Come You Don't Call Me,Alicia Keys,"472,000"
"5,971",Tom Ford,Jay-Z,"472,000"
"5,972",Made in Heaven,Queen,"472,000"
"5,973",She's a Rebel,Green Day,"472,000"
"5,974",We Don't Care,Kanye West,"472,000"
"5,975",Love All the Hurt Away,Aretha Franklin & George Benson,"472,000"
"5,976",Everybody Knows This Is Nowhere,Neil Young with Crazy Horse,"471,000"
"5,977",Funeral for a Friend/Love Lies Bleeding,Elton John,"471,000"
"5,978",Let There Be Love,Oasis,"471,000"
"5,979",Matilda Mother,Pink Floyd,"471,000"
"5,980",Lesson Learned,Alicia Keys,"471,000"
"5,981",Ozone Baby,Led Zeppelin,"471,000"
"5,982",We Rock,Demi Lovato,"471,000"
"5,983",La ballade Nord-Irlandaise,Renaud,"471,000"
"5,984",Cameras / Good Ones Go Interlude,Drake,"471,000"
"5,985",The Wanderer,U2,"471,000"
"5,986",Leave,R.E.M.,"471,000"
"5,987",All I Wanna Do,The Beach Boys,"470,000"
"5,988",Treacherous,Taylor Swift,"470,000"
"5,989",Christmas Sweet: I Saw Three Ships,Mannheim Steamroller,"470,000"
"5,990",Debris,Rod Stewart & Faces,"470,000"
"5,991",Have Yourself a Merry Little Christmas,Rod Stewart & Faces,"470,000"
"5,992",Walter's Walk,Led Zeppelin,"470,000"
"5,993",End of the Night,The Doors,"470,000"
"5,994",Lalena,Deep Purple,"470,000"
"5,995",Cycles,Frank Sinatra,"470,000"
"5,996",Never Recover,Drake & Gunna & Lil Baby,"470,000"
"5,997",D.D.,The Weeknd,"470,000"
"5,998",Battle Symphony,Linkin Park,"469,000"
"5,999",As Time Goes By,Frank Sinatra,"469,000"
"6,000",Innervision,System of a Down,"469,000"
"6,001","Sunflower, Vol. 6",Harry Styles,"469,000"
"6,002",Six Blade Knife,Dire Straits,"469,000"
"6,003",Life's a Mess,Juice Wrld,"469,000"
"6,004",April Shower,Seventeen,"469,000"
"6,005",Darlene,Led Zeppelin,"468,000"
"6,006",Sun King,The Beatles,"468,000"
"6,007",Nothing Lasts Forever,Maroon 5,"468,000"
"6,008",? (Blackstar),David Bowie,"468,000"
"6,009",All for Leyna,Billy Joel,"468,000"
"6,010",Hurts Like Heaven,Coldplay,"467,000"
"6,011",If I Ruled the World (Imagine That),Lauryn Hill,"467,000"
"6,012",One Way or Another (Teenage Kicks),One Direction,"467,000"
"6,013",Dear Theodosia,Broadway cast of Hamilton,"467,000"
"6,014",On Your Shore,Enya,"467,000"
"6,015",Tired of Being Sorry,Enrique Iglesias,"467,000"
"6,016","Aaron Burr, Sir",Broadway cast of Hamilton,"467,000"
"6,017",House of Cards,Radiohead,"467,000"
"6,018",Feels So Good,Van Halen,"467,000"
"6,019",American Land,Bruce Springsteen,"467,000"
"6,020","Sing About Me, I'm Dying of Thirst",Kendrick Lamar,"467,000"
"6,021",Come To Me,Björk,"466,000"
"6,022",I Wrote the Book,Morgan Wallen,"466,000"
"6,023",Morningside,Neil Diamond,"466,000"
"6,024",Paradise,BTS,"466,000"
"6,025",Dance with the One That Brought You,Shania Twain,"466,000"
"6,026",All Nite (Don't Stop),Janet Jackson,"466,000"
"6,027",I'll Always Remember You,Miley Cyrus,"466,000"
"6,028",Suspicion,Elvis Presley,"466,000"
"6,029",In the Flesh,Pink Floyd,"466,000"
"6,030",Me and My Monkey,Robbie Williams,"465,000"
"6,031",Behind the Mask,Eric Clapton,"465,000"
"6,032",Anything but Ordinary,Avril Lavigne,"465,000"
"6,033",Skateaway,Dire Straits,"465,000"
"6,034",Alice,Avril Lavigne,"465,000"
"6,035",Fire,Bruce Springsteen,"465,000"
"6,036",Bridges,Tracy Chapman,"464,000"
"6,037",The WASP (Texas Radio and the Big Beat),The Doors,"464,000"
"6,038",Gone Too Soon,Michael Jackson,"464,000"
"6,039",Red Blooded Woman,Kylie Minogue,"464,000"
"6,040","Girls, Girls, Girls",Jay-Z,"464,000"
"6,041",The Cure,Lady Gaga,"464,000"
"6,042",The First Noel,Elvis Presley,"464,000"
"6,043",The Three Sunrises,U2,"464,000"
"6,044",Stone Cold Crazy,Queen,"463,000"
"6,045",Inspire,Ayumi Hamasaki,"463,000"
"6,046",Anyone,Seventeen,"463,000"
"6,047",Lightsaber,Exo,"463,000"
"6,048",Killing Yourself to Live,Black Sabbath,"463,000"
"6,049",(I Know) I'm Losing You,Rod Stewart & Faces,"463,000"
"6,050",Ride Natty Ride,Bob Marley,"463,000"
"6,051","Oh, Sister",Bob Dylan,"463,000"
"6,052",Live Like Horses,Elton John,"463,000"
"6,053",Venice Bitch,Lana Del Rey,"463,000"
"6,054",Don't I Make It Look Easy,Meghan Trainor,"463,000"
"6,055",Thank the Lord for the Night Time,Neil Diamond,"463,000"
"6,056",I'm a Freak,Enrique Iglesias,"463,000"
"6,057",Eraser,Ed Sheeran,"462,000"
"6,058",At This Moment,Michael Bublé,"462,000"
"6,059",Noche y De Día,Enrique Iglesias,"462,000"
"6,060",New Year's Day,Taylor Swift,"462,000"
"6,061",Keep the Customer Satisfied,Simon & Garfunkel,"462,000"
"6,062",Age Ain't Nothing but a Number,Aaliyah,"462,000"
"6,063",Iron Lion Zion,Bob Marley,"462,000"
"6,064",Walk on Water,Eminem,"462,000"
"6,065",Vera,Pink Floyd,"462,000"
"6,066",Privilege,The Weeknd,"461,000"
"6,067",Young and Beautiful,Lana Del Rey,"461,000"
"6,068",(Anesthesia) Pulling-teeth,Metallica,"461,000"
"6,069",I've Lost You,Elvis Presley,"461,000"
"6,070",Darlington County,Bruce Springsteen,"461,000"
"6,071",Nothing Without You,The Weeknd,"461,000"
"6,072",Cold Wind Blows,Eminem,"461,000"
"6,073",Prisoner,Miley Cyrus,"461,000"
"6,074",Blew,Nirvana,"461,000"
"6,075",Up,Justin Bieber,"461,000"
"6,076","Sweet, Sweet Smile",Carpenters,"461,000"
"6,077",Tiptoe,Imagine Dragons,"461,000"
"6,078",Move Over,Spice Girls,"461,000"
"6,079",These Walls,Kendrick Lamar ft. Anna Wise & Bilal & Thundercat,"461,000"
"6,080",Ever Changing Times,Aretha Franklin & Michael McDonald,"461,000"
"6,081",A Rush Of Blood To The Head,Coldplay,"460,000"
"6,082",Cuff Link,Wings,"460,000"
"6,083",Trapecista,Enrique Iglesias,"460,000"
"6,084",Dirty Mind,Prince,"460,000"
"6,085",Wild Is the Wind,Bon Jovi,"460,000"
"6,086",Ballbreaker,AC/DC,"460,000"
"6,087",End of the Day,One Direction,"460,000"
"6,088",Melody Fair,Bee Gees,"460,000"
"6,089",Be Here to Love Me,Norah Jones,"460,000"
"6,090",Please Come Home For Christmas,Eagles,"460,000"
"6,091",Oh Well,Fleetwood Mac,"460,000"
"6,092",Sirens,Travis Scott,"460,000"
"6,093",Go Gentle,Robbie Williams,"459,000"
"6,094",Catch My Breath,Kelly Clarkson,"459,000"
"6,095",Dance Again,Jennifer Lopez ft. Pitbull,"459,000"
"6,096",Don't Be Afraid,Boston,"459,000"
"6,097",Slave Driver,Bob Marley,"458,000"
"6,098",That Girl,Stevie Wonder,"458,000"
"6,099",865,Morgan Wallen,"458,000"
"6,100",I Got Nerve,Miley Cyrus,"458,000"
"6,101",He Wasn't,Avril Lavigne,"458,000"
"6,102",Stuck with Me,Green Day,"458,000"
"6,103",The Prophecy,Taylor Swift,"458,000"
"6,104",Emancipation,Prince,"458,000"
"6,105",Feel Flows,The Beach Boys,"458,000"
"6,106",Die Young,Black Sabbath,"458,000"
"6,107",God Rest Ye Merry Gentlemen,Garth Brooks,"458,000"
"6,108",They Can't Take That Away from Me,Frank Sinatra,"457,000"
"6,109",The Loner,Neil Young,"457,000"
"6,110",I'm Outta Time,Oasis,"457,000"
"6,111",Everything About You,One Direction,"457,000"
"6,112",The Family Madrigal,Various Artists,"457,000"
"6,113",Till the Morning Comes,Neil Young,"457,000"
"6,114",Stranger in a Strange Land,Iron Maiden,"457,000"
"6,115",Wish You the Best,Lewis Capaldi,"457,000"
"6,116",&Burn,Billie Eilish,"456,000"
"6,117",Water of Love,Dire Straits,"456,000"
"6,118",Live My Life,Justin Bieber,"456,000"
"6,119",1 to 13,Seventeen,"456,000"
"6,120",Dance In The Dark,Lady Gaga,"456,000"
"6,121",Without You,Fleetwood Mac,"456,000"
"6,122",Caught Somewhere in Time,Iron Maiden,"456,000"
"6,123",Legacy,Eminem,"456,000"
"6,124",She Said She Said,The Beatles,"456,000"
"6,125",Seamus,Pink Floyd,"455,000"
"6,126",Never Let Me Down,Kanye West,"455,000"
"6,127",Press,Paul McCartney,"455,000"
"6,128",El Apagon,Bad Bunny,"455,000"
"6,129",We Wait and We Wonder,Phil Collins,"455,000"
"6,130",Spanish Castle Magic,Jimi Hendrix Experience,"455,000"
"6,131",Same Bitches,Post Malone ft. G-Eazy & YG,"455,000"
"6,132",Not in That Way,Sam Smith,"455,000"
"6,133",Romeo Delight,Van Halen,"454,000"
"6,134",Time,David Bowie,"454,000"
"6,135",Last Night,Traveling Wilburys,"454,000"
"6,136",The First Snow,Exo,"454,000"
"6,137",Who Said,Miley Cyrus,"454,000"
"6,138",You Don't Know Me,Michael Bublé,"454,000"
"6,139",Love Conquers All,Deep Purple,"454,000"
"6,140",Purgatory,Iron Maiden,"454,000"
"6,141",Cold Hearted Man,AC/DC,"454,000"
"6,142",We're Living in Our Own Time,"Earth,Wind & Fire","454,000"
"6,144",Nobody but Me,Michael Bublé,"453,000"
"6,145",A Volta,Roberto Carlos,"453,000"
"6,146",Why I Love You,Jay-Z & Kanye West ft. Mr Hudson,"453,000"
"6,147",Sisters of the Moon,Fleetwood Mac,"453,000"
"6,148",R.I.P. Screw,Travis Scott,"453,000"
"6,149",Autumn Leaves,BTS,"453,000"
"6,150",The Sweetest Gift,Sade,"453,000"
"6,151",Summer Love,One Direction,"453,000"
"6,152",Your Body,Christina Aguilera,"453,000"
"6,153",Because the Night,Bruce Springsteen,"453,000"
"6,154",Love Me,Norah Jones,"453,000"
"6,155",Off The Grid,Kanye West,"453,000"
"6,156",U Don't Know,Jay-Z,"453,000"
"6,143",Kidz,Take That,"453,000"
"6,157",O,Coldplay,"452,000"
"6,158",No track (All Access Europe),Eminem,"452,000"
"6,159",Do I Do,Stevie Wonder,"452,000"
"6,160",Quadrophenia,The Who,"452,000"
"6,161",Precious Angel,Bob Dylan,"452,000"
"6,162",Paradise Is Here,Tina Turner,"452,000"
"6,163",Diamond Days,Seventeen,"452,000"
"6,164",Check It Out,Nicki Minaj & will.i.am,"452,000"
"6,165",Universe,Exo,"452,000"
"6,166",Hail Caesar,AC/DC,"452,000"
"6,167",On The Border,Eagles,"452,000"
"6,168",No Friends in the Industry,Drake,"452,000"
"6,169",Ink,Coldplay,"451,000"
"6,170",Valentine's Day,Linkin Park,"451,000"
"6,171",Franchise,Travis Scott ft. M.I.A. & Young Thug,"451,000"
"6,172",Quero Que Vá Tudo Pro Inferno,Roberto Carlos,"451,000"
"6,173",No Pressure,Justin Bieber,"451,000"
"6,174",Love You To,The Beatles,"451,000"
"6,175",In My Head,Ariana Grande,"451,000"
"6,176",Side by Side,"Earth,Wind & Fire","451,000"
"6,177",Run from Tears,"Crosby, Stills & Nash","451,000"
"6,178",Keeping the Faith,Billy Joel,"451,000"
"6,179",I Stay in Love,Mariah Carey,"451,000"
"6,180",Imagination,"Earth,Wind & Fire","450,000"
"6,181",You're a Big Girl Now,Bob Dylan,"450,000"
"6,182",All I Know,The Weeknd,"450,000"
"6,183",The Weight,Aretha Franklin,"450,000"
"6,184",Video Phone,Beyonce,"450,000"
"6,185",Warped,Red Hot Chili Peppers,"450,000"
"6,186",Hair,Lady Gaga,"449,000"
"6,187",Is Your Love in Vain?,Bob Dylan,"449,000"
"6,188",Ain't Your Mama,Jennifer Lopez,"449,000"
"6,189",Horizons,Genesis,"449,000"
"6,190",Art Deco,Lana Del Rey,"449,000"
"6,191",Comin' Home,Lynyrd Skynyrd,"449,000"
"6,192",Peacock,Katy Perry,"449,000"
"6,193",Farewell My Summer Love,Michael Jackson,"449,000"
"6,194",If It's Over,Mariah Carey,"449,000"
"6,195",Delirious Love,Neil Diamond,"449,000"
"6,196",Borrowed Time,John Lennon,"449,000"
"6,197",All I Want Is You This Christmas,NSYNC,"449,000"
"6,198",Spirit in the Dark,Aretha Franklin,"449,000"
"6,199",Seven Days,Sting,"448,000"
"6,200",Love Is Like an Itching in My Heart,The Supremes,"448,000"
"6,201",Memorial Address,Ayumi Hamasaki,"448,000"
"6,202",Hello Mary Lou,Creedence Clearwater Revival,"448,000"
"6,203",Sinkin' Soon,Norah Jones,"448,000"
"6,204",Every Grain of Sand,Bob Dylan,"448,000"
"6,205",Ain't No Way,Aretha Franklin,"448,000"
"6,206",I'm Livin' in Shame,Diana Ross & The Supremes,"448,000"
"6,207",The Very First Night,Taylor Swift,"448,000"
"6,208",Who Knew,Eminem,"448,000"
"6,209",Smile,Pearl Jam,"448,000"
"6,210",Whatever,Oasis,"447,000"
"6,211",Into the Night,Santana,"447,000"
"6,212",Lonely Nights,Bryan Adams,"447,000"
"6,213",Beep,Will.i.am,"447,000"
"6,214",What A Wonderful Life,Elvis Presley,"447,000"
"6,215",Hit The Lights,Selena Gomez,"446,000"
"6,216",Until It's Time for You to Go,Elvis Presley,"446,000"
"6,217",Do Me a Favour,Arctic Monkeys,"446,000"
"6,218",Polythene Pam,The Beatles,"446,000"
"6,219",Let's Spend The Night Together,David Bowie,"446,000"
"6,220",O Cadillac,Roberto Carlos,"446,000"
"6,221",Tender Heart,Lionel Richie,"446,000"
"6,222",Nice Work If You Can Get It,Frank Sinatra,"446,000"
"6,223",How Long Will They Mourn Me?,2Pac,"446,000"
"6,224",Several Species of Small Furry Animals Gathered Together in a Cave and Grooving with a Pict,Pink Floyd,"445,000"
"6,225",Sister Moonshine,Supertramp,"445,000"
"6,226",Right There,Ariana Grande ft. Big Sean,"445,000"
"6,227",Crush,Seventeen,"445,000"
"6,228",Only You,Little Mix,"445,000"
"6,229",Let Me Live,Queen,"445,000"
"6,230",Storms,Fleetwood Mac,"445,000"
"6,231",Absolute Beginners,David Bowie,"445,000"
"6,232",Mack the Knife,Frank Sinatra,"445,000"
"6,233",Pastime Paradise,Stevie Wonder,"444,000"
"6,234",Take Me Away,Avril Lavigne,"444,000"
"6,235",Inconsolable,Backstreet Boys,"444,000"
"6,236",Guilty,Bee Gees,"444,000"
"6,237",Soldier Side,System of a Down,"444,000"
"6,238",Hits Different,Taylor Swift,"444,000"
"6,239",Commotion,Creedence Clearwater Revival,"444,000"
"6,240",Music to Watch Boys To,Lana Del Rey,"444,000"
"6,241",Beautiful Pain,Eminem,"444,000"
"6,242",Gonna Love Ya,Avicii,"444,000"
"6,243",Babyface,U2,"444,000"
"6,244",Ring,Cardi B,"444,000"
"6,245",Ev'ry Time We Say Goodbye,Rod Stewart & Faces,"443,000"
"6,246",My Block,2Pac,"443,000"
"6,247",Brave New World,Iron Maiden,"443,000"
"6,248",Pointless,Lewis Capaldi,"443,000"
"6,249",TVC 15,David Bowie,"443,000"
"6,250",Love to Hate Me,Blackpink,"443,000"
"6,251",Blind,SZA,"443,000"
"6,252",On to the Next One,Jay-Z ft. Swizz Beatz,"443,000"
"6,253",I Could Have Lied,Red Hot Chili Peppers,"442,000"
"6,254",I Ain't Superstitious,Eric Clapton,"442,000"
"6,255",Teeth,Lady Gaga,"442,000"
"6,256",I Wish I Were Blind,Bruce Springsteen,"442,000"
"6,257",Honeymoon Avenue,Ariana Grande,"442,000"
"6,258",What If,Coldplay,"441,000"
"6,259",Expecting to Fly,Buffalo Springfield,"441,000"
"6,260",Popular Song,Mika ft. Ariana Grande,"441,000"
"6,261",Girl Talk,TLC,"441,000"
"6,262",Same Mistakes,One Direction,"441,000"
"6,263",Wearing And Tearing,Led Zeppelin,"441,000"
"6,264",Fresh Out the Slammer,Taylor Swift,"441,000"
"6,265",Pero Ya No,Bad Bunny,"441,000"
"6,266",Get Outta My Way,Kylie Minogue,"441,000"
"6,267",Si j'étais un charpentier (If I Were A Carpenter),Johnny Hallyday,"441,000"
"6,268",Love Buzz,Nirvana,"441,000"
"6,269",I'm So Afraid,Fleetwood Mac,"441,000"
"6,270",Sick Again,Led Zeppelin,"441,000"
"6,271",I Wanna Know You,Miley Cyrus,"440,000"
"6,272",Don't Bother,Shakira,"440,000"
"6,273",Empire Ants,Gorillaz & Yujimi Nagano,"440,000"
"6,274",Twentieth Century Fox,The Doors,"440,000"
"6,275",Only the Young,Journey,"440,000"
"6,276",The Fountain of Salmacis,Genesis,"440,000"
"6,277",Youre the One,Yoko Ono,"440,000"
"6,278",Kissing a Fool,Michael Bublé,"440,000"
"6,279",Cassandra,Abba,"440,000"
"6,280",Infinite Dreams,Iron Maiden,"440,000"
"6,281",Lo How a Rose E'er Blooming,Mannheim Steamroller,"439,000"
"6,282",Salute,Little Mix,"439,000"
"6,283",Feeling That Way,Journey,"439,000"
"6,284",Angels Cry,Mariah Carey ft. Ne-Yo,"439,000"
"6,285",Walk On,Neil Young,"439,000"
"6,286",Our First Time,Bruno Mars,"439,000"
"6,287",Remind Me,Carrie Underwood,"439,000"
"6,288",Rabbit Run,Eminem,"439,000"
"6,289",Toussaint L'Overture,Santana,"439,000"
"6,290",Independent,Ayumi Hamasaki,"439,000"
"6,291",Jewel,Ayumi Hamasaki,"439,000"
"6,292",Glitter,Ayumi Hamasaki,"439,000"
"6,293",Captain Fantastic and the Brown Dirt Cowboy,Elton John,"439,000"
"6,294",It's Hard to Be a Saint in the City,Bruce Springsteen,"439,000"
"6,295",Please,U2,"439,000"
"6,296",Even in the Quietest Moments,Supertramp,"438,000"
"6,297",Solid Rock,Dire Straits,"438,000"
"6,298",D.O.A.,Van Halen,"438,000"
"6,299",Candy's Room,Bruce Springsteen,"438,000"
"6,300",Wild Honey,The Beach Boys,"438,000"
"6,301",So Fine,Guns N' Roses,"438,000"
"6,302",Lead the Way,Mariah Carey,"438,000"
"6,303",Imgonnagetyouback,Taylor Swift,"437,000"
"6,304",Carousel,Travis Scott,"437,000"
"6,305",Even If My Heart Would Break,Whitney Houston,"437,000"
"6,306",Stiletto,Billy Joel,"437,000"
"6,307",My Fairy King,Queen,"437,000"
"6,308",Down by the Riverside,Elvis Presley,"437,000"
"6,309",Hold Me,Whitney Houston,"437,000"
"6,310",Mark My Words,Justin Bieber,"437,000"
"6,311",It's My Turn,Diana Ross,"436,000"
"6,312",Right Thru Me,Nicki Minaj,"436,000"
"6,313",I'll Be Home,Meghan Trainor,"436,000"
"6,314",Rock This Country!,Shania Twain,"436,000"
"6,315",Visiting Hours,Ed Sheeran,"436,000"
"6,316",Furthest Thing,Drake,"436,000"
"6,317",Now That We're Dead,Metallica,"436,000"
"6,318","Janie, Don't Take Your Love To Town",Bon Jovi,"436,000"
"6,319",Pt. 2,Kanye West,"436,000"
"6,320",Just the Same Way,Journey,"435,000"
"6,321",Love Is Blindness,U2,"435,000"
"6,322",God's Country,Travis Scott,"435,000"
"6,323",The Girl From Ipanema,Amy Winehouse,"435,000"
"6,324",Not Today,Imagine Dragons,"435,000"
"6,325",Hoax,Taylor Swift,"435,000"
"6,326",Guinnevere,"Crosby, Stills & Nash","435,000"
"6,327",Don't Forget Where You Belong,One Direction,"435,000"
"6,328",Wigwam,Bob Dylan,"435,000"
"6,329",Long Story Short,Taylor Swift,"435,000"
"6,330",Cool the Engines,Boston,"435,000"
"6,331",Indian Summer,The Doors,"435,000"
"6,332","Swing Low, Sweet Chariot",Eric Clapton,"435,000"
"6,333",Poor House,Traveling Wilburys,"435,000"
"6,334",The Struggle Within,Metallica,"434,000"
"6,335",Hope Has a Place,Enya,"434,000"
"6,336",A Thousand Bad Times,Post Malone,"434,000"
"6,337",Escape,Metallica,"434,000"
"6,338",Forbidden Love - Bedtime Stories,Madonna,"434,000"
"6,339",Tu No Metes Cabra,Bad Bunny,"434,000"
"6,340",Psycho,System of a Down,"434,000"
"6,341",Freak,Lana Del Rey,"434,000"
"6,342",Third Degree,Eric Clapton,"434,000"
"6,343","Still, Still, Still",Mannheim Steamroller,"433,000"
"6,344",The Way Of Love,Cher,"433,000"
"6,345",Move,Little Mix,"433,000"
"6,346",Shake Your Moneymaker,Fleetwood Mac,"433,000"
"6,347",Tea in the Sahara,The Police,"433,000"
"6,348",Caro,Bad Bunny,"433,000"
"6,349",I'll Stick Around,Foo Fighters,"433,000"
"6,350",This Christmas,Christina Aguilera,"433,000"
"6,351",Awake,BTS,"432,000"
"6,352",One After 909,The Beatles,"432,000"
"6,353",My Old Piano,Diana Ross,"432,000"
"6,354",The Trial,Pink Floyd,"432,000"
"6,355",Give Ireland Back to the Irish,Paul McCartney,"432,000"
"6,356",FML,Kanye West,"432,000"
"6,357",5150,Van Halen,"432,000"
"6,358",Piece by Piece,Kelly Clarkson,"432,000"
"6,359",As I Am,Justin Bieber,"432,000"
"6,360",Runaround,Van Halen,"431,000"
"6,361",Happy Ending,Seventeen,"431,000"
"6,362",Hype,Drake,"431,000"
"6,363",I'll Be Home for Christmas,Barbra Streisand,"431,000"
"6,364",Virginia Beach,Drake,"431,000"
"6,365",You,Carpenters,"431,000"
"6,366",6 God,Drake,"431,000"
"6,367",How Many Mics,Fugees,"431,000"
"6,368",Silver And Gold,U2,"431,000"
"6,369",Not Alike,Eminem,"431,000"
"6,370",Clean Heart,Sade,"431,000"
"6,371",Ghostin,Ariana Grande,"431,000"
"6,372",Heartache Tonight,Michael Bublé,"430,000"
"6,373",My Boy,Elvis Presley,"430,000"
"6,374",Pretty Tied Up,Guns N' Roses,"430,000"
"6,375",Gently,Drake ft. Bad Bunny,"430,000"
"6,376",Over My Dead Body,Drake,"430,000"
"6,377",Parachutes,Coldplay,"430,000"
"6,378",Oh Darling,Supertramp,"430,000"
"6,379",Phantom Lord,Metallica,"430,000"
"6,380",Attitude,Guns N' Roses,"430,000"
"6,381",If I Needed Someone,The Beatles,"430,000"
"6,382",O Little Town of Bethlehem,Mannheim Steamroller,"429,000"
"6,383",My Last Breath,Evanescence,"429,000"
"6,384",Why Go,Pearl Jam,"429,000"
"6,385",Spies,Coldplay,"429,000"
"6,386",Trivia: Just Dance,BTS,"429,000"
"6,387","So Long, Frank Lloyd Wright",Simon & Garfunkel,"429,000"
"6,388",Saturnz Barz,Gorillaz ft. Popcaan,"429,000"
"6,389",Take You,Justin Bieber,"429,000"
"6,390",The Prettiest Thing,Norah Jones,"429,000"
"6,391",Up the Ladder to the Roof,The Supremes,"429,000"
"6,400",Station Man,Fleetwood Mac,"428,000"
"6,401",Dímelo,Enrique Iglesias,"428,000"
"6,402",The Kids Are Alright,The Who,"428,000"
"6,403",Remember The Name,Ed Sheeran ft. 50 Cent & Eminem,"428,000"
"6,404",Free as a Bird,The Beatles,"428,000"
"6,392",Beyond the Sea,Robbie Williams,"428,000"
"6,393",Beautiful Goodbye,Maroon 5,"428,000"
"6,394",Taken,One Direction,"428,000"
"6,395",The Christmas Song,Frank Sinatra,"428,000"
"6,396",Never Let Me Down,David Bowie,"428,000"
"6,397",Acquiesce,Oasis,"428,000"
"6,398",Miss Sarajevo,U2,"428,000"
"6,399",Candy,Seventeen,"428,000"
"6,405",Everything's Not Lost,Coldplay,"427,000"
"6,406",Tryin' To Get To You,Elvis Presley,"427,000"
"6,407",One Slip,Pink Floyd,"427,000"
"6,408",No More Walks In The Wood,Eagles,"427,000"
"6,409",Out in the Street,Bruce Springsteen,"427,000"
"6,410",Ribs,Lorde,"427,000"
"6,411",Dive,Nirvana,"427,000"
"6,412",Things Goin' On,Lynyrd Skynyrd,"427,000"
"6,413",Whatsername,Green Day,"427,000"
"6,414",Superman,R.E.M.,"427,000"
"6,415",Better Dayz,2Pac,"427,000"
"6,416",15 Step,Radiohead,"427,000"
"6,417",Son of a Gun (I Betcha Think This Song Is About You),Janet Jackson,"426,000"
"6,418",The Best Things in Life Are Free,Janet Jackson,"426,000"
"6,419",Snap Shoot,Seventeen,"426,000"
"6,420",Do It Well,Jennifer Lopez,"426,000"
"6,421",Let Me Put My Love into You,AC/DC,"426,000"
"6,422",Negative Creep,Nirvana,"426,000"
"6,423",Moonlight,Ariana Grande,"426,000"
"6,424",Home on the Range,Bing Crosby,"426,000"
"6,425",The House Jack Built,Metallica,"426,000"
"6,426","La Fille De L'Eté Dernier ""Summertime Blues""",Johnny Hallyday,"426,000"
"6,427",Computer Blue,Prince,"425,000"
"6,428",It's a Wrap,Mariah Carey ft. Mary J. Blige,"425,000"
"6,429",The Longships,Enya,"425,000"
"6,430",Highway Patrolman,Bruce Springsteen,"425,000"
"6,431",Stole My Heart,One Direction,"425,000"
"6,432",Better Than Words,One Direction,"425,000"
"6,433",É Preciso Saber Viver,Roberto Carlos,"425,000"
"6,434",Back 2 Back,Seventeen,"425,000"
"6,435",Love's in Need of Love Today,Stevie Wonder,"425,000"
"6,436",One Too Many Mornings,Bob Dylan,"425,000"
"6,437",The Christmas Song,Justin Bieber,"425,000"
"6,438",You Still Touch Me,Sting,"424,000"
"6,439",Easily,Red Hot Chili Peppers,"424,000"
"6,440","Starting Here, Starting Now",Barbra Streisand,"424,000"
"6,441",If I Could Fly,One Direction,"424,000"
"6,442",When My Heart Beats Like a Hammer,B.B King & Eric Clapton,"424,000"
"6,443",New Slaves,Kanye West,"424,000"
"6,444",This Time,Bryan Adams,"424,000"
"6,445",Party People,Fergie,"424,000"
"6,446",Save You Tonight,One Direction,"424,000"
"6,447",Five Minutes More,Frank Sinatra,"424,000"
"6,448",In Pieces,Linkin Park,"424,000"
"6,449",Underneath the Stars,Mariah Carey,"424,000"
"6,450",Hidden Place,Björk,"423,000"
"6,451",All I Do Is Dream of You,Michael Bublé,"423,000"
"6,452",Million Dollar Man,Lana Del Rey,"423,000"
"6,453",4th Dimension,Kanye West,"423,000"
"6,454",Oh My Love,John Lennon,"423,000"
"6,455",Epiphany,Taylor Swift,"423,000"
"6,456",Run,Foo Fighters,"423,000"
"6,457",Talkin' 2 Myself,Eminem,"423,000"
"6,458",God Is Dead?,Black Sabbath,"423,000"
"6,459",Mentiroso,Enrique Iglesias,"423,000"
"6,460",Cherry,Lana Del Rey,"423,000"
"6,461",The Joker and the Queen,Ed Sheeran,"423,000"
"6,462",Chic 'n' Stu,System of a Down,"423,000"
"6,463",Love Will Conquer All,Lionel Richie,"423,000"
"6,464",I Give You Give Blind,"Crosby, Stills & Nash","422,000"
"6,465",Endless Sorrow,Ayumi Hamasaki,"422,000"
"6,466",Long Long Way to Go,Phil Collins,"422,000"
"6,467",Original Of The Species,U2,"422,000"
"6,468",Rehab,Justin Timberlake,"422,000"
"6,469",Been Through,Exo,"422,000"
"6,470",Dealer,Lana Del Rey,"422,000"
"6,471",Santa Claus Is Coming to Town,Rod Stewart & Faces,"422,000"
"6,472",Ur So Gay,Katy Perry,"422,000"
"6,473",Trust,Prince,"422,000"
"6,474",Leningrad,Billy Joel,"422,000"
"6,475",So It Goes...,Taylor Swift,"421,000"
"6,476",She Thinks I Still Care,Elvis Presley,"421,000"
"6,477",Feel,Kendrick Lamar,"421,000"
"6,478",I Almost Do,Taylor Swift,"421,000"
"6,479",One for the Vine,Genesis,"421,000"
"6,480",The Way I Am,Charlie Puth,"421,000"
"6,481",True Love,Coldplay,"421,000"
"6,482",Captain Kennedy,Neil Young,"421,000"
"6,483",Le Chanteur Abandonné,Johnny Hallyday,"421,000"
"6,484",Two Suns in the Sunset,Pink Floyd,"421,000"
"6,485",Brooklyn's Finest,Jay-Z,"421,000"
"6,486",Cowboy like Me,Taylor Swift,"420,000"
"6,487",The Changeling,The Doors,"420,000"
"6,488","I Love U, but I Don't Trust U Anymore",Prince,"420,000"
"6,489",Come Over,Aaliyah,"420,000"
"6,490",Lady Grinning Soul,David Bowie,"420,000"
"6,491",Never Gonna Say I'm Sorry,Ace Of Base,"420,000"
"6,492",Don't Fence Me In,Bing Crosby & The Andrews Sisters,"420,000"
"6,493",Jump,BTS,"420,000"
"6,494","Bewitched, Bothered & Bewildered",Rod Stewart & Faces,"420,000"
"6,495",Unbreakable,Michael Jackson,"420,000"
"6,496",Homesick,Dua Lipa,"419,000"
"6,497",Second Movement,Deep Purple,"419,000"
"6,498",Livin' the Dream,Morgan Wallen,"419,000"
"6,499","He Ain't Heavy, He's My Brother",Neil Diamond,"419,000"
"6,500",Blowin' in the Wind,Stevie Wonder,"419,000"
"6,501",Lord of the Thighs,Aerosmith,"419,000"
"6,502",Act My Age,One Direction,"419,000"
"6,503",Someday Is Tonight,Janet Jackson,"419,000"
"6,504",Because We Can,Bon Jovi,"419,000"
"6,505",Coffee Bean,Travis Scott,"419,000"
"6,506",Free Smoke,Drake,"418,000"
"6,507",Girlfriend,Michael Jackson,"418,000"
"6,508",Call Me Irresponsible,Michael Bublé,"418,000"
"6,509",MLK,U2,"418,000"
"6,510",N.S.U.,Cream,"418,000"
"6,511",Break Every Rule,Tina Turner,"418,000"
"6,512",Watch Closely Now,Barbra Streisand,"418,000"
"6,513",Song for You,Michael Bublé,"418,000"
"6,514",Deer Dance,System of a Down,"418,000"
"6,515",Words (Between the Lines of Age),Neil Young,"418,000"
"6,516",Tailgunner,Iron Maiden,"418,000"
"6,517","Fum, Fum, Fum",Mannheim Steamroller,"418,000"
"6,518",Lovers Rock,Sade,"418,000"
"6,519",Believer,Ozzy Osbourne,"418,000"
"6,520",Morning Sun,Robbie Williams,"418,000"
"6,521",Having a Blast,Green Day,"418,000"
"6,522",Get On Your Boots,U2,"418,000"
"6,523",4 + 20,"Crosby, Stills, Nash & Young","417,000"
"6,524",So Happy I Could Die,Lady Gaga,"417,000"
"6,525",Waiting for the Worms,Pink Floyd,"417,000"
"6,526",Have You Ever Been (To Electric Ladyland),Jimi Hendrix Experience,"417,000"
"6,527",Chocolate,Kylie Minogue,"417,000"
"6,528",Through The Dark,One Direction,"417,000"
"6,529",Love Rescue Me,U2,"417,000"
"6,530",Zack and Codeine,Post Malone,"417,000"
"6,531",2 X 4,Metallica,"417,000"
"6,532",6 Inch,Beyonce,"417,000"
"6,533",Saturday Night Divas,Spice Girls,"417,000"
"6,534",People Get Ready,Rod Stewart & Faces,"417,000"
"6,535",Guns and Ships,Broadway cast of Hamilton,"417,000"
"6,536",Goodnight n Go,Ariana Grande,"417,000"
"6,537","Beautiful, Dirty, Rich",Lady Gaga,"416,000"
"6,538",Don't Tell Me (What Love Can Do),Van Halen,"416,000"
"6,539",Yah,Kendrick Lamar,"416,000"
"6,540",Hear Me Out,Exo,"416,000"
"6,541",Be Careful of My Heart,Tracy Chapman,"416,000"
"6,542",Clouds,One Direction,"416,000"
"6,543",Low,SZA,"416,000"
"6,544",Come Go With Me,The Beach Boys,"416,000"
"6,545",Right by My Side,Nicki Minaj ft. Chris Brown,"416,000"
"6,546",Santa Baby,Kylie Minogue,"416,000"
"6,547",Think for Yourself,The Beatles,"416,000"
"6,548",Never Felt This Way (Interlude),Alicia Keys,"416,000"
"6,549",Gato de Noche,Bad Bunny & Ñengo Flow,"416,000"
"6,550",My Little Love,Adele,"416,000"
"6,551",Slave to the Rhythm,Michael Jackson,"415,000"
"6,552",Hang On To Yourself,David Bowie,"415,000"
"6,553",Fantastic Voyage,David Bowie,"415,000"
"6,554",American Psycho II,Eminem,"415,000"
"6,555",She's Always In My Hair,Prince,"415,000"
"6,556",Burning In The Skies,Linkin Park,"415,000"
"6,557",Acróstico,Shakira,"415,000"
"6,558",Go Tell It On The Mountain,Garth Brooks,"415,000"
"6,559",Temporary Secretary,Paul McCartney,"415,000"
"6,560",Booty,Jennifer Lopez,"415,000"
"6,561",Waiting In The Weeds,Eagles,"415,000"
"6,562",Krippy Kush,Bad Bunny & Farruko ft. 21 Savage & Nicki Minaj & Rvssian,"414,000"
"6,563",Daydreamin',Ariana Grande,"414,000"
"6,564",Body Language,Queen,"414,000"
"6,565",My My,Seventeen,"414,000"
"6,566",Wake Me Up,Ed Sheeran,"414,000"
"6,567",Forever,Justin Bieber ft. Clever & Post Malone,"414,000"
"6,568",Used to Bad News,Boston,"413,000"
"6,569",Amiga,Roberto Carlos ft. Maria Bethânia,"413,000"
"6,570",I Don't Mind,Usher,"413,000"
"6,571",Shameless,The Weeknd,"413,000"
"6,572",Both Sides Now,Neil Diamond,"413,000"
"6,573",Cover You in Oil,AC/DC,"413,000"
"6,574",I Need You Tonight,Backstreet Boys,"413,000"
"6,575",If I Know Me,Morgan Wallen,"413,000"
"6,576",Major Distribution,21 Savage & Drake,"413,000"
"6,577",Ordinary Girl,Miley Cyrus,"412,000"
"6,578",Take It as It Comes,The Doors,"412,000"
"6,579",The Ties That Bind,Bruce Springsteen,"412,000"
"6,580",She's My Collar,Gorillaz ft. Kali Uchis,"412,000"
"6,581",American,Lana Del Rey,"412,000"
"6,582",Hats Of To (roy) Harper,Led Zeppelin,"412,000"
"6,583",Rockstar 101,Rihanna,"412,000"
"6,584",Take Back the Night,Justin Timberlake,"412,000"
"6,585",Man on the Edge,Iron Maiden,"412,000"
"6,586",Turn My Back on You,Sade,"412,000"
"6,587",All Because Of You,U2,"412,000"
"6,588",Hey Now,Kendrick Lamar ft. Dody6,"412,000"
"6,589",You Ain't Goin' Nowhere,Bob Dylan,"411,000"
"6,590",Solitude,Black Sabbath,"411,000"
"6,591",Monkey on My Back,Aerosmith,"411,000"
"6,592",Que Malo,Bad Bunny ft. Ñengo Flow,"411,000"
"6,593",Kamikaze,Eminem,"411,000"
"6,594",Who Would Imagine a King,Whitney Houston,"411,000"
"6,595",Comin' In and Out of Your Life,Barbra Streisand,"410,000"
"6,596",Had Enough,Don Toliver ft. Offset & Quavo,"410,000"
"6,597",Father and Daughter,Paul Simon,"410,000"
"6,598",Knock Me Down,Red Hot Chili Peppers,"410,000"
"6,599",Wacced Out Murals,Kendrick Lamar,"410,000"
"6,600",Session,Linkin Park,"410,000"
"6,601",Teenage Love Affair,Alicia Keys,"410,000"
"6,602",Not Too Late,Norah Jones,"410,000"
"6,603",Haunt Me,Sade,"409,000"
"6,604",Fucked My Way Up to the Top,Lana Del Rey,"409,000"
"6,605",The Other Woman,Lana Del Rey,"409,000"
"6,606",Just Want You to Know,Backstreet Boys,"409,000"
"6,607",Peekaboo,Kendrick Lamar ft. AzChike,"409,000"
"6,608",Women in Love...,Van Halen,"409,000"
"6,609",Bad Boy Boogie,AC/DC,"409,000"
"6,610",Long Time Comin',Bruce Springsteen,"409,000"
"6,611",Fight for All the Wrong Reasons,Nickelback,"409,000"
"6,612",Champions,"2 Chainz & Big Sean & Desiigner & Gucci Mane & Kanye West & Quavo, & Travis Scott & Yo Gotti","409,000"
"6,613",Without You,Lana Del Rey,"409,000"
"6,614",Another Star,Stevie Wonder,"409,000"
"6,615",Next to Me,Imagine Dragons,"409,000"
"6,616",A.M.,One Direction,"409,000"
"6,617",Straight Through My Heart,Backstreet Boys,"409,000"
"6,618",Music Keeps Me Dancin',Tina Turner,"409,000"
"6,619",1+1,Beyonce,"408,000"
"6,620",Spaces,One Direction,"408,000"
"6,621",Smile,The Weeknd,"408,000"
"6,622",The Unnamed Feeling,Metallica,"408,000"
"6,623",Burn,Broadway cast of Hamilton,"408,000"
"6,624",Hooked on the Memory of You,Kim Carnes & Neil Diamond,"408,000"
"6,625",I Want a Little Girl,Eric Clapton,"408,000"
"6,626",Je veux te graver dans ma vie,Johnny Hallyday,"408,000"
"6,627",W.T.P.,Eminem,"407,000"
"6,628",Milk It,Nirvana,"407,000"
"6,629",Ramblin' On My Mind,John Mayall & The Bluesbreakers,"407,000"
"6,630",Don't Talk (Put Your Head on My Shoulder),The Beach Boys,"407,000"
"6,631",Finally Found You,Enrique Iglesias,"407,000"
"6,632",Leave A Light On,Garth Brooks,"407,000"
"6,633",A Little Too Much,Shawn Mendes,"407,000"
"6,634",Given the Dog a Bone,AC/DC,"407,000"
"6,635","Caroline, No",The Beach Boys,"407,000"
"6,636",Sparks,The Who,"407,000"
"6,637",Dark Side,Kelly Clarkson,"407,000"
"6,638",Speechless,Michael Jackson,"407,000"
"6,639",Wish I Could,Norah Jones,"407,000"
"6,640",Black Country Woman,Led Zeppelin,"407,000"
"6,641",Frosty the Snowman,Bing Crosby,"407,000"
"6,642",Youngstown,Bruce Springsteen,"406,000"
"6,643",When It Hurts So Bad,Lauryn Hill,"406,000"
"6,644",Secret,Maroon 5,"406,000"
"6,645",Martha My Dear,The Beatles,"406,000"
"6,646",Waterfalls,Paul McCartney,"406,000"
"6,647",Fireside,Arctic Monkeys,"406,000"
"6,648",Drink You Away,Justin Timberlake,"406,000"
"6,649",The Love Club,Lorde,"406,000"
"6,650",Twenty Eight,The Weeknd,"406,000"
"6,651",Further on Up the Road,Eric Clapton,"406,000"
"6,656",Today I Sing the Blues,Aretha Franklin,"405,000"
"6,657",Joseph Dear Oh Joseph Mine,Mannheim Steamroller,"405,000"
"6,658",Sunday Morning Call,Oasis,"405,000"
"6,659",Little White Lies,One Direction,"405,000"
"6,660",Try And Love Again,Eagles,"405,000"
"6,661",The End Of The Line,Metallica,"405,000"
"6,662",King of Dreams,Deep Purple,"405,000"
"6,663",Who You Are,Pearl Jam,"405,000"
"6,652",I Ain't Gonna Stand for It,Stevie Wonder,"405,000"
"6,653",You're No Good,Van Halen,"405,000"
"6,654",Superstar,Usher,"405,000"
"6,655",That's Hilarious,Charlie Puth,"405,000"
"6,664",Come Back Be Here,Taylor Swift,"404,000"
"6,665",O Baile Da fazenda,Roberto Carlos,"404,000"
"6,666",The Old Laughing Lady,Neil Young,"404,000"
"6,667",Butterflyz,Alicia Keys,"404,000"
"6,668",The Kiss of Venus,Paul McCartney,"404,000"
"6,669","Die, Die My Darling",Metallica,"404,000"
"6,670",Loft Music,The Weeknd,"404,000"
"6,671",Without Love,Aretha Franklin,"404,000"
"6,672",X&Y,Coldplay,"404,000"
"6,673",Nearer My God to Thee,Titanic,"404,000"
"6,674",Lil Freak,Usher,"404,000"
"6,675",Ballad of a Thin Man,Bob Dylan,"404,000"
"6,676",Won't Be Long,Aretha Franklin,"404,000"
"6,677",Joining You,Alanis Morissette,"403,000"
"6,678",Love You Goodbye,One Direction,"403,000"
"6,679",Highway Don't Care,Tim McGraw & Taylor Swift,"403,000"
"6,680",Happiness,Taylor Swift,"403,000"
"6,681",Intro: Boy Meets Evil,BTS,"403,000"
"6,682",Como un Bebé,Bad Bunny & J Balvin ft. Mr Eazi,"403,000"
"6,683",I Feel So Bad,Elvis Presley,"403,000"
"6,684",Me Gusta,Anuel AA & Shakira,"403,000"
"6,685",Redemption,Drake,"402,000"
"6,686",Midnight Flyer,Eagles,"402,000"
"6,687",Nah!,Shania Twain,"402,000"
"6,688",Unknown Legend,Neil Young,"402,000"
"6,689",Us Against The World,Coldplay,"402,000"
"6,690",Free Four,Pink Floyd,"402,000"
"6,691",Visions,Stevie Wonder,"402,000"
"6,692",Christmas Sweet: Carol of the Birds,Mannheim Steamroller,"402,000"
"6,693",Blue Hawaii,Elvis Presley,"402,000"
"6,694",Here Comes The Night,David Bowie,"402,000"
"6,695",Christmas Lights,Coldplay,"402,000"
"6,696",Love to Lay,The Weeknd,"402,000"
"6,697",To Be So Lonely,Harry Styles,"401,000"
"6,698",Watch That Man,David Bowie,"401,000"
"6,699",Coco Chanel,Bad Bunny & Eladio Carrión,"401,000"
"6,700",Cyber Sex,Doja Cat,"401,000"
"6,701",See Saw,Aretha Franklin,"401,000"
"6,702",Girls Just Wanna Have Fun,Miley Cyrus,"401,000"
"6,703",I Was Here,Beyonce,"401,000"
"6,704",Soul Shakedown Party,Bob Marley,"401,000"
"6,705",Bring the Boys Back Home,Pink Floyd,"401,000"
"6,706",Don't Turn Off the Lights,Enrique Iglesias,"401,000"
"6,707",Sunshine of Your Love,Jimi Hendrix,"401,000"
"6,708",God,John Lennon,"401,000"
"6,709",It's in Your Eyes,Phil Collins,"401,000"
"6,710",Cadillac Ranch,Bruce Springsteen,"401,000"
"6,711",Don't Call Me Angel,Lana Del Rey,"401,000"
"6,712",The Friendly Beasts,Garth Brooks,"400,000"
"6,713",Life Is Worth Living,Justin Bieber,"400,000"
"6,714",No Mundo da Lua,Xuxa,"400,000"
"6,715",Hallo Spaceboy,David Bowie,"400,000"
"6,716",Alberta,Eric Clapton,"400,000"
"6,717",Suffer Well,Depeche Mode,"400,000"
"6,718",Who the Cap Fit (aka Man To Man),Bob Marley,"400,000"
"6,719",Tonight I'll Be Staying Here with You,Bob Dylan,"399,000"
"6,720",Fear,Kendrick Lamar,"399,000"
"6,721",Tormenta,Gorillaz,"399,000"
"6,722",Two of Us,Supertramp,"399,000"
"6,723",Belleau Wood,Garth Brooks,"399,000"
"6,724",Trust Issues,Drake,"399,000"
"6,725",O Circo,Xuxa,"399,000"
"6,726",Cymbaline,Pink Floyd,"399,000"
"6,727",Roads Untraveled,Linkin Park,"399,000"
"6,728",Be Quick or Be Dead,Iron Maiden,"399,000"
"6,729",Like Smoke,Amy Winehouse,"399,000"
"6,730",Freakum Dress,Beyonce,"399,000"
"6,731",Tears on My Pillow,Kylie Minogue,"399,000"
"6,732",Just Like Belgium,Elton John,"399,000"
"6,733","Love, in Itself",Depeche Mode,"399,000"
"6,734",I Couldn't Love You More,Sade,"398,000"
"6,735",I'll Be Seeing You,Rod Stewart & Faces,"398,000"
"6,736",Real Friends,Kanye West,"398,000"
"6,737",Intruder,Van Halen,"398,000"
"6,738",Physical Attraction,Madonna,"398,000"
"6,739",One of the Few,Pink Floyd,"398,000"
"6,740",One Shot 2 Shot,Eminem,"397,000"
"6,741",Americano,Lady Gaga,"397,000"
"6,742",To Love Somebody,Michael Bublé,"397,000"
"6,743",Save Me,Fleetwood Mac,"397,000"
"6,744",My Favorite Things,The Supremes,"397,000"
"6,745",Rain,Seventeen,"397,000"
"6,746",Fire Your Guns,AC/DC,"397,000"
"6,747",Nothing as It Seems,Pearl Jam,"397,000"
"6,748",G.I. Blues,Elvis Presley,"397,000"
"6,749",Buckets of Rain,Bob Dylan,"397,000"
"6,750",Too Much Monkey Business,Elvis Presley,"397,000"
"6,751",Crazy Over You,Blackpink,"397,000"
"6,752",Talk About the Passion,R.E.M.,"397,000"
"6,753",Takin' Shots,Post Malone,"397,000"
"6,754",Drive Slow,Kanye West,"397,000"
"6,755",Tennessee Fan,Morgan Wallen,"397,000"
"6,756",Fits Ya Good,Bryan Adams,"396,000"
"6,757",TSU,Drake,"396,000"
"6,758",Bed of Lies,Nicki Minaj ft. Skylar Grey,"396,000"
"6,759",United in Love,Commodores,"396,000"
"6,760",Said It All,Take That,"396,000"
"6,761",Hurt,Elvis Presley,"396,000"
"6,762",Don't You Worry,Black Eyed Peas & David Guetta & Shakira,"396,000"
"6,763",Get Him Back!,Olivia Rodrigo,"396,000"
"6,764","River Deep, Mountain High",The Supremes,"396,000"
"6,765",Side of a Bullet,Nickelback,"396,000"
"6,766",Eternity,Robbie Williams,"396,000"
"6,767",Switch 625,Def Leppard,"396,000"
"6,768",Straight Up & Down,Bruno Mars,"395,000"
"6,769",I Can't See Nobody,Bee Gees,"395,000"
"6,770",Lolita,Lana Del Rey,"395,000"
"6,771",My Mistake (Was to Love You),Diana Ross & Marvin Gaye,"395,000"
"6,772",Greatest,Eminem,"395,000"
"6,773",Until the End,Norah Jones,"395,000"
"6,774",You Keep On Moving,Deep Purple,"395,000"
"6,775",Untitled 07 | 2014 - 2016,Kendrick Lamar,"395,000"
"6,776",Sweetener,Ariana Grande,"395,000"
"6,777",New Rose,Guns N' Roses,"395,000"
"6,778",Walk All Over You,AC/DC,"395,000"
"6,779",Toes,Norah Jones,"395,000"
"6,780",Fetish,Selena Gomez,"395,000"
"6,781",I'm Gonna Be,Post Malone,"395,000"
"6,782",Circo Loco,21 Savage & Drake,"395,000"
"6,783",Heaven,Depeche Mode,"395,000"
"6,784",Stay Stay Stay,Taylor Swift,"395,000"
"6,785",Golden Lady,Stevie Wonder,"395,000"
"6,786",What a Fool Believes,Aretha Franklin,"395,000"
"6,787",Good Enough,Evanescence,"394,000"
"6,788",Made in the USA,Demi Lovato,"394,000"
"6,789",Iron Hand,Dire Straits,"394,000"
"6,790",How Did I Fall in Love with You,Backstreet Boys,"394,000"
"6,791",Bed,Nicki Minaj ft. Ariana Grande,"394,000"
"6,792",Bargain,The Who,"394,000"
"6,793",Sysyphus (Part 1),Pink Floyd,"394,000"
"6,794",Under the God,David Bowie,"394,000"
"6,795",Let Your Soul Be Your Pilot,Sting,"394,000"
"6,796",Let Me Try Again,Frank Sinatra,"394,000"
"6,797",If I Had,Eminem,"394,000"
"6,798",Free & Easy,Ayumi Hamasaki,"394,000"
"6,799",Runnin' Blue,The Doors,"394,000"
"6,800",You Go to My Head,Rod Stewart & Faces,"393,000"
"6,801",Madison Blues,Fleetwood Mac,"393,000"
"6,802",I Love the Lord,Whitney Houston,"393,000"
"6,803",Bang Bang,Green Day,"393,000"
"6,804",I'm Goin In,Drake ft. Lil Wayne & Young Jeezy,"393,000"
"6,805",Who Gon Stop Me,Kanye West,"393,000"
"6,806",These Three Words,Stevie Wonder,"393,000"
"6,807",Amsterdam,Imagine Dragons,"393,000"
"6,808",The Coast,Paul Simon,"393,000"
"6,809",The Hero's Return,Pink Floyd,"393,000"
"6,810",My Valentine,Paul McCartney,"393,000"
"6,811",SDP Interlude,Travis Scott,"393,000"
"6,812",Road to Nowhere,Ozzy Osbourne,"392,000"
"6,813",Babylon System,Bob Marley,"392,000"
"6,814",The Narrow Way (Part 3),Pink Floyd,"392,000"
"6,815",Nobody Compares,One Direction,"392,000"
"6,816",Amsterdam,Coldplay,"392,000"
"6,817",Isobel,Björk,"392,000"
"6,818",Mourning,Post Malone,"392,000"
"6,819",Vanishing,Mariah Carey,"392,000"
"6,820",Monkberry Moon Delight,Linda McCartney & Paul McCartney,"392,000"
"6,821",J'la Croise Tous Les Matins,Johnny Hallyday,"392,000"
"6,822",I Can't Read,David Bowie,"392,000"
"6,823",Leave a Tender Moment Alone,Billy Joel,"392,000"
"6,824",Ratha Be Ya Nigga,2Pac,"392,000"
"6,825",Perro Negro,Bad Bunny,"392,000"
"6,826",Here We Go Again,Demi Lovato,"392,000"
"6,827",Hair of the Dog,Guns N' Roses,"392,000"
"6,828",Next To You,Justin Bieber,"392,000"
"6,829",Only You,Commodores,"392,000"
"6,830",Lady Stardust,David Bowie,"391,000"
"6,831",Be the Realist,2Pac,"391,000"
"6,832",Patient,Post Malone,"391,000"
"6,833",Anthem,Neil Diamond,"391,000"
"6,834",Have Yourself a Merry Little Christmas,Barbra Streisand,"391,000"
"6,835",The Sun & the Rainfall,Depeche Mode,"391,000"
"6,836",A Pain That I'm Used To,Depeche Mode,"391,000"
"6,837",The Future,Prince,"391,000"
"6,838",Part-Time Love,Elton John,"391,000"
"6,839",Song for Someone,U2,"391,000"
"6,840",Trance,Metro Boomin & Travis Scott & Young Thug,"391,000"
"6,841",Garden,Pearl Jam,"391,000"
"6,842",Non-Stop,Broadway cast of Hamilton,"390,000"
"6,843",Big Shot,Kendrick Lamar & Travis Scott,"390,000"
"6,844",He's Misstra Know-It-All,Stevie Wonder,"390,000"
"6,845",La Belle Dame Sans Regrets,Sting,"390,000"
"6,846",Runaway,Ed Sheeran,"390,000"
"6,847",Gold,Imagine Dragons,"390,000"
"6,848",Sneakin',Drake ft. 21 Savage,"390,000"
"6,849",No track (Some Kind Of Monster),Metallica,"390,000"
"6,850",Child of Vision,Supertramp,"390,000"
"6,851",No song,Radiohead,"390,000"
"6,852",Joints & Jam,Black Eyed Peas,"390,000"
"6,853",Off My Face,Justin Bieber,"390,000"
"6,854",Circus Maximus,Travis Scott ft. Swae Lee & the Weeknd,"390,000"
"6,855",Rev on the Red Line,Foreigner,"390,000"
"6,856",Goodbye to Romance,Ozzy Osbourne,"389,000"
"6,857",Better Man,Taylor Swift,"389,000"
"6,858",Think About You,Guns N' Roses,"389,000"
"6,859",Fake Smile,Ariana Grande,"389,000"
"6,860",Indifference,Pearl Jam,"389,000"
"6,861",With One More Look at You,Barbra Streisand,"388,000"
"6,862",Stay,Pink Floyd,"388,000"
"6,863",Queen Bitch,David Bowie,"388,000"
"6,864",Soul Love,David Bowie,"388,000"
"6,865",People Need Love,Abba,"388,000"
"6,866",Can't Take a Joke,Drake,"388,000"
"6,867",Coney Island,Taylor Swift ft. The National,"387,000"
"6,868",Put It On,Bob Marley,"387,000"
"6,869",Make Believe,Juice Wrld,"387,000"
"6,870",The Masterplan,Oasis,"387,000"
"6,871",The Coffee Song,Frank Sinatra,"387,000"
"6,872",The Story of O.J.,Jay-Z,"387,000"
"6,873",Hawkmoon 269,U2,"387,000"
"6,874",Scarlet Begonias,Sublime,"387,000"
"6,875",Bigger Than the Whole Sky,Taylor Swift,"387,000"
"6,876",Mr. Right,Garth Brooks,"387,000"
"6,877",Hot Patootie - Bless My Soul,Meat Loaf,"387,000"
"6,878",Rudolph The Red-Nosed Reindeer,Bing Crosby,"387,000"
"6,879",In My Bed,Amy Winehouse,"387,000"
"6,880",Very Ape,Nirvana,"387,000"
"6,881",She's a Woman,The Beatles,"387,000"
"6,882","Soco, Bate, Vira",Xuxa,"387,000"
"6,883",134340,BTS,"386,000"
"6,884",Lost in You,Rod Stewart & Faces,"386,000"
"6,885",Sun Goddess,"Earth,Wind & Fire & Ramsey Lewis","386,000"
"6,886",Don't Hurt Yourself,Beyonce,"386,000"
"6,887",Angel of Mercy,Dire Straits,"386,000"
"6,888",Because of Love,Janet Jackson,"386,000"
"6,889",Summer Wind,Michael Bublé,"386,000"
"6,890",Pop Song 89,R.E.M.,"386,000"
"6,891",My Apocalypse,Metallica,"386,000"
"6,892",Let the Music Do the Talking,Aerosmith,"386,000"
"6,893",The Shock Of The Lightning,Oasis,"386,000"
"6,894",That's All,Michael Bublé,"386,000"
"6,895",Eyes Open,Taylor Swift,"386,000"
"6,896",Look What I Found,Lady Gaga,"385,000"
"6,897",Mis Amores,Roberto Carlos,"385,000"
"6,898",No Sense,Justin Bieber,"385,000"
"6,899",The Needle and the Spoon,Lynyrd Skynyrd,"385,000"
"6,900",I Want It All,Arctic Monkeys,"385,000"
"6,901",Mother Nature's Son,The Beatles,"385,000"
"6,902",The Nearness of You,Frank Sinatra,"385,000"
"6,903",Chicken Shack,Ike & Tina Turner,"385,000"
"6,904",I Heard Love Is Blind,Amy Winehouse,"385,000"
"6,905",Maggie M'Gill,The Doors,"385,000"
"6,906",Funny How Time Slips Away,Elvis Presley,"385,000"
"6,907",Really,Blackpink,"385,000"
"6,908",The Train Kept A-Rollin',The Yardbirds,"385,000"
"6,912",I'm Your Man,Michael Bublé,"384,000"
"6,913",Te Deseo Lo Mejor,Bad Bunny,"384,000"
"6,914",Sue Me,Sabrina Carpenter,"384,000"
"6,915",Mad Sounds,Arctic Monkeys,"384,000"
"6,916",(This is) A Song for the Lonely,Cher,"384,000"
"6,917",Come Thru,Drake,"384,000"
"6,918",Grammys,Drake ft. Future,"384,000"
"6,919",I'm Glad,Jennifer Lopez,"384,000"
"6,920",Summer Sixteen,Drake,"384,000"
"6,921",Stand Up (Kick Love into Motion),Def Leppard,"384,000"
"6,909",Meet Me in the Hallway,Harry Styles,"384,000"
"6,910",A Love Supreme,Santana,"384,000"
"6,911",What Do I Do With My Heart,Eagles,"384,000"
"6,922",Swallowed In The Sea,Coldplay,"383,000"
"6,923",Tomorrow's Dream,Black Sabbath,"383,000"
"6,924",The Prettiest Star,David Bowie,"383,000"
"6,925",Hasta Mañana,Abba,"383,000"
"6,926",Candles,Juice Wrld,"383,000"
"6,927",Starin' Through My Rear View,2Pac,"383,000"
"6,928",Let's Go Get Stoned,Sublime,"383,000"
"6,929",Smile,Rod Stewart & Faces,"383,000"
"6,930",How Many Times (aka Do You Remember),Bob Marley,"383,000"
"6,931",Skitzo,Travis Scott ft. Young Thug,"383,000"
"6,932",Superstar,Lauryn Hill,"383,000"
"6,933",Desolation Row,Bob Dylan,"383,000"
"6,934",I'm a Boy,The Who,"383,000"
"6,935",Nina,Ed Sheeran,"383,000"
"6,936",New York City,John Lennon & Yoko Ono,"383,000"
"6,937",Independence Day,Bruce Springsteen,"383,000"
"6,938",Don't Wanna Break Up Again,Ariana Grande,"383,000"
"6,939",Just a Feeling,Maroon 5,"382,000"
"6,940",Take The Box,Amy Winehouse,"382,000"
"6,941",Show Me,Bruno Mars,"382,000"
"6,942",Peace,Norah Jones,"382,000"
"6,943",My Father's Gun,Elton John,"382,000"
"6,944",Escapar,Enrique Iglesias,"382,000"
"6,945",Right Hand,Drake,"382,000"
"6,946",Smile,Michael Jackson,"382,000"
"6,947",Coffee,BTS,"382,000"
"6,948",Lord of This World,Black Sabbath,"382,000"
"6,949",Sad,Maroon 5,"382,000"
"6,950",It's All Over Now,Rod Stewart & Faces,"382,000"
"6,951",The Narrow Way (Part 1),Pink Floyd,"382,000"
"6,952",Andromeda,Gorillaz ft. D.R.A.M.,"382,000"
"6,953",I'll Be Your Baby Tonight,Bob Dylan,"382,000"
"6,954",Plateau,Nirvana,"382,000"
"6,955",Blue Red and Grey,The Who,"382,000"
"6,956",My Same,Adele,"381,000"
"6,957",Ave Maria,Beyonce,"381,000"
"6,958",Let Me Go,Avril Lavigne,"381,000"
"6,959",Loved You First,One Direction,"381,000"
"6,960",Bang-A-Boomerang,Abba,"381,000"
"6,961",Surfin',The Beach Boys,"381,000"
"6,962",As Time Goes By,Rod Stewart & Faces,"381,000"
"6,963",Ain't That Some,Morgan Wallen,"381,000"
"6,964",Boys Boys Boys,Lady Gaga,"381,000"
"6,965",Fools,Van Halen,"381,000"
"6,966",Aldebaran,Enya,"381,000"
"6,967",Love in Store,Fleetwood Mac,"381,000"
"6,968",Someday I'll Be Saturday Night,Bon Jovi,"381,000"
"6,969",Dorothea,Taylor Swift,"380,000"
"6,970",Two! Three! (Still Wishing For Better Days),BTS,"380,000"
"6,971",Cold Shoulder,Garth Brooks,"380,000"
"6,972",A Wolf at the Door,Radiohead,"380,000"
"6,973",Gumboots,Paul Simon,"380,000"
"6,974",This Can't Be Life,Jay-Z,"380,000"
"6,975",Custard Pie,Led Zeppelin,"379,000"
"6,976",Champions,Kanye West,"379,000"
"6,977",Fuck the System,System of a Down,"379,000"
"6,978",Genio Atrapado,Christina Aguilera,"379,000"
"6,979",Dry Your Eyes,Neil Diamond,"379,000"
"6,980",I Do Not Hook Up,Kelly Clarkson,"379,000"
"6,981",The Way Old Friends Do,Abba,"379,000"
"6,982",Don't Miss You at All,Norah Jones,"379,000"
"6,983",Killshot,Eminem,"379,000"
"6,984",Otherside,Post Malone,"379,000"
"6,985",Light a Flame,Seventeen,"379,000"
"6,986",How Did It End?,Taylor Swift,"378,000"
"6,987",No More Parties in LA,Kanye West,"378,000"
"6,988",The Best Day,Taylor Swift,"378,000"
"6,989",Molina,Creedence Clearwater Revival,"378,000"
"6,990",Rubberneckin',Elvis Presley,"378,000"
"6,991",Father Time,Kendrick Lamar ft. Sampha,"378,000"
"6,992",Holy Ground,Taylor Swift,"378,000"
"6,993",War of the Hearts,Sade,"378,000"
"6,994",Sysyphus (Part 2),Pink Floyd,"378,000"
"6,995",Don't Go,Exo,"378,000"
"6,996",Jump Then Fall,Taylor Swift,"377,000"
"6,997",Sappy,Nirvana,"377,000"
"6,998",Flat on the Floor,Nickelback,"377,000"
"6,999",The Mule,Deep Purple,"377,000"
"7,000",There'd Better Be a Mirrorball,Arctic Monkeys,"377,000"
"7,001",Too Good to Say Goodbye,Bruno Mars,"377,000"
"7,002",Future Lovers,Madonna,"377,000"
"7,003",Paramedic!,Kendrick Lamar,"377,000"
"7,004",Til Further Notice,Travis Scott ft. 21 Savage & James Blake,"377,000"
"7,005",Crazier,Taylor Swift,"377,000"
"7,006",Anything at All,"Crosby, Stills & Nash","377,000"
"7,007",You Make Me Real,The Doors,"377,000"
"7,008",Honey Don't,The Beatles,"376,000"
"7,009",A Mess Of Blues,Elvis Presley,"376,000"
"7,010",My Everything,Ariana Grande,"376,000"
"7,011",Addicted,Amy Winehouse,"376,000"
"7,012",When,Shania Twain,"376,000"
"7,013",Fame,2Pac,"376,000"
"7,014",Addicted to Love,Tina Turner,"376,000"
"7,015",Say Goodbye Hollywood,Eminem,"376,000"
"7,016",Transformer Man,Neil Young,"376,000"
"7,017",Un Poco de Amor,Shakira,"376,000"
"7,018",Dust N' Bones,Guns N' Roses,"376,000"
"7,019",Maybe It's Time,Bradley Cooper,"376,000"
"7,020",Heartbeat,Carrie Underwood,"376,000"
"7,021",You're Gonna Make Me Lonesome When You Go,Bob Dylan,"375,000"
"7,022",What's It Gonna Be?!,Janet Jackson,"375,000"
"7,023",Encore,Jay-Z,"375,000"
"7,024",Start All Over,Miley Cyrus,"375,000"
"7,025",Anytime,Journey,"375,000"
"7,026",Molly's Lips,Nirvana,"375,000"
"7,027",Trivia: Love,BTS,"375,000"
"7,028",Goodbye,Billie Eilish,"375,000"
"7,029",Sweetest Devotion,Adele,"375,000"
"7,030",St. Patrick / Cú Chulainn / Oisin,Enya,"375,000"
"7,032",Lust,Kendrick Lamar,"375,000"
"7,033",Naked Eye,The Who,"375,000"
"7,034",Whole Lotta Love,Santana,"375,000"
"7,035",Just Like Tom Thumb's Blues,Bob Dylan,"374,000"
"7,036",Billie Bossa Nova,Billie Eilish,"374,000"
"7,037",Paris,Taylor Swift,"374,000"
"7,038",Hear About It Later,Van Halen,"374,000"
"7,039",Woman,Harry Styles,"374,000"
"7,040",Breaking Glass,David Bowie,"374,000"
"7,041",London Town,Wings,"374,000"
"7,042",Polk Salad Annie,Elvis Presley,"374,000"
"7,043",É de Chocolate,Xuxa,"374,000"
"7,044",Welcome to Heartbreak,Kanye West,"374,000"
"7,045",Not Alone Any More,Traveling Wilburys,"374,000"
"7,046",Subterranean Homesick Alien,Radiohead,"374,000"
"7,047",Untitled 02 | 06.23.2014.,Kendrick Lamar,"373,000"
"7,048",I've Forgotten Everything,Phil Collins,"373,000"
"7,049",Sad Beautiful Tragic,Taylor Swift,"373,000"
"7,050",Be Still My Beating Heart,Sting,"373,000"
"7,051",How You Ever Gonna Know,Garth Brooks,"373,000"
"7,052",Roses,Juice Wrld,"373,000"
"7,053",Money Made Me Do It,Post Malone ft. 2 Chainz,"373,000"
"7,054",Signs of Life,Pink Floyd,"373,000"
"7,055",The Black Dog,Taylor Swift,"373,000"
"7,056",Preach,Drake ft. PartyNextDoor,"372,000"
"7,057",I Wish You Love,Rod Stewart & Faces,"372,000"
"7,058",Don't Think of Me,Dido,"372,000"
"7,059",Burning Bridges,Garth Brooks,"372,000"
"7,060",Imaginary Players,Jay-Z,"372,000"
"7,061",Brownsville Girl,Bob Dylan,"372,000"
"7,062",Tell Me Why,Elvis Presley,"372,000"
"7,063",Talkin' Tennessee,Morgan Wallen,"372,000"
"7,064",Summertime Blues,The Who,"372,000"
"7,065",Sure,Take That,"372,000"
"7,066",Santa Looked A Lot Like Daddy,Garth Brooks,"372,000"
"7,067",The Girl of My Best Friend,Elvis Presley,"372,000"
"7,068",Alive,Black Eyed Peas,"372,000"
"7,069",Who? What!,Travis Scott,"372,000"
"7,070",You Got That Right,Lynyrd Skynyrd,"372,000"
"7,071",Prelude to the End of the Game,Sting,"371,000"
"7,072","Baby, It's Cold Outside",Rod Stewart & Faces,"371,000"
"7,073",Boogie Child,Bee Gees,"371,000"
"7,074",Scared of Love,Juice Wrld,"371,000"
"7,075",Motive,Doja Cat,"371,000"
"7,076",War?,System of a Down,"371,000"
"7,077",Electric Funeral,Black Sabbath,"371,000"
"7,078",Gettin' Ready for Love,Diana Ross,"371,000"
"7,079",Megalomania,Black Sabbath,"371,000"
"7,080",For The Good Times,Elvis Presley,"371,000"
"7,081",The House That Jack Built,Aretha Franklin,"371,000"
"7,082",Gang Gang,JackBoys & Sheck Wes,"371,000"
"7,083",Tattooed Heart,Ariana Grande,"371,000"
"7,084",Evil,"Earth,Wind & Fire","371,000"
"7,085",I Am a Child,Buffalo Springfield,"370,000"
"7,086",Bound to You,Christina Aguilera,"370,000"
"7,087",Nightcrawler,Travis Scott ft. Chief Keef & Swae Lee,"370,000"
"7,088",All I Can Do Is Write About It,Lynyrd Skynyrd,"370,000"
"7,089",Black Moon,Black Sabbath,"370,000"
"7,090",You're Lost Little Girl,The Doors,"370,000"
"7,091",Come,Prince,"370,000"
"7,092",O Green World,Gorillaz,"370,000"
"7,093",Bye Me Fui,Bad Bunny,"370,000"
"7,094",Babyfather,Sade,"370,000"
"7,095",I Want You,Madonna,"370,000"
"7,096",Drip,Cardi B,"370,000"
"7,097",Eight Easy Steps,Alanis Morissette,"370,000"
"7,098",Where's The Party,Madonna,"370,000"
"7,099",Tomorrow,BTS,"369,000"
"7,100",Lucille,Paul McCartney,"369,000"
"7,101",This Velvet Glove,Red Hot Chili Peppers,"369,000"
"7,102",You're All I Need to Get By,Aretha Franklin,"369,000"
"7,103",My Favorite Things,Kelly Clarkson,"369,000"
"7,104",Nice Guys Finish Last,Green Day,"369,000"
"7,105",Cruel World,Lana Del Rey,"369,000"
"7,106",Only You Know And I Know,Eric Clapton,"369,000"
"7,107",Wow,Kylie Minogue,"369,000"
"7,108",Pero Me Acuerdo de Ti,Christina Aguilera,"369,000"
"7,109",Big Lie,Post Malone,"369,000"
"7,110",Nobody Loves You (When You're Down and Out),John Lennon,"368,000"
"7,111",Precious Lord,Aretha Franklin,"368,000"
"7,112",Just Pretend,Elvis Presley,"368,000"
"7,113",Sleep in Heavenly Peace (Silent Night),Barbra Streisand,"368,000"
"7,114",Maze,Juice Wrld,"368,000"
"7,115",Prisoner,The Weeknd,"368,000"
"7,116",Life Is a Lemon and I Want My Money Back,Meat Loaf,"368,000"
"7,117",I've Got the World on a String,Michael Bublé,"368,000"
"7,118",25/8,Bad Bunny,"368,000"
"7,119",Soul Cake,Sting,"368,000"
"7,120",There's Always Me,Elvis Presley,"368,000"
"7,121",I'll Remember You,Elvis Presley,"367,000"
"7,122",Wet Sand,Red Hot Chili Peppers,"367,000"
"7,123",Ain't That Loving You Baby,Elvis Presley,"367,000"
"7,124",The Warmth of the Sun,The Beach Boys,"367,000"
"7,125",Puke,Eminem,"367,000"
"7,126",White Queen (As It Began),Queen,"367,000"
"7,127",Les Bobos,Renaud,"367,000"
"7,128",2 Bad,Michael Jackson,"367,000"
"7,129",Maria I'm Drunk,Travis Scott ft. Justin Bieber & Young Thug,"367,000"
"7,130",Mr. Jack,System of a Down,"367,000"
"7,131",Sunrise (Love Is All),Ayumi Hamasaki,"367,000"
"7,132",For the Greater Good of God,Iron Maiden,"367,000"
"7,133",Emotionless,Drake,"367,000"
"7,134",Pretty Please,Dua Lipa,"367,000"
"7,135",Salvatore,Lana Del Rey,"367,000"
"7,136",KMT,Drake ft. Giggs,"366,000"
"7,137",Never Ever,Ayumi Hamasaki,"366,000"
"7,138",Right Hand Man,Broadway cast of Hamilton,"366,000"
"7,139",What to Do?,JackBoys & Travis Scott ft. Don Toliver,"366,000"
"7,140",Just A Little Bit Of Your Heart,Ariana Grande,"366,000"
"7,141",Crazy Mary,Pearl Jam,"366,000"
"7,142",I'm So Sorry,Imagine Dragons,"366,000"
"7,143",Heaven Can Wait,Michael Jackson,"366,000"
"7,144",Girlfriend,Alicia Keys,"366,000"
"7,145",Red Hill Mining Town,U2,"366,000"
"7,146",Mother Love,Queen,"366,000"
"7,147",Please Come Out Tonight,Phil Collins,"366,000"
"7,148",Whisper,Evanescence,"366,000"
"7,149",Blue Sunday,The Doors,"366,000"
"7,150",Me & Mrs. You,Michael Bublé,"366,000"
"7,151",Blue Moon of Kentucky,Elvis Presley,"365,000"
"7,152",No Creo,Shakira,"365,000"
"7,153",You Better Sit Down Kids,Cher,"365,000"
"7,154",Me and Sarah Jane,Genesis,"365,000"
"7,155",Do You Like the Way,Santana,"365,000"
"7,156",And I Love You So,Elvis Presley,"365,000"
"7,157",Isis,Bob Dylan,"365,000"
"7,158",I Am Moana (Song of the Ancestors),Various Artists,"365,000"
"7,159",Sugar Wraith,Post Malone,"365,000"
"7,160",Death And All His Friends,Coldplay,"365,000"
"7,161",Hey God,Bon Jovi,"365,000"
"7,162","Yeah, I Said It",Rihanna,"365,000"
"7,163",Fight Like a Brave,Red Hot Chili Peppers,"365,000"
"7,164",Love Song,Lana Del Rey,"365,000"
"7,165",Only When I Lose Myself,Depeche Mode,"365,000"
"7,168",Domino,Genesis,"364,000"
"7,169",Run Away with Me,Carly Rae Jepsen,"364,000"
"7,170",I Need You,Lynyrd Skynyrd,"364,000"
"7,171",I Do,Cardi B,"364,000"
"7,172",Rich Baby Daddy,Drake ft. Sexyy Red & SZA,"364,000"
"7,173",Two Hearts,Bruce Springsteen,"364,000"
"7,174",True Story,Ariana Grande,"364,000"
"7,175",Imperfect Love,Seventeen,"364,000"
"7,176",Tutti Frutti,Elvis Presley,"364,000"
"7,177",Antes Que Se Acabe,Bad Bunny,"364,000"
"7,166",Is That Alright?,Lady Gaga,"364,000"
"7,167",Bye Bye Love,Simon & Garfunkel,"364,000"
"7,178",Lost,BTS,"363,000"
"7,179",Pusher Love Girl,Justin Timberlake,"363,000"
"7,180",Waiting,Santana,"363,000"
"7,181",Where Were You,Journey,"363,000"
"7,182",Monochrome,Ayumi Hamasaki,"363,000"
"7,183",Somethin' Stupid,Michael Bublé,"363,000"
"7,184",Anything Goes,Lady Gaga & Tony Bennett,"363,000"
"7,185",Party for Two,Shania Twain,"363,000"
"7,186",The Sun,Maroon 5,"362,000"
"7,187",Let Me Take You Home Tonight,Boston,"362,000"
"7,188",Say Something,Justin Timberlake,"362,000"
"7,189",We March,Prince,"362,000"
"7,190",Ghost,2Pac,"362,000"
"7,191",Can'tcha Say (You Believe in Me)/Still in Love,Boston,"362,000"
"7,192",Ballad of a Dead Soulja,2Pac,"362,000"
"7,193",Brighton Rock,Queen,"362,000"
"7,194",Wake Up,Alanis Morissette,"362,000"
"7,195",Southampton Dock,Pink Floyd,"362,000"
"7,196",Ain't That a Kick in the Head,Robbie Williams,"361,000"
"7,197",Tell Me U Luv Me,Juice Wrld,"361,000"
"7,198",Crazy 'Bout You Baby,Ike & Tina Turner,"361,000"
"7,199",Reincarnated,Kendrick Lamar,"361,000"
"7,200",All Around the World or the Myth of Fingerprints,Paul Simon,"361,000"
"7,201",Forgotten,Avril Lavigne,"361,000"
"7,202",Pulling Teeth,Green Day,"361,000"
"7,203",May This Be Love,Jimi Hendrix Experience,"361,000"
"7,204",Waves Within,Santana,"360,000"
"7,205",Old-Fashion Love,Commodores,"360,000"
"7,206",I Ain't the One,Lynyrd Skynyrd,"360,000"
"7,207",No Tellin',Drake,"360,000"
"7,208",Ogre Battle,Queen,"360,000"
"7,209",Outrageous,Britney Spears,"360,000"
"7,210",I Could Die for You,Red Hot Chili Peppers,"360,000"
"7,211",Here She Comes,The Beach Boys,"360,000"
"7,212",Let Me Talk,"Earth,Wind & Fire","360,000"
"7,213",I Was Brought to My Senses,Sting,"360,000"
"7,214",I Wan'na Be Like You,Robbie Williams,"360,000"
"7,215",Diego Libre Dans Sa Tête,Johnny Hallyday,"360,000"
"7,216",Politician,Cream,"360,000"
"7,217",Honesty,Beyonce,"360,000"
"7,218",Get on Top,Red Hot Chili Peppers,"360,000"
"7,219",Diamond Ring,Bon Jovi,"360,000"
"7,220",Summer Bummer,Lana Del Rey,"360,000"
"7,221",Burning,Sam Smith,"360,000"
"7,222",Dodger Blue,Kendrick Lamar ft. Roddy Ricch & Siete7x & Wallie the Sensei,"360,000"
"7,223",A Man And A Woman,U2,"359,000"
"7,224",Eu Sou Terrível,Roberto Carlos,"359,000"
"7,225",Birds,Coldplay,"359,000"
"7,226",Search & Rescue,Drake,"359,000"
"7,227",Little Wing,Neil Young,"359,000"
"7,228",Bluebird,Paul McCartney & Wings,"359,000"
"7,229",Ritmo Total (Rhythm Divine),Enrique Iglesias,"359,000"
"7,230",DNA,Little Mix,"359,000"
"7,231",Sherry Darling,Bruce Springsteen,"359,000"
"7,232",Whoops Now,Janet Jackson,"359,000"
"7,233",Same in the End,Sublime,"359,000"
"7,234",That Was Just Your Life,Metallica,"358,000"
"7,235","Baby, Please Don't Go",AC/DC,"358,000"
"7,236",Dos Oruguitas,Various Artists,"358,000"
"7,237",Bad 'n' Ruin,Rod Stewart & Faces,"358,000"
"7,238",Winter Wonderland,Rod Stewart & Faces,"358,000"
"7,239",Lost in the Flood,Bruce Springsteen,"358,000"
"7,240",Eu Te Amo (And I Love Her),Roberto Carlos,"358,000"
"7,241",Better Days,Supertramp,"358,000"
"7,242",The Old Man's Back In Town,Garth Brooks,"358,000"
"7,243",The Party & The After Party,The Weeknd,"358,000"
"7,244",Holy Mountains,System of a Down,"358,000"
"7,245",Under Ground Kings,Drake,"357,000"
"7,246",Another Suitcase In Another Hall,Madonna,"357,000"
"7,247",All-American Bitch,Olivia Rodrigo,"357,000"
"7,248",Put On,Kanye West,"357,000"
"7,249",In and Out of Love,Diana Ross & The Supremes,"357,000"
"7,250",High 'n' Dry (Saturday Night),Def Leppard,"357,000"
"7,251",Never Too Far,Mariah Carey,"357,000"
"7,252",Pocahontas,Neil Young with Crazy Horse,"357,000"
"7,253",Overture,The Who,"357,000"
"7,254",Wu-Tang Forever,Drake,"356,000"
"7,255",New,No Doubt,"356,000"
"7,256",Nirvana,Sam Smith,"356,000"
"7,257",For You Blue,The Beatles,"356,000"
"7,258",Music and Me,Michael Jackson,"356,000"
"7,259",Pot-Pourri Nacional: O Sapo Não Lava o Pé / Minhoca / O Coelhinho,Xuxa,"356,000"
"7,260",How Will I Know,Sam Smith,"356,000"
"7,261",In the Bible,Drake ft. Giveon & Lil Durk,"356,000"
"7,262",It's a Dream,Neil Young,"356,000"
"7,263",No Holly for Miss Quinn,Enya,"356,000"
"7,264",Lucky,Radiohead,"356,000"
"7,265",To Be Loved,Adele,"356,000"
"7,266",Behind the Wall,Tracy Chapman,"355,000"
"7,267",What a Feeling,One Direction,"355,000"
"7,268",Prelude/Angry Young Man,Billy Joel,"355,000"
"7,269","Robbery, Assault and Battery",Genesis,"355,000"
"7,270",Coming Clean,Green Day,"355,000"
"7,271",You Send Me,Aretha Franklin,"355,000"
"7,272",Alô,Roberto Carlos,"355,000"
"7,273",Not a Dry Eye in the House,Meat Loaf,"355,000"
"7,274",The Best Damn Thing,Avril Lavigne,"355,000"
"7,275",Love Sex Magic,Justin Timberlake,"355,000"
"7,276",Forever,Mariah Carey,"355,000"
"7,277",Lightning Strikes,Aerosmith,"355,000"
"7,278",One World,Dire Straits,"355,000"
"7,279",Wicked World,Black Sabbath,"354,000"
"7,280",Spirit Voices,Paul Simon,"354,000"
"7,281",The Blacker the Berry,Kendrick Lamar,"354,000"
"7,282",Frosty the Snowman,The Beach Boys,"354,000"
"7,283","Nigga What, Nigga Who (Originator 99)",Jay-Z ft. Amil & Big Jaz,"354,000"
"7,284",Attack on Bangtan,BTS,"354,000"
"7,285",Together,Seventeen,"354,000"
"7,286",I'm Losing You,John Lennon,"354,000"
"7,287",April,Deep Purple,"354,000"
"7,288",Jesus Loves Me,Whitney Houston,"353,000"
"7,289",My World,Bee Gees,"353,000"
"7,290",Cheating on You,Charlie Puth,"353,000"
"7,291",Family Man,Fleetwood Mac,"353,000"
"7,292",Love So Soft,Kelly Clarkson,"353,000"
"7,293",Chump,Green Day,"353,000"
"7,294",Unite!,Ayumi Hamasaki,"353,000"
"7,295",You Lost Me,Christina Aguilera,"353,000"
"7,296",Dodo / Lurker,Genesis,"353,000"
"7,297",Blame It on Me,Post Malone,"353,000"
"7,298",Get Em High,Kanye West,"353,000"
"7,299",Dangerous,Morgan Wallen,"353,000"
"7,300",What Am I Gonna Do (I'm So in Love with You),Rod Stewart & Faces,"352,000"
"7,301",This Is Where I Came In,Bee Gees,"352,000"
"7,302",Key to the Highway,Derek and the Dominos,"352,000"
"7,303",All My Love,Seventeen,"352,000"
"7,304",Bad Guy,Eminem,"352,000"
"7,305",Above Ground,Norah Jones,"352,000"
"7,306",Dont Call Me Angel (Charlies Angels),Miley Cyrus,"352,000"
"7,307",That Old Black Magic,Frank Sinatra,"352,000"
"7,308",Follow Me Home,Dire Straits,"351,000"
"7,309",Rosie's Lullaby,Norah Jones,"351,000"
"7,310",Noël Interdit,Johnny Hallyday,"351,000"
"7,311",Tô De Bem Com A Vida,Xuxa,"351,000"
"7,312",Once in a Lifetime,One Direction,"351,000"
"7,313",It's Gotta Be You,Backstreet Boys,"351,000"
"7,314",Heartbeat,Enrique Iglesias,"351,000"
"7,315",Dream a Little Dream of Me,Bing Crosby,"351,000"
"7,316",Respect,BTS,"351,000"
"7,317",Forever Loving Jah,Bob Marley,"351,000"
"7,318",Don't Want You Back,Backstreet Boys,"351,000"
"7,319",Body Electric,Lana Del Rey,"351,000"
"7,320",Seek & Destroy,SZA,"351,000"
"7,321",Are You Ready for the Country?,Neil Young,"350,000"
"7,322",Till There Was You,Rod Stewart & Faces,"350,000"
"7,323",If This Was A Movie,Taylor Swift,"350,000"
"7,324",Devil in Her Heart,The Beatles,"350,000"
"7,325",Ring-a-Ding Ding!,Frank Sinatra,"350,000"
"7,326",Cemeteries Of London,Coldplay,"350,000"
"7,327",Let Me Hear You Scream,Ozzy Osbourne,"350,000"
"7,328",Gone Hollywood,Supertramp,"350,000"
"7,329",Something to Believe In,Bon Jovi,"350,000"
"7,330",They Don't Give a Fuck About Us,2Pac,"350,000"
"7,331",The Ways,Kendrick Lamar,"350,000"
"7,332",You Make Me Feel So Young,Michael Bublé,"350,000"
"7,333",Jesus Doesn't Want Me For A Sunbeam,Nirvana,"349,000"
"7,334",Future Nostalgia,Dua Lipa,"349,000"
"7,335",Wasting My Hate,Metallica,"349,000"
"7,336",Tryin' To Throw Your Arms Around The World,U2,"349,000"
"7,337",Kemba Walker,Bad Bunny & Eladio Carrión,"349,000"
"7,338",Heaven's Cloud,Seventeen,"349,000"
"7,339",Let Me Love You like a Woman,Lana Del Rey,"349,000"
"7,340",Ruin,Shawn Mendes,"349,000"
"7,341",Amazing Grace,Diana Ross,"349,000"
"7,342",Swagga Like Us,Jay-Z & T.I. ft. Kanye West & Lil Wayne,"349,000"
"7,343",Carla/Etude,Elton John,"349,000"
"7,344",The Ides of March,Iron Maiden,"349,000"
"7,345",Thursday's Child,David Bowie,"348,000"
"7,346",Where Are We Now?,David Bowie,"348,000"
"7,347",Women,Foreigner,"348,000"
"7,348",The Night I Called The Old Man Out,Garth Brooks,"348,000"
"7,349",Always on My Mind,Michael Bublé,"348,000"
"7,350",Rock Me,Abba,"348,000"
"7,351",Stay High,Juice Wrld,"348,000"
"7,352",Circles,Seventeen,"348,000"
"7,353",When Am I Going to Make a Living,Sade,"348,000"
"7,354",Johnny Was,Bob Marley,"348,000"
"7,355",No Te Hagas,Bad Bunny & Jory Boy,"348,000"
"7,356",20 Something,SZA,"348,000"
"7,357",Money,Michael Jackson,"347,000"
"7,358",Until It's Gone,Linkin Park,"347,000"
"7,359",My Baby Left Me,Elvis Presley,"347,000"
"7,360",Carolina,Harry Styles,"347,000"
"7,361",42,Coldplay,"347,000"
"7,362",Eternal Caravan of Reincarnation,Santana,"347,000"
"7,363",Gypsy Woman,Santana,"347,000"
"7,364",Boogie Man,AC/DC,"347,000"
"7,365",The Look Of Love,Madonna,"347,000"
"7,366",May It Be,Enya,"347,000"
"7,367","Hi, Hi, Hi",Paul McCartney,"347,000"
"7,368",Getting Older,Billie Eilish,"347,000"
"7,369",Look What Youve Done,Drake,"347,000"
"7,370",Diamonds Dancing,Drake & Future,"347,000"
"7,371",Starts with Goodbye,Carrie Underwood,"347,000"
"7,372",Been Down So Long,The Doors,"347,000"
"7,373",I Finally Found Someone,Bryan Adams,"347,000"
"7,374",Blood on the Rooftops,Genesis,"347,000"
"7,375",My All,Ayumi Hamasaki,"346,000"
"7,376",Any Time at All,The Beatles,"346,000"
"7,377",Cracked Actor,David Bowie,"346,000"
"7,378",I Wonder (Departure),Abba,"346,000"
"7,379",Black Beauty,Lana Del Rey,"346,000"
"7,380",Get Your Filthy Hands Off My Desert,Pink Floyd,"346,000"
"7,381",Homecoming,Green Day,"346,000"
"7,382",I Don't Know Why,Imagine Dragons,"346,000"
"7,383",Get in the Ring,Guns N' Roses,"346,000"
"7,384",Things,Robbie Williams,"345,000"
"7,385",This Time,Tracy Chapman,"345,000"
"7,386",The Spy,The Doors,"345,000"
"7,387",From Where I Am,Enya,"345,000"
"7,388",Rock n Roll,Avril Lavigne,"345,000"
"7,389",Mary's Place,Bruce Springsteen,"345,000"
"7,390",Frosty the Snowman,Michael Bublé,"345,000"
"7,391",The Price of Love,Bon Jovi,"345,000"
"7,392",Born in Time,Bob Dylan,"345,000"
"7,393","Trash, Trampoline And The Party Girl",U2,"345,000"
"7,394",Bad Reputation,Shawn Mendes,"345,000"
"7,395",Higher Love,Depeche Mode,"345,000"
"7,396",I Think About Lovin' You,"Earth,Wind & Fire","345,000"
"7,397",Half Time,Amy Winehouse,"345,000"
"7,398",Express,Christina Aguilera,"345,000"
"7,399",Ribbon in the Sky,Stevie Wonder,"345,000"
"7,400",Love Language,SZA,"345,000"
"7,401","Bewitched, Bothered and Bewildered",Frank Sinatra,"345,000"
"7,402",Was I Right Or Wrong,Lynyrd Skynyrd,"345,000"
"7,403",Cold Rain,"Crosby, Stills & Nash","345,000"
"7,404",Goodbye,Miley Cyrus,"345,000"
"7,405",Bridge Burning,Foo Fighters,"345,000"
"7,406",Baby (You've Got What It Takes),Michael Bublé,"345,000"
"7,407",Hold My Liquor,Kanye West,"345,000"
"7,408",I Can't Believe What You Say,Ike & Tina Turner,"345,000"
"7,409",Brand New Me,Alicia Keys,"344,000"
"7,410",Went to See the Gypsy,Bob Dylan,"344,000"
"7,411",Daydreaming,Radiohead,"344,000"
"7,412",Voices Inside My Head,The Police,"344,000"
"7,413",Out the Blue,John Lennon,"344,000"
"7,414",I'll Be Fine,Juice Wrld,"344,000"
"7,415",One Last Song,Sam Smith,"344,000"
"7,416",Coisas Que Não Se Esquece,Roberto Carlos,"344,000"
"7,417",I'm Gonna Let My Heart Do the Walking,The Supremes,"344,000"
"7,424",Why You Wanna Trip on Me,Michael Jackson,"343,000"
"7,425",When You're In,Pink Floyd,"343,000"
"7,426","Kansas City/Hey, Hey, Hey, Hey",The Beatles,"343,000"
"7,427",Sail Away,Deep Purple,"343,000"
"7,428",Keep It Dark,Genesis,"343,000"
"7,429",Warning,Morgan Wallen,"343,000"
"7,418",Guilty All The Same,Linkin Park,"343,000"
"7,419",This Time Around,Michael Jackson,"343,000"
"7,420",Change Your Ticket,One Direction,"343,000"
"7,421",Ghetto Gospel,Elton John,"343,000"
"7,422",Mannish Boy,Jimi Hendrix,"343,000"
"7,423",Sail to the Moon,Radiohead,"343,000"
"7,430",A Place with No Name,Michael Jackson,"342,000"
"7,431",Living In A House Divided,Cher,"342,000"
"7,432",Still the One,One Direction,"342,000"
"7,433",If You Wear That Velvet Dress,U2,"342,000"
"7,434",Untouchable,Taylor Swift,"342,000"
"7,435","Merry Christmas, Baby",Rod Stewart & Faces,"342,000"
"7,436",17 Days,Prince,"342,000"
"7,437",After Forever,Black Sabbath,"342,000"
"7,438",Empire,Shakira,"342,000"
"7,439",Last Night On Earth,U2,"342,000"
"7,440",All That Matters,Justin Bieber,"342,000"
"7,441",Someday at Christmas,Stevie Wonder,"342,000"
"7,442",Ireland,Garth Brooks,"342,000"
"7,443",Evacuee,Enya,"342,000"
"7,444",Burning Bridges,Pink Floyd,"342,000"
"7,445",Duncan,Paul Simon,"341,000"
"7,446",More Fool Me,Genesis,"341,000"
"7,447",The Meaning of Love,Depeche Mode,"341,000"
"7,448",Where I'm From,Jay-Z,"341,000"
"7,449",Some Days Are Better Than Others,U2,"341,000"
"7,450",5446 That's My Number/Ball and Chain,Sublime,"341,000"
"7,451",Songbird,Barbra Streisand,"341,000"
"7,452",Danger,Eric Clapton & J.J. Cale,"341,000"
"7,453",Those Kinda Nights,Eminem ft. Ed Sheeran,"341,000"
"7,454",Optimistic,Radiohead,"341,000"
"7,455",So Bad,Eminem,"340,000"
"7,456",Consider Me Gone,Sting,"340,000"
"7,457",Lord Is It Mine,Supertramp,"340,000"
"7,458",Just Good Friends,Michael Jackson,"340,000"
"7,459",Way Back,Travis Scott,"340,000"
"7,460",Rise Up,Imagine Dragons,"340,000"
"7,461",Walkabout,Red Hot Chili Peppers,"340,000"
"7,462",Letterbomb,Green Day,"340,000"
"7,463",Pa' Romperla,Bad Bunny & Don Omar,"340,000"
"7,464",It Had to Be You,Rod Stewart & Faces,"340,000"
"7,465",The Arms of Orion,Prince,"340,000"
"7,466",As the World Turns,Eminem,"339,000"
"7,467",The Bed's Too Big Without You,The Police,"339,000"
"7,468",Why Can't I Wake Up with You,Take That,"339,000"
"7,469",Does He Know?,One Direction,"339,000"
"7,470",The Things You Said,Depeche Mode,"339,000"
"7,471",Run,Taylor Swift ft. Ed Sheeran,"339,000"
"7,472",Alabama,Neil Young,"339,000"
"7,473",Back for You,One Direction,"339,000"
"7,474",Pa Ti,Bad Bunny ft. Bryant Myers,"339,000"
"7,475",Just Like Magic,Ariana Grande,"339,000"
"7,476",Calling All My Lovelies,Bruno Mars,"339,000"
"7,477",Married With Children,Oasis,"339,000"
"7,478",Swim,Madonna,"339,000"
"7,479",Ask Me Why,The Beatles,"338,000"
"7,480",The Battle Rages On,Deep Purple,"338,000"
"7,481",Mad Man Moon,Genesis,"338,000"
"7,482",Kill Rock 'n Roll,System of a Down,"338,000"
"7,483",R.E.M,Ariana Grande,"338,000"
"7,484",Milky White Way,Elvis Presley,"338,000"
"7,485",Long Road Out Of Eden,Eagles,"338,000"
"7,486",You All Over Me,Taylor Swift ft. Maren Morris,"338,000"
"7,487",I'm the Greatest Star,Barbra Streisand,"338,000"
"7,488",Modern Woman,Billy Joel,"338,000"
"7,489",Yorktown (The World Turned Upside Down),Broadway cast of Hamilton,"338,000"
"7,490",In the Blue of Evening,Frank Sinatra,"338,000"
"7,491",Brincar de Índio,Xuxa,"338,000"
"7,492",Demolition Man,The Police,"337,000"
"7,493",I Don't Have To Wonder,Garth Brooks,"337,000"
"7,494",Runaway Love,Justin Bieber,"337,000"
"7,495",Santa Claus Is Coming To Town,Justin Bieber,"337,000"
"7,496",Blue Velvet,Lana Del Rey,"337,000"
"7,497",Sleepy Time Time,Cream,"337,000"
"7,498",Cowboy Cadillac,Garth Brooks,"337,000"
"7,499",Roses,Shawn Mendes,"337,000"
"7,500",I Idolize You,Ike & Tina Turner,"337,000"
"7,501",The Fixer,Pearl Jam,"337,000"
"7,502",Own It,Drake,"337,000"
"7,503",Do the Clam,Elvis Presley,"337,000"
"7,504",Valerie,The Weeknd,"337,000"
"7,505",Speak the Word,Tracy Chapman,"337,000"
"7,506",Please Don't Stop Loving Me,Elvis Presley,"337,000"
"7,507",I Threw It All Away,Bob Dylan,"337,000"
"7,508",97 Bonnie & Clyde,Eminem,"336,000"
"7,509",Carnaval,Santana,"336,000"
"7,510",Hat 2 da Back,TLC,"336,000"
"7,511",Locomotive,Guns N' Roses,"336,000"
"7,512",The Sign of the Southern Cross,Black Sabbath,"336,000"
"7,513",Country Comfort,Rod Stewart & Faces,"336,000"
"7,514",21st Century Breakdown,Green Day,"336,000"
"7,515",Dirty Dancer,Usher,"336,000"
"7,516",Hardest to Love,The Weeknd,"336,000"
"7,517",Imperfect for You,Ariana Grande,"336,000"
"7,518",2 Minus 1,Seventeen,"336,000"
"7,519",Burn the Witch,Radiohead,"336,000"
"7,520",Not You Too,Drake ft. Chris Brown,"336,000"
"7,521",A Place in This World,Taylor Swift,"336,000"
"7,522",I Need Your Love,Boston,"336,000"
"7,523",Mon p'tit loup (ça va faire mal),Johnny Hallyday,"336,000"
"7,524",Oxytocin,Billie Eilish,"336,000"
"7,525",The Electric Co.,U2,"335,000"
"7,526",It's Quiet Uptown,Broadway cast of Hamilton,"335,000"
"7,527",Street Lights,Kanye West,"335,000"
"7,528",Kalimba Story,"Earth,Wind & Fire","335,000"
"7,529",She's My Baby (Paul McCartney),Wings,"335,000"
"7,530",Glam Slam,Prince,"335,000"
"7,531",I Like How It Feels,Enrique Iglesias,"335,000"
"7,532",I'm in the Mood for Love,Rod Stewart & Faces,"335,000"
"7,533",Pure Grinding,Avicii,"335,000"
"7,534",This House Is on Fire,AC/DC,"335,000"
"7,535",Friends,Elton John,"335,000"
"7,536",Taking It All Too Hard,Genesis,"335,000"
"7,537",Se Acabó,Santana,"335,000"
"7,538",Running,No Doubt,"335,000"
"7,539",Little Black Dress,One Direction,"335,000"
"7,540",Sassafras Roots,Green Day,"335,000"
"7,541",Jenny Wren,Paul McCartney,"334,000"
"7,542",Wild West End,Dire Straits,"334,000"
"7,543",Move to the City,Guns N' Roses,"334,000"
"7,544",Reason to Believe,Bruce Springsteen,"334,000"
"7,545",Spoonful,Cream,"334,000"
"7,546",O Grande Amor Da Minha Vida,Roberto Carlos,"334,000"
"7,547",A Whisper,Coldplay,"334,000"
"7,548",Only Love Remains,Paul McCartney,"334,000"
"7,549",Hump de Bump,Red Hot Chili Peppers,"334,000"
"7,550",F.O.D.,Green Day,"334,000"
"7,551",I Don't Want to Spoil the Party,The Beatles,"334,000"
"7,552",Hablamos Mañana,Bad Bunny ft. Duki & Pablo Chill-E,"334,000"
"7,553",Long Ago and Far Away,Rod Stewart & Faces,"334,000"
"7,554",Sky Fits Heaven,Madonna,"334,000"
"7,555",Lucifer Sam,Pink Floyd,"334,000"
"7,556",Masters of War,Bob Dylan,"334,000"
"7,557",History Has Its Eyes On You,Broadway cast of Hamilton,"334,000"
"7,558",System of Survival,"Earth,Wind & Fire","334,000"
"7,559",Smoke and Ashes,Tracy Chapman,"333,000"
"7,560",Further On (Up the Road),Bruce Springsteen,"333,000"
"7,561",I Didn't Know My Own Strength,Whitney Houston,"333,000"
"7,562",Oh My Dis Side,Travis Scott ft. Quavo,"333,000"
"7,563",Bad Meets Evil,Eminem,"333,000"
"7,564",Station To Station,David Bowie,"333,000"
"7,565",Ghosts,Michael Jackson,"333,000"
"7,566",You Never Know,Blackpink,"333,000"
"7,567",Wholy Holy,Aretha Franklin,"333,000"
"7,568",Love All,Drake ft. Jay-Z,"333,000"
"7,569",The Other Side of the Door,Taylor Swift,"333,000"
"7,570",Freedom Now,Tracy Chapman,"333,000"
"7,571",Look Around,Red Hot Chili Peppers,"333,000"
"7,572",Amoreena,Elton John,"333,000"
"7,573",Like Crying,Fleetwood Mac,"333,000"
"7,574",Used To,Juice Wrld,"333,000"
"7,575",Lacrymosa,Evanescence,"332,000"
"7,576",The Room Where It Happens,Broadway cast of Hamilton,"332,000"
"7,577",Revenga,System of a Down,"332,000"
"7,578",The Punk and the Godfather,The Who,"332,000"
"7,579",Coventry Carol,Mannheim Steamroller,"332,000"
"7,580",It Came Upon the Midnight Clear,Mannheim Steamroller,"332,000"
"7,581",Paralyzed,Elvis Presley,"332,000"
"7,582",Infeliz,Arcángel & Bad Bunny,"332,000"
"7,583",Rocket Love,Stevie Wonder,"332,000"
"7,584",The City,Ed Sheeran,"332,000"
"7,585",Surely,Supertramp,"332,000"
"7,586",Forbidden Love - Confessions On A Dancefloor,Madonna,"332,000"
"7,587",Flaws and Sins,Juice Wrld,"332,000"
"7,588",Farmer Refuted,Broadway cast of Hamilton,"332,000"
"7,589",Humility,Gorillaz,"332,000"
"7,590",Santa Claus Is Coming to Town,Bing Crosby,"332,000"
"7,591",Fun,Coldplay,"331,000"
"7,592",Cupid,Amy Winehouse,"331,000"
"7,593",Rising Power,AC/DC,"331,000"
"7,594",Sexy Sadie,The Beatles,"331,000"
"7,595",A Woman's Needs,Elton John,"331,000"
"7,596",Missing You,Black Eyed Peas,"331,000"
"7,597",Too High,Stevie Wonder,"331,000"
"7,598",Tar Baby,Sade,"331,000"
"7,599",We All Stand Together,Paul McCartney,"331,000"
"7,600",Begin the Begin,R.E.M.,"331,000"
"7,601",Lost in the World,Kanye West,"331,000"
"7,602",Change the Game,Jay-Z ft. Beanie Sigel & Memphis Bleek,"331,000"
"7,603",Olivia,One Direction,"331,000"
"7,604",Acrobat,U2,"331,000"
"7,605",Celebration,Madonna,"331,000"
"7,606",Without a Song,Frank Sinatra,"331,000"
"7,607",I Can Fix Him (No Really I Can),Taylor Swift,"331,000"
"7,608",Mama Kin,Guns N' Roses,"330,000"
"7,609",Go to Town,Doja Cat,"330,000"
"7,610",Del Mar,Doja Cat,"330,000"
"7,611",That Would Be Enough,Broadway cast of Hamilton,"330,000"
"7,612",Quando Digo Que Te Amo,Roberto Carlos,"330,000"
"7,613",I'm Shady,Eminem,"330,000"
"7,614",Mary's Song (Oh My My My),Taylor Swift,"330,000"
"7,615",This Note's for You,Neil Young & The Bluenotes,"330,000"
"7,616",Me and My Shadow,Robbie Williams,"330,000"
"7,617",Quem Qué Pão,Xuxa,"330,000"
"7,618",Cherry Pie,Sade,"330,000"
"7,619",Pretty Little Ditty,Red Hot Chili Peppers,"330,000"
"7,620",My Girl,Michael Jackson,"330,000"
"7,621",Feelin' It,Jay-Z,"330,000"
"7,622",Who Gon Stop Me,Jay-Z & Kanye West,"330,000"
"7,623",Love Is Life,"Earth,Wind & Fire","330,000"
"7,624",Going Through Changes,Eminem,"329,000"
"7,625",So This Is Love?,Van Halen,"329,000"
"7,626",Die In Your Arms,Justin Bieber,"329,000"
"7,627",Fighting,Seventeen,"329,000"
"7,628",Only Angel,Harry Styles,"329,000"
"7,629",Killer of Giants,Ozzy Osbourne,"329,000"
"7,630",Dead Horse,Guns N' Roses,"329,000"
"7,631",Breakout,Bee Gees,"329,000"
"7,632",Somewhere a Voice is Calling,Frank Sinatra,"329,000"
"7,633",Suggestions,System of a Down,"329,000"
"7,634",Take It Back,Ed Sheeran,"329,000"
"7,635",It Came Out Of The Sky,Creedence Clearwater Revival,"329,000"
"7,636","Lady, Lady, Lady",Joe Esposito,"329,000"
"7,637",Tea-House Moon,Enya,"329,000"
"7,638",Oh Me,Nirvana,"329,000"
"7,639",Come Dance with Me,Frank Sinatra,"329,000"
"7,640",Ingênuo E Sonhador,Roberto Carlos,"329,000"
"7,641",9,Drake,"329,000"
"7,642",I Feel for You,Prince,"329,000"
"7,643",Because of You,Nickelback,"329,000"
"7,644",Less than Zero,The Weeknd,"329,000"
"7,645",The World We Knew (Over and Over),Frank Sinatra,"329,000"
"7,646",Deep River Woman,Lionel Richie,"329,000"
"7,647",Whalien 52,BTS,"328,000"
"7,648",Before You Accuse Me,Creedence Clearwater Revival,"328,000"
"7,649",Early Mornin' Rain,Elvis Presley,"328,000"
"7,650",Love That Burns,Fleetwood Mac,"328,000"
"7,651",Silent Hill,Kendrick Lamar & Kodak Black,"328,000"
"7,652",(Nice Dream),Radiohead,"328,000"
"7,653",We Wish You a Merry Christmas,Enya,"328,000"
"7,654",Rock the Blues Away,AC/DC,"328,000"
"7,655",Panic In Detroit,David Bowie,"328,000"
"7,656",Points Of Authority/99 Problems/One Step Closer,Linkin Park,"328,000"
"7,657",Time Table,Genesis,"328,000"
"7,658",Dança da Xuxa,Xuxa,"328,000"
"7,659",I'm Ready,Demi Lovato & Sam Smith,"328,000"
"7,660",I Need You,The Beatles,"328,000"
"7,661",Sara,Bob Dylan,"327,000"
"7,662",First Love,Adele,"327,000"
"7,663",Only You Know and I Know,Phil Collins,"327,000"
"7,664",Rain Man,Eminem,"327,000"
"7,665",Here We Go,NSYNC,"327,000"
"7,666",Childhood,Michael Jackson,"327,000"
"7,667",White Teeth Teens,Lorde,"327,000"
"7,668",P.S. I Love You,The Beatles,"327,000"
"7,669",Está Cabrón Ser Yo,Bad Bunny ft. Anuel AA,"327,000"
"7,670",NC-17,Travis Scott,"327,000"
"7,671",Can U Handle It?,Usher,"327,000"
"7,672",State Trooper,Bruce Springsteen,"327,000"
"7,673",I Threw A Brick Through A Window,U2,"327,000"
"7,674",Hurt Me,Juice Wrld,"327,000"
"7,680",You Will Know,Stevie Wonder,"326,000"
"7,681",The Gold It's in the...,Pink Floyd,"326,000"
"7,682",Everyday,Rod Stewart & Faces,"326,000"
"7,683","Money, Cash, Hoes",Jay-Z ft. DMX,"326,000"
"7,684",22 Acacia Avenue,Iron Maiden,"326,000"
"7,685",Too Many People,Linda McCartney & Paul McCartney,"326,000"
"7,686",Bless You,John Lennon,"326,000"
"7,675",Doctor Robert,The Beatles,"326,000"
"7,676",Heartz of Men,2Pac,"326,000"
"7,677",Allergic,Post Malone,"326,000"
"7,678",Tell the Truth,Derek and the Dominos,"326,000"
"7,679",Jaded,Drake,"326,000"
"7,687",Straighten Up and Fly Right,Robbie Williams,"325,000"
"7,688",Arlandria,Foo Fighters,"325,000"
"7,689",I Loved Another Woman,Fleetwood Mac,"325,000"
"7,690",New Flame,Usher,"325,000"
"7,691",I'll Be Lovin' U Long Time,Mariah Carey,"325,000"
"7,692",Ice Cream Man,Van Halen,"325,000"
"7,693",Kiss the Bride,Elton John,"325,000"
"7,694",No track,Bruce Springsteen,"325,000"
"7,695",Heartland,U2,"325,000"
"7,696",Unknown Caller,U2,"325,000"
"7,697",No track,Oasis,"325,000"
"7,698",No track (Resurrection),2Pac,"325,000"
"7,699",Heart Pt. 6,Kendrick Lamar,"325,000"
"7,700",3 a.m.,Eminem,"325,000"
"7,701",Life's What You Make It,Miley Cyrus,"324,000"
"7,702",How Can I Keep from Singing?,Enya,"324,000"
"7,703",Hold Me Tight,The Beatles,"324,000"
"7,704",The Greatest,Lana Del Rey,"324,000"
"7,705",Nepenthe,Mannheim Steamroller,"324,000"
"7,706",Of a Lifetime,Journey,"324,000"
"7,707",Leopard-Skin Pill-Box Hat,Bob Dylan,"324,000"
"7,708",Savior,Baby Keem & Kendrick Lamar & Sam Dew,"324,000"
"7,709",Forest,System of a Down,"324,000"
"7,710",I Didn't Change My Number,Billie Eilish,"324,000"
"7,711",That Was Your Mother,Paul Simon,"324,000"
"7,712",Je ne sais pas pourquoi,Kylie Minogue,"324,000"
"7,713",November Has Come,Gorillaz ft. MF Doom,"324,000"
"7,714",Blood on My Jeans,Juice Wrld,"324,000"
"7,715",Mooo!,Doja Cat,"324,000"
"7,716",No Excuses,Meghan Trainor,"324,000"
"7,717",Music to My Eyes,Bradley Cooper & Lady Gaga,"323,000"
"7,718",Hope You're Feeling Better,Santana,"323,000"
"7,719",Thank You Baby! (For Makin' Someday Come So Soon),Shania Twain,"323,000"
"7,720",Kick It,Blackpink,"323,000"
"7,721",Nothing but Heartaches,The Supremes,"323,000"
"7,722",Trollz,6ix9ine & Nicki Minaj,"323,000"
"7,723",Os Seus Botões,Roberto Carlos,"323,000"
"7,724",Death on Two Legs (Dedicated to...),Queen,"323,000"
"7,725",Paradise (Not for Me),Madonna,"323,000"
"7,726",Every Little Thing,The Beatles,"323,000"
"7,727",Si Juras Regresar,Enrique Iglesias,"323,000"
"7,728",Hannibal,Santana,"323,000"
"7,729",A World Alone,Lorde,"323,000"
"7,730",I Can't Get Enough,Selena Gomez,"323,000"
"7,731",Kite,U2,"322,000"
"7,732",Postcards,James Blunt,"322,000"
"7,733",To Have And Not To Hold,Madonna,"322,000"
"7,734",Man's Job,Bruce Springsteen,"322,000"
"7,735",I Love Every Little Thing About You,Stevie Wonder,"322,000"
"7,736",Cigarettes and Alcohol,Rod Stewart & Faces,"322,000"
"7,737",Eleanor Rigby,Aretha Franklin,"322,000"
"7,738",Madiba Riddim,Drake,"322,000"
"7,739",Forgive Them Father,Lauryn Hill,"322,000"
"7,740",Shanti/Ashtangi,Madonna,"322,000"
"7,741",See U Later,Blackpink,"322,000"
"7,742",Tongue,R.E.M.,"322,000"
"7,743",She's So Fine,Jimi Hendrix Experience,"322,000"
"7,744",Ghosts Again,Depeche Mode,"321,000"
"7,745",4422,Drake ft. Sampha,"321,000"
"7,746",Stadium Arcadium,Red Hot Chili Peppers,"321,000"
"7,747",Purple Heather,Rod Stewart & Faces,"321,000"
"7,748",J'ai Pleuré Sur Ma Guitare,Johnny Hallyday,"321,000"
"7,749",Dirty Day,U2,"321,000"
"7,750",Steamroller Blues,Elvis Presley,"321,000"
"7,751",All Day,Allan Kingdom & Kanye West & Paul McCartney & Theophilus London,"321,000"
"7,752",Lucky Ones,Lana Del Rey,"321,000"
"7,753",I Fall in Love Too Easily,Frank Sinatra,"321,000"
"7,754",The Lucky One,Taylor Swift,"320,000"
"7,755",Used,SZA,"320,000"
"7,756",Money Make Her Smile,Bruno Mars,"320,000"
"7,757",J'oublierai Ton Nom,Johnny Hallyday,"320,000"
"7,758",I'm Holdin' On to Love (To Save My Life),Shania Twain,"320,000"
"7,759",Bodysnatchers,Radiohead,"320,000"
"7,760",Under the Sun,Black Sabbath,"320,000"
"7,761",Journey Of The Sorcerer,Eagles,"320,000"
"7,762",Day by Day,Frank Sinatra,"320,000"
"7,763",Christmas Time,Bryan Adams,"320,000"
"7,764",Do What You Gotta Do,Garth Brooks,"319,000"
"7,765",The First Noel,Whitney Houston,"319,000"
"7,766",No Apagues la Luz,Enrique Iglesias,"319,000"
"7,767",Too Late,The Weeknd,"319,000"
"7,768",Spine Breaker,BTS,"319,000"
"7,769",I've Got a Crush on You,Rod Stewart & Faces,"319,000"
"7,770",Speed of Light,Iron Maiden,"319,000"
"7,771",A Winter's Ball,Broadway cast of Hamilton,"319,000"
"7,772",One of the Living,Tina Turner,"319,000"
"7,773",Outside the Wall,Pink Floyd,"319,000"
"7,774",Ciribiribin,Frank Sinatra,"319,000"
"7,775",Stupid Hoe,Nicki Minaj,"319,000"
"7,776",The Fame,Lady Gaga,"319,000"
"7,777",It Never Rains,Dire Straits,"319,000"
"7,778",How Can You Mend a Broken Heart,Michael Bublé,"319,000"
"7,779",Tiger Man,Elvis Presley,"319,000"
"7,780",Blues Power,Eric Clapton,"319,000"
"7,781",Hollywood,Jay-Z ft. Beyoncé,"319,000"
"7,782",Mojaita,Bad Bunny & J Balvin,"318,000"
"7,783",Looove,Travis Scott,"318,000"
"7,784",I Want to Take You Higher,Ike & Tina Turner,"318,000"
"7,785",I Wish You a Merry Christmas,Bing Crosby,"318,000"
"7,786",Lost in Your Light,Dua Lipa,"318,000"
"7,787",Toujours debout,Renaud,"318,000"
"7,788",Illusion,One Direction,"318,000"
"7,789",Go Gina,SZA,"318,000"
"7,790",Tell Me Why,Taylor Swift,"318,000"
"7,791",In Another Time,Sade,"318,000"
"7,792",Just a Fool,Christina Aguilera,"318,000"
"7,793","Baby, Stop Crying",Bob Dylan,"318,000"
"7,794",Suburban Legends,Taylor Swift,"317,000"
"7,795",U.N.I.,Ed Sheeran,"317,000"
"7,796",I'm Yours,Elvis Presley,"317,000"
"7,797","The Cool, Cool River",Paul Simon,"317,000"
"7,798",Love to See You Cry,Enrique Iglesias,"317,000"
"7,799",Talk Tonight,Oasis,"317,000"
"7,800",Different World,Iron Maiden,"317,000"
"7,801",Don't Ask Me No Questions,Lynyrd Skynyrd,"317,000"
"7,802",Something About You,Boston,"317,000"
"7,803",Alone Again,The Weeknd,"317,000"
"7,804",Not Alone,Seventeen,"317,000"
"7,805",Cheek To Cheek,Lady Gaga & Tony Bennett,"317,000"
"7,806",The Storm,Garth Brooks,"317,000"
"7,807",Gold,Prince,"317,000"
"7,808",The Getaway,Red Hot Chili Peppers,"317,000"
"7,809",Needles,System of a Down,"317,000"
"7,810",While My Guitar Gently Weeps,Santana,"317,000"
"7,811",Quiet Times,Dido,"317,000"
"7,812",Only Ones Who Know,Arctic Monkeys,"317,000"
"7,813",The Calling,Santana,"316,000"
"7,814",39,Queen,"316,000"
"7,815",Isaac,Madonna,"316,000"
"7,816",Pay Me My Money Down,Bruce Springsteen,"316,000"
"7,817",True Love,Bing Crosby,"316,000"
"7,818",Darkness,Eminem,"316,000"
"7,819",Ronnie,Metallica,"316,000"
"7,820",The Prisoner,Iron Maiden,"316,000"
"7,821",I Got Id,Pearl Jam,"316,000"
"7,822",Magnetic,"Earth,Wind & Fire","316,000"
"7,823",Shut It Down,Drake ft. The-Dream,"316,000"
"7,824",Outro: Her,BTS,"316,000"
"7,825",Must Get Out,Maroon 5,"316,000"
"7,826",The Heart Wants What It Wants,Selena Gomez,"316,000"
"7,827",All Day,Kanye West,"316,000"
"7,828",Safety Net,Ariana Grande ft. Ty Dolla Sign,"316,000"
"7,829",All About Our Love,Sade,"316,000"
"7,830",Dear Jessie,Madonna,"315,000"
"7,831",Scared to Live,The Weeknd,"315,000"
"7,832",Man at the Garden,Kendrick Lamar,"315,000"
"7,833",You're Not the Man,Sade,"315,000"
"7,834",What U See (Is What U Get),Britney Spears,"315,000"
"7,835",Sysyphus (Part 3),Pink Floyd,"315,000"
"7,836",The Narrow Way (Part 2),Pink Floyd,"315,000"
"7,837",Rosalinda's Eyes,Billy Joel,"315,000"
"7,838",Spend The Night,"Earth,Wind & Fire","315,000"
"7,839",Evil Deeds,Eminem,"315,000"
"7,840",Innocent,Taylor Swift,"315,000"
"7,841",Don't Believe in Love,Dido,"315,000"
"7,842",Hear Me,Imagine Dragons,"315,000"
"7,843",It's Called a Heart,Depeche Mode,"315,000"
"7,844",Together When...,Ayumi Hamasaki,"315,000"
"7,845",Spit Out the Bone,Metallica,"314,000"
"7,846",Children,Justin Bieber,"314,000"
"7,847",Falando Sério,Roberto Carlos,"314,000"
"7,848",Come On (Part 1),Jimi Hendrix Experience,"314,000"
"7,849",Try a Little Tenderness,Frank Sinatra,"314,000"
"7,850",Lost Forever,Travis Scott,"314,000"
"7,851",Vicinity of Obscenity,System of a Down,"314,000"
"7,852",Hot Thing,Prince,"314,000"
"7,853",How Long,Dire Straits,"314,000"
"7,854",We Are One (Ole Ola),Jennifer Lopez,"314,000"
"7,855",Pac's Life,2Pac,"314,000"
"7,856",Privileged Rappers,21 Savage & Drake,"314,000"
"7,857",Best For Last,Adele,"314,000"
"7,858",Keep On Chooglin',Creedence Clearwater Revival,"314,000"
"7,859",Meltdown,AC/DC,"314,000"
"7,860",Floy Joy,The Supremes,"314,000"
"7,861",Yo Visto Así,Bad Bunny,"313,000"
"7,862",Remember Tomorrow,Iron Maiden,"313,000"
"7,863",Higher,Rihanna,"313,000"
"7,864",High Infidelity,Taylor Swift,"313,000"
"7,865",Secret,Ayumi Hamasaki,"313,000"
"7,866",My Heart Is Broken,Evanescence,"313,000"
"7,867",Burnin' Alive,AC/DC,"313,000"
"7,868",You Were...,Ayumi Hamasaki,"313,000"
"7,869",The Small Hours,Metallica,"313,000"
"7,870",I Forgot to Remember to Forget,Elvis Presley,"313,000"
"7,871",My Parties,Dire Straits,"313,000"
"7,872",(It's Hard) Letting You Go,Bon Jovi,"313,000"
"7,873",Are You Experienced?,Jimi Hendrix Experience,"313,000"
"7,874",Playa Cardz Right,2Pac,"313,000"
"7,875",Touch It,Ariana Grande,"313,000"
"7,876",Remember Me?,Eminem,"312,000"
"7,877",Batuka,Santana,"312,000"
"7,878",Excuse Me Mr.,No Doubt,"312,000"
"7,879",Silver Bells,Michael Bublé,"312,000"
"7,880",Summertime,Bon Jovi,"312,000"
"7,881",Merry Christmas,Ed Sheeran & Elton John,"312,000"
"7,882",Just in Time to See the Sun,Santana,"312,000"
"7,883",Sysyphus (Part 4),Pink Floyd,"312,000"
"7,884",Myself,Post Malone,"312,000"
"7,885",Low Man's Lyric,Metallica,"312,000"
"7,886",1400 / 999 Freestyle,Juice Wrld,"312,000"
"7,887",Somebody Needs You,Ike & Tina Turner,"312,000"
"7,888",The Best of Both Worlds,Jay-Z & R. Kelly,"312,000"
"7,889",Halley's Comet,Billie Eilish,"312,000"
"7,890",18 til I Die,Bryan Adams,"312,000"
"7,891",The Hindu Times,Oasis,"312,000"
"7,892",The Little Things Give You Away,Linkin Park,"312,000"
"7,893",Wake Me Up,Norah Jones,"312,000"
"7,894",Illegal Alien,Genesis,"312,000"
"7,895",The Bends,Radiohead,"312,000"
"7,896",Clara Bow,Taylor Swift,"312,000"
"7,897",Radio Friendly Unit Shifter,Nirvana,"311,000"
"7,898",4th Of July,U2,"311,000"
"7,899",Christmas Tree Farm,Taylor Swift,"311,000"
"7,900",My Dear Country,Norah Jones,"311,000"
"7,901",Two Hearts Beat As One,U2,"311,000"
"7,902",Days That End in Why,Morgan Wallen,"311,000"
"7,903",Some Good Things Never Last,Barbra Streisand,"311,000"
"7,904",Going to Pasalacqua,Green Day,"311,000"
"7,905",Lotus,R.E.M.,"311,000"
"7,906",Jingle Bells,Mannheim Steamroller,"311,000"
"7,907",What Do I Have to Do,Kylie Minogue,"311,000"
"7,908",Down on the Farm,Guns N' Roses,"311,000"
"7,909",Fountains,Drake ft.Tems,"311,000"
"7,910",Starlight,Taylor Swift,"310,000"
"7,911",Uninvited,Alanis Morissette,"310,000"
"7,912",Damaged,TLC,"310,000"
"7,913",In Between,Linkin Park,"310,000"
"7,914",Looking for Someone,Genesis,"310,000"
"7,915",La Soñadora,Enya,"310,000"
"7,916",Ma religion dans son regard,Johnny Hallyday,"310,000"
"7,917",I'll Be Gone,Linkin Park,"310,000"
"7,918",My Prerogative,Britney Spears,"310,000"
"7,919",Many Too Many,Genesis,"310,000"
"7,920",Dream a Little Dream,Robbie Williams,"310,000"
"7,921",Cure,Metallica,"310,000"
"7,922",One Step Ahead,Aretha Franklin,"310,000"
"7,936",The Furor,AC/DC,"309,000"
"7,937",No More Cloudy Days,Eagles,"309,000"
"7,938",Whatever Happens,Michael Jackson,"309,000"
"7,939",Why Don't We Go There,One Direction,"309,000"
"7,940",Put Your Head on My Shoulder,Michael Bublé,"309,000"
"7,941",To Love A Woman,Enrique Iglesias,"309,000"
"7,942",Throw Away Your Television,Red Hot Chili Peppers,"309,000"
"7,943",Good Goodbye,Linkin Park,"309,000"
"7,944",Cinderella,Lionel Richie,"309,000"
"7,923",Africa Bamba,Santana,"309,000"
"7,924",So Unsexy,Alanis Morissette,"309,000"
"7,925",Don't Wanna Lose You Now,Backstreet Boys,"309,000"
"7,926",O Ônibus,Xuxa,"309,000"
"7,927",Electric Chair,Prince,"309,000"
"7,928",Gone at Last,Paul Simon,"309,000"
"7,929",I'll Never Stop,NSYNC,"309,000"
"7,930",Must Be Santa,Bob Dylan,"309,000"
"7,931",Just Like Fire,P!nk,"309,000"
"7,932",Footsteps,Pearl Jam,"309,000"
"7,933",Cold as You,Taylor Swift,"309,000"
"7,934",I Miss You,Björk,"309,000"
"7,935",Shake a Leg,AC/DC,"309,000"
"7,945",Four Out of Five,Arctic Monkeys,"308,000"
"7,946",I've Got You Under My Skin,Michael Bublé,"308,000"
"7,947",When We Ride on Our Enemies,2Pac,"308,000"
"7,948",All of My Life,Diana Ross,"308,000"
"7,949",I'll Be Waiting,Santana,"308,000"
"7,950",Vamos Brincar,Xuxa,"308,000"
"7,951",Summer of Love,Shawn Mendes,"308,000"
"7,952",When My Blue Moon Turns To Gold Again,Elvis Presley,"308,000"
"7,953",Extraordinary Girl,Green Day,"308,000"
"7,954",Not My Friend,Norah Jones,"308,000"
"7,955",African Herbsman,Bob Marley,"308,000"
"7,956",I Don't Do Drugs,Doja Cat,"308,000"
"7,957",Canyon Moon,Harry Styles,"308,000"
"7,958",A Friend To Me,Garth Brooks,"308,000"
"7,959","Green, Green Grass of Home",Elvis Presley,"308,000"
"7,960",Losing My Way,Justin Timberlake,"308,000"
"7,961",Trip Through Your Wires,U2,"308,000"
"7,962",In Your Wildest Dreams,Barry White & Tina Turner,"308,000"
"7,963",Mobile,Avril Lavigne,"307,000"
"7,964",La Terre Promise (Promised Land),Johnny Hallyday,"307,000"
"7,965",Stand Up,One Direction,"307,000"
"7,966",Cavalgada,Roberto Carlos,"307,000"
"7,967",Home Ain't Where His Heart Is (Anymore),Shania Twain,"307,000"
"7,968",L.A.LOVE (la la),Fergie,"307,000"
"7,969",You Gon' Learn,Eminem,"307,000"
"7,970",Candy Perfume Girl,Madonna,"307,000"
"7,971",Positively 4th Street,Bob Dylan,"307,000"
"7,972",Nothing Like Us,Justin Bieber,"307,000"
"7,973",Nervous,Shawn Mendes,"307,000"
"7,974",Funny Girl,Barbra Streisand,"307,000"
"7,975",Skin,Madonna,"307,000"
"7,976",I Want to Tell You,The Beatles,"307,000"
"7,977",When There's No One Around,Garth Brooks,"306,000"
"7,978",Monster,Imagine Dragons,"306,000"
"7,979",Breathe On Me,Britney Spears,"306,000"
"7,980",Smoke Break,Carrie Underwood,"306,000"
"7,981",She's the One,Bruce Springsteen,"306,000"
"7,982",World Turning,Fleetwood Mac,"306,000"
"7,983",Papi's Home,Drake,"306,000"
"7,984",Say What You Say,Eminem,"306,000"
"7,985",Same Ol' Mistakes,Rihanna,"306,000"
"7,986",You Sent Me Flying / Cherry,Amy Winehouse,"306,000"
"7,987",Possibly Maybe,Björk,"306,000"
"7,988",One of Those Days,Whitney Houston,"306,000"
"7,989",Well All Right,Blind Faith,"306,000"
"7,990",Automatically Sunshine,The Supremes,"306,000"
"7,991",Why I Love You,Kanye West,"306,000"
"7,992",Cotton Fields,The Beach Boys,"306,000"
"7,993",The Hardest Part Is the Night,Bon Jovi,"305,000"
"7,994",Long Grey Mare,Fleetwood Mac,"305,000"
"7,995",Mary Long,Deep Purple,"305,000"
"7,996",God,Kendrick Lamar,"305,000"
"7,997",Snooze,SZA,"305,000"
"7,998",You Got to Me,Neil Diamond,"305,000"
"7,999",Amityville,Eminem,"305,000"
"8,000",Key -Eternal Tie Version-,Ayumi Hamasaki,"305,000"
"8,001",Blame Game,Kanye West,"305,000"
"8,002",Fina,Bad Bunny,"305,000"
"8,003",Sacrifices,Drake ft. 2 Chainz & Young Thug,"305,000"
"8,004",Broken,Norah Jones,"305,000"
"8,005",Crunchy Granola Suite,Neil Diamond,"305,000"
"8,006",Good to Me,Seventeen,"305,000"
"8,007",Try a Little Tenderness,Michael Bublé,"305,000"
"8,008",Jeepers Creepers,Frank Sinatra,"305,000"
"8,009",Change,Taylor Swift,"304,000"
"8,010",Human Highway,Neil Young,"304,000"
"8,011",The Grand Vizier's Garden Party (Part 2: Entertainment),Pink Floyd,"304,000"
"8,012",Feelin' Myself,Miley Cyrus,"304,000"
"8,013",Thru Your Phone,Cardi B,"304,000"
"8,014",Those Good Old Dreams,Carpenters,"304,000"
"8,015",Mudmen,Pink Floyd,"304,000"
"8,016",Gasoline,The Weeknd,"304,000"
"8,017",Stupid In love,Rihanna,"304,000"
"8,018",Los Peces en el Rio,Mannheim Steamroller,"304,000"
"8,019",Bongo Bong and Je ne t'aime plus,Robbie Williams,"304,000"
"8,020",I Looked at You,The Doors,"304,000"
"8,021",Why Don't You Write Me,Simon & Garfunkel,"304,000"
"8,022",Cry,Michael Jackson,"304,000"
"8,023",Hanky Party,Madonna,"304,000"
"8,024",I'm Still,Juice Wrld,"304,000"
"8,025",Close to You,Rihanna,"304,000"
"8,026",In Lonesome Dove,Garth Brooks,"304,000"
"8,027",Count On Me,Whitney Houston,"304,000"
"8,028",Catch a Wave,The Beach Boys,"304,000"
"8,029",You're the One,Tracy Chapman,"303,000"
"8,030",Silent Night,Bon Jovi,"303,000"
"8,031",Lift Off,Kanye West,"303,000"
"8,032",Codex,Radiohead,"303,000"
"8,033",I Hate It Here,Taylor Swift,"303,000"
"8,034",Let Love Be Your Energy,Robbie Williams,"303,000"
"8,035",Porcelain,Red Hot Chili Peppers,"303,000"
"8,036",200 MPH,Bad Bunny ft. Diplo,"303,000"
"8,037",I Wish U Heaven,Prince,"303,000"
"8,038",Be My Wife,David Bowie,"303,000"
"8,039",I've Told You Now,Sam Smith,"303,000"
"8,040",I Wish I Hated You,Ariana Grande,"303,000"
"8,041",Elevate,Drake,"303,000"
"8,042",I Don't Know,Ozzy Osbourne,"303,000"
"8,043",Stop,Pink Floyd,"303,000"
"8,044",I'll Cry Instead,The Beatles,"303,000"
"8,045",SOS,SZA,"303,000"
"8,046",Time Will Tell,Bob Marley,"302,000"
"8,047",L.A. Is My Lady,Frank Sinatra,"302,000"
"8,048",Feel the Love,Kanye West,"302,000"
"8,049",Foolish One,Taylor Swift,"302,000"
"8,050",What Else Can I Do?,Various Artists,"302,000"
"8,051",HAM,Kanye West,"302,000"
"8,052",Hearts Breaking Even,Bon Jovi,"302,000"
"8,053",Guts Over Fear,Eminem,"302,000"
"8,054",All Through the Day,Frank Sinatra,"302,000"
"8,055",Burn This Disco Out,Michael Jackson,"302,000"
"8,056",All Alone,Gorillaz ft. Roots Manuva,"302,000"
"8,057",A Taste of Honey,The Beatles,"302,000"
"8,058",Shorty Wanna Be a Thug,2Pac,"302,000"
"8,059",The Art of Peer Pressure,Kendrick Lamar,"302,000"
"8,060","Red, White, & Blue",Lynyrd Skynyrd,"302,000"
"8,061",Happier Than the Morning Sun,Stevie Wonder,"301,000"
"8,062",Green Light,Beyonce,"301,000"
"8,063",Fade Away,Bruce Springsteen,"301,000"
"8,064",Alive,One Direction,"301,000"
"8,065",Christmas Time,Christina Aguilera,"301,000"
"8,066",Lie to Me,Depeche Mode,"301,000"
"8,067",Planet of New Orleans,Dire Straits,"301,000"
"8,068",Anything Goes,Guns N' Roses,"301,000"
"8,069",Sorry Papi,Abra & Bad Bunny,"301,000"
"8,070",Unstable,Justin Bieber,"301,000"
"8,071",Halo,Depeche Mode,"301,000"
"8,072",Roman's Revenge,Nicki Minaj ft. Eminem,"301,000"
"8,073",Heart to Heart,James Blunt,"301,000"
"8,074",Dry County,Bon Jovi,"301,000"
"8,075",Mother's Daughter,Miley Cyrus,"301,000"
"8,076",The City Is Mine,Jay-Z ft. Blackstreet,"301,000"
"8,077",Till We Ain't Strangers Anymore,Bon Jovi,"301,000"
"8,078",Hawái,The Weeknd,"301,000"
"8,079",Rock-a-Bye Your Baby With a Dixie Melody,Aretha Franklin,"301,000"
"8,080",Little Bird,Ed Sheeran,"300,000"
"8,081",Livin' for You,Boston,"300,000"
"8,082",I Love New York,Madonna,"300,000"
"8,083",Spanish Fly,Van Halen,"300,000"
"8,084",Don't Go Knockin' On My Door,Britney Spears,"300,000"
"8,085",My Propeller,Arctic Monkeys,"300,000"
"8,086",Left in the Dark,Barbra Streisand,"300,000"
"8,087",No track (Champions of the World),Queen,"300,000"
"8,088",Crooked Smile,TLC,"300,000"
"8,089",Change Partners,Frank Sinatra,"300,000"
"8,090",Street of Dreams,Frank Sinatra,"300,000"
"8,091",Kid A,Radiohead,"300,000"
"8,092",Who Owns My Heart,Miley Cyrus,"300,000"
"8,093",Black Leather,Guns N' Roses,"300,000"
"8,094",Anything Goes,AC/DC,"300,000"
"8,095",I Don't Want To Hear Any More,Eagles,"300,000"
"8,096",You're Nobody Till Somebody Loves You,Michael Bublé,"300,000"
"8,097",Memories,Elvis Presley,"300,000"
"8,098",Treat People with Kindness,Harry Styles,"300,000"
"8,099",Duty,Ayumi Hamasaki,"300,000"
"8,100",Startin',Ayumi Hamasaki,"300,000"
"8,101",Not Like The Movies,Katy Perry,"300,000"
"8,102",The Power of Equality,Red Hot Chili Peppers,"300,000"
"8,103",Bravado,Lorde,"300,000"
"8,104","Do Right Woman, Do Right Man",Aretha Franklin,"300,000"
"8,105",No Limit,Usher,"299,000"
"8,106",Mother Russia,Iron Maiden,"299,000"
"8,107",Take a Break,Broadway cast of Hamilton,"299,000"
"8,108",Faith,The Weeknd,"299,000"
"8,109",Birds,Neil Young,"299,000"
"8,110",Feel Your Love Tonight,Van Halen,"299,000"
"8,111",Windy Town,Rod Stewart & Faces,"299,000"
"8,112",Whiskey on the Rocks,AC/DC,"299,000"
"8,113",Flaming,Pink Floyd,"299,000"
"8,114",The Word,The Beatles,"299,000"
"8,115",So Tired,Ozzy Osbourne,"299,000"
"8,116",You Don't Know Me,Elvis Presley,"299,000"
"8,117",Walking After You,Foo Fighters,"299,000"
"8,118",In the End,Green Day,"299,000"
"8,119",Bitch Better Have My Money,Rihanna,"299,000"
"8,120",On The Killin' Floor (Kill 'Em Slow),Jimi Hendrix,"299,000"
"8,121",Embraceable You,Frank Sinatra,"299,000"
"8,122",Male Fantasy,Billie Eilish,"299,000"
"8,123",I Only Have Eyes for You,Rod Stewart & Faces,"299,000"
"8,124",Space,Prince,"299,000"
"8,125",Help Me Make It Through the Night,Elvis Presley,"299,000"
"8,126","Docteur Renaud, Mister Renard",Renaud,"299,000"
"8,127",Escape from LA,The Weeknd,"299,000"
"8,128",Pipe Down,Drake,"299,000"
"8,129",Part II (On the Run),Jay-Z ft. Beyoncé,"299,000"
"8,130",La Mère à Titi,Renaud,"298,000"
"8,131",It's the Falling in Love,Michael Jackson,"298,000"
"8,132",What You're Doing,The Beatles,"298,000"
"8,133",Be My Somebody,Norah Jones,"298,000"
"8,134",Angel,Elvis Presley,"298,000"
"8,135",Worried Life Blues,B.B King & Eric Clapton,"298,000"
"8,136",Mosh,Eminem,"298,000"
"8,137",Gabriel's Message,Sting,"298,000"
"8,138",Evil Woman,Black Sabbath,"298,000"
"8,139",Goodbye Angels,Red Hot Chili Peppers,"298,000"
"8,140",Pour Ceux Qui S'aiment,Johnny Hallyday,"298,000"
"8,141",Columbia,Oasis,"298,000"
"8,142",Oh Love,Green Day,"298,000"
"8,143",Treat Me Nice,Elvis Presley,"298,000"
"8,144",Steppin' Out,John Mayall & The Bluesbreakers,"298,000"
"8,145",Shiver,Maroon 5,"298,000"
"8,146",River,Enya,"298,000"
"8,147",Oh Diane,Fleetwood Mac,"298,000"
"8,148",A Word in Spanish,Elton John,"297,000"
"8,149",Fire,U2,"297,000"
"8,150",Under Attack,Abba,"297,000"
"8,151",It Started All Over Again,Frank Sinatra,"297,000"
"8,152",The Ballad of Dorothy Parker,Prince,"297,000"
"8,153",World Leader Pretend,R.E.M.,"297,000"
"8,154",Wouldn't Leave,Kanye West,"297,000"
"8,155",Where I End and You Begin,Radiohead,"297,000"
"8,156",Boss D.J.,Sublime,"297,000"
"8,157",Outro: Love Is Not Over,BTS,"296,000"
"8,158",Cinderella,Britney Spears,"296,000"
"8,159",Trying Not to Love You,Nickelback,"296,000"
"8,160",Terminal Frost,Pink Floyd,"296,000"
"8,161",Ghost in the Machine,SZA,"296,000"
"8,162",Splish Splash,Roberto Carlos,"296,000"
"8,163",The Answer to Our Life,Backstreet Boys,"296,000"
"8,164",You're Only Human (Second Wind),Billy Joel,"296,000"
"8,165",What You Want,Evanescence,"296,000"
"8,166",Not While I'm Around,Barbra Streisand,"296,000"
"8,167",Together,Avril Lavigne,"296,000"
"8,168",Keeps Gettin' Better,Christina Aguilera,"296,000"
"8,169",Every Time,Janet Jackson,"296,000"
"8,170",Shot Through the Heart,Bon Jovi,"296,000"
"8,171",White Summer,The Yardbirds,"296,000"
"8,172",Lowdown and Dirty,Foreigner,"296,000"
"8,173",Inside Out,Phil Collins,"295,000"
"8,174",Double Talkin' Jive,Guns N' Roses,"295,000"
"8,175",See You in My Nightmares,Kanye West,"295,000"
"8,176",Change Clothes,Jay-Z,"295,000"
"8,177",Venus,Lady Gaga,"295,000"
"8,178",Spiral Architect,Black Sabbath,"295,000"
"8,179",Echoes in Rain,Enya,"295,000"
"8,180",We're Almost There,Michael Jackson,"295,000"
"8,181",Papers,Usher,"295,000"
"8,182",Go,Juice Wrld,"295,000"
"8,183",Everything Louder than Everything Else,Meat Loaf,"295,000"
"8,184",You Can Look (But You Better Not Touch),Bruce Springsteen,"295,000"
"8,185",Wait,The Beatles,"295,000"
"8,186",The Real Her,Drake ft. Andre 3000 & Lil Wayne,"295,000"
"8,187",The Writing on the Walls,Iron Maiden,"295,000"
"8,188",Gloria,Kendrick Lamar & SZA,"295,000"
"8,192",White Christmas,Neil Diamond,"294,000"
"8,193","Same Dream, Same Mind, Same Night",Seventeen,"294,000"
"8,194",FutureSex/LoveSound,Justin Timberlake,"294,000"
"8,195",It Ain't Easy,2Pac,"294,000"
"8,196","Always Have, Always Will",Ace Of Base,"294,000"
"8,197",Top of the World,Diana Ross,"294,000"
"8,198",El Perdon,Enrique Iglesias & Nicky Jam,"294,000"
"8,199",Bout You,Seventeen,"294,000"
"8,200",Lord Knows,Drake ft. Rick Ross,"294,000"
"8,201",Dear Boy,Avicii,"294,000"
"8,202",The Sun Doesn't Like You,Norah Jones,"294,000"
"8,203",Saint Pablo,Kanye West,"294,000"
"8,189",Nobody's Fool,Avril Lavigne,"294,000"
"8,190",Let It Be,Aretha Franklin,"294,000"
"8,191",Gods of War,Def Leppard,"294,000"
"8,204",Charlie,Red Hot Chili Peppers,"293,000"
"8,205",<3,Bad Bunny,"293,000"
"8,206",March,Seventeen,"293,000"
"8,207",Talk Show Host,Radiohead,"293,000"
"8,208","Bring a Torch, Jeanette, Isabella",Mannheim Steamroller,"293,000"
"8,209",One Chain (Don't Make No Prison),Santana,"293,000"
"8,210",DOA,Foo Fighters,"293,000"
"8,211",Only the Good Die Young,Iron Maiden,"293,000"
"8,212",Lift Off,Jay-Z & Kanye West,"293,000"
"8,213",Flight of the Gull,Neil Diamond,"293,000"
"8,214",Mellow My Mind,Neil Young,"293,000"
"8,215",Rudolph the Red Nosed Reindeer,Mannheim Steamroller,"293,000"
"8,216",Easy Does It,Supertramp,"293,000"
"8,217",Come with Me,Phil Collins,"293,000"
"8,218",Bleed to Love Her,Fleetwood Mac,"293,000"
"8,219",Wonderful,Aretha Franklin,"293,000"
"8,220",Peter,Taylor Swift,"293,000"
"8,221",Successful,Drake ft. Lil Wayne & Trey Songz,"293,000"
"8,222",Cool,Dua Lipa,"293,000"
"8,223",Suck It and See,Arctic Monkeys,"293,000"
"8,224",Cosas del amor,Enrique Iglesias,"293,000"
"8,225",Special,SZA,"293,000"
"8,226",What I Did for Love,Aretha Franklin,"293,000"
"8,227",Your Love Is So Good for Me,Diana Ross,"293,000"
"8,228",Ever Since New York,Harry Styles,"292,000"
"8,229",Stay,Miley Cyrus,"292,000"
"8,230",Gounod's Ave Maria (Latin Version),Barbra Streisand,"292,000"
"8,231",New Day,Alicia Keys,"292,000"
"8,232",Bandaid on a Bullet Hole,Morgan Wallen,"292,000"
"8,233",Full Circle,Aerosmith,"292,000"
"8,234",Falling Down,Oasis,"292,000"
"8,235",Someone That You're with,Nickelback,"292,000"
"8,236",Spanish Eyes,U2,"292,000"
"8,237",Memories,Maroon 5,"292,000"
"8,238",Tom Traubert's Blues (Waltzing Matilda),Rod Stewart & Faces,"292,000"
"8,239",For Absent Friends,Genesis,"292,000"
"8,240",Let's Get Crazy,Miley Cyrus,"292,000"
"8,241",Miss Clare Remembers,Enya,"292,000"
"8,242",Hard Times,AC/DC,"292,000"
"8,243","Black Eyes, Blue Tears",Shania Twain,"292,000"
"8,244",Prom,SZA,"292,000"
"8,245",Heaven Help Us All,Stevie Wonder,"292,000"
"8,246",Where's the Revolution,Depeche Mode,"292,000"
"8,247",U with Me?,Drake,"291,000"
"8,248","Je T'aime, Je T'aime, Je T'aime",Johnny Hallyday,"291,000"
"8,249",Still Breathing,Green Day,"291,000"
"8,250",Tombstone Blues,Bob Dylan,"291,000"
"8,251",Slide Away,Miley Cyrus,"291,000"
"8,252",Can-Utility and the Coastliners,Genesis,"291,000"
"8,253",California,Lana Del Rey,"291,000"
"8,254",Almost Like Being in Love,Frank Sinatra,"291,000"
"8,255",We'll Be Fine,Drake ft. Birdman,"291,000"
"8,256",BLOW,Bruno Mars & Chris Stapleton & Ed Sheeran,"291,000"
"8,257",Do It,Spice Girls,"291,000"
"8,258",Exit,U2,"291,000"
"8,259",Chambea,Bad Bunny,"291,000"
"8,260",Why Can't This Night Go On Forever,Journey,"291,000"
"8,261",Bang Bang,Will.i.am,"291,000"
"8,262",Mama Can't Buy You Love,Elton John,"291,000"
"8,263",What Child Is This / The Holly And The Ivy,Bing Crosby,"291,000"
"8,264",La Fuente del Ritmo,Santana,"291,000"
"8,265",Sale el Sol,Shakira,"291,000"
"8,266",I Am the City,Abba,"291,000"
"8,267",In Search of Little Sadie,Bob Dylan,"291,000"
"8,268",Parei Na Contra Mão,Roberto Carlos,"291,000"
"8,269",In My Remains,Linkin Park,"290,000"
"8,270",Daddy's Gonna Pay For Your Crashed Car,U2,"290,000"
"8,271",I Don't Wanna Fight,Tina Turner,"290,000"
"8,272",The Miseducation of Lauryn Hill,Lauryn Hill,"290,000"
"8,273",He's a Liar,Bee Gees,"290,000"
"8,274","Hey, Mr. DJ (Keep Playin' This Song)",Backstreet Boys,"290,000"
"8,275",Heart Attack,Enrique Iglesias,"290,000"
"8,276",Crew Love,The Weeknd,"290,000"
"8,277",Am I Wrong,BTS,"290,000"
"8,278",Looking for Somebody,Fleetwood Mac,"290,000"
"8,279",Invisible,Taylor Swift,"290,000"
"8,280",Calling for You,Drake ft. 21 Savage,"290,000"
"8,281",Bullet Proof I Wish I Was,Radiohead,"290,000"
"8,282",6 Man,Drake,"289,000"
"8,283",It's a Beautiful Day,Queen,"289,000"
"8,284",Emenius Sleepus,Green Day,"289,000"
"8,285",All I Really Want to Do,Bob Dylan,"289,000"
"8,286",Don't Pass Me By,The Beatles,"289,000"
"8,287",Know,System of a Down,"289,000"
"8,288",Falling Down,Selena Gomez,"289,000"
"8,289",New Way To Fly,Garth Brooks,"289,000"
"8,290",Living Eyes,Bee Gees,"289,000"
"8,291",Broke Boys,21 Savage & Drake,"289,000"
"8,292",Until the End of Time,Foreigner,"289,000"
"8,293",The Man,Ed Sheeran,"289,000"
"8,294",There Will Never Be Another Tonight,Bryan Adams,"289,000"
"8,295",Unwanted,Avril Lavigne,"289,000"
"8,296",Love And Peace Or Else,U2,"289,000"
"8,297",White Shadows,Coldplay,"288,000"
"8,298",To Know Him Is To Love Him,Amy Winehouse,"288,000"
"8,299",Dirty Laundry,Carrie Underwood,"288,000"
"8,300",Man of the Year,Juice Wrld,"288,000"
"8,301",Ma City,BTS,"288,000"
"8,302",In a Broken Dream,Rod Stewart & Faces,"288,000"
"8,303",Blood Sugar Sex Magik,Red Hot Chili Peppers,"288,000"
"8,304",Storms in Africa (Part II),Enya,"288,000"
"8,305",Satellite Blues,AC/DC,"288,000"
"8,306",Oh What A Circus,Madonna,"288,000"
"8,307",Wrecking Ball,Bruce Springsteen,"288,000"
"8,308",Tracks of My Tears,Aretha Franklin,"288,000"
"8,309",Sandcastles,Beyonce,"288,000"
"8,310",Coma,Guns N' Roses,"288,000"
"8,311",The Sun in the Stream,Enya,"288,000"
"8,312",When the Wild Wind Blows,Iron Maiden,"288,000"
"8,313",All the Love of the Universe,Santana,"288,000"
"8,314",The March of the Black Queen,Queen,"288,000"
"8,315",Old Shep,Elvis Presley,"288,000"
"8,316",My World,Avril Lavigne,"288,000"
"8,317",Let It Die,Foo Fighters,"288,000"
"8,318",What Goes On,The Beatles,"288,000"
"8,319",What Makes You Think You're the One,Fleetwood Mac,"288,000"
"8,320",Never Forget You,Mariah Carey,"288,000"
"8,321",All the Way Up,Fat Joe & Jay-Z & Remy Ma ft. French Montana & Infared,"288,000"
"8,322",Queen of the Highway,The Doors,"287,000"
"8,323",Antes de las Seis,Shakira,"287,000"
"8,324",Bluebird,Buffalo Springfield,"287,000"
"8,325",How Do I Make You Love Me?,The Weeknd,"287,000"
"8,326",See See Rider,Elvis Presley,"287,000"
"8,327",Nasty,Ariana Grande,"287,000"
"8,328",Real Life,The Weeknd,"287,000"
"8,329",The Moment I Knew,Taylor Swift,"286,000"
"8,330",Even My Dad Does Sometimes,Ed Sheeran,"286,000"
"8,331",Anticipating,Britney Spears,"286,000"
"8,332",Cracker Island,Gorillaz,"286,000"
"8,333",Parasail,Travis Scott,"286,000"
"8,334",What Child Is This,Garth Brooks,"286,000"
"8,335",Slow Cheetah,Red Hot Chili Peppers,"286,000"
"8,336",Not Myself Tonight,Christina Aguilera,"286,000"
"8,337",Miami,U2,"286,000"
"8,338",La Droga,Bad Bunny,"286,000"
"8,339",Eleventh Earl of Mar,Genesis,"286,000"
"8,340",Palace,Sam Smith,"286,000"
"8,341",Some Kind of Wonderful,Michael Bublé,"286,000"
"8,342",S&M Remix,Britney Spears,"286,000"
"8,343",As Long As You Follow,Fleetwood Mac,"286,000"
"8,344",All in Your Mind,Mariah Carey,"286,000"
"8,345",Takeover,Jay-Z,"286,000"
"8,346",Breakdown,Guns N' Roses,"286,000"
"8,347",Every Planet We Reach Is Dead,Gorillaz,"286,000"
"8,348",Earth Blues,Jimi Hendrix,"286,000"
"8,349",What'd I Miss,Broadway cast of Hamilton,"286,000"
"8,350",Just Got Paid,Meghan Trainor,"286,000"
"8,351",White Christmas,The Supremes,"286,000"
"8,352",Summer's Over Interlude,Drake,"285,000"
"8,353","Wednesday Morning, 3 A.M.",Simon & Garfunkel,"285,000"
"8,354",Venice Queen,Red Hot Chili Peppers,"285,000"
"8,355",Miss Maggie,Renaud,"285,000"
"8,356",Let It Will Be,Madonna,"285,000"
"8,357",My City of Ruins,Bruce Springsteen,"285,000"
"8,358",Me and the Devil Blues,Eric Clapton,"285,000"
"8,359",Timeless,Taylor Swift,"285,000"
"8,360",Ambush in the Night,Bob Marley,"285,000"
"8,361",Dirty Movies,Van Halen,"285,000"
"8,362",Laugh at Me,Sonny & Cher,"285,000"
"8,363",Blue Jay Way,The Beatles,"285,000"
"8,364",Prayers / Spiritual,Tina Turner,"285,000"
"8,365",24H,Seventeen,"285,000"
"8,366",Strangers by Nature,Adele,"285,000"
"8,367",2000 Light Years Away,Green Day,"285,000"
"8,368",Wake Up Dead Man,U2,"285,000"
"8,369",Crumbs From Your Table,U2,"285,000"
"8,370",Like A Rolling Stone,Jimi Hendrix,"285,000"
"8,371","Long, Long Way to Go",Def Leppard,"285,000"
"8,372",Big Pimpin'/Papercut,Jay-Z,"285,000"
"8,373",FU,Miley Cyrus,"284,000"
"8,374",Crying,Björk,"284,000"
"8,375",Rats in the Cellar,Aerosmith,"284,000"
"8,376",The Feast and the Famine,Foo Fighters,"284,000"
"8,377",Congregation,Foo Fighters,"284,000"
"8,378",The Continuing Story of Bungalow Bill,The Beatles,"284,000"
"8,379",Long Promised Road,The Beach Boys,"284,000"
"8,380",Deora Ar Mo Chroí (Tears on my Heart),Enya,"284,000"
"8,381",Ugly,Bon Jovi,"284,000"
"8,382",Too Marvelous for Words,Frank Sinatra,"284,000"
"8,383",HAM,Jay-Z & Kanye West,"284,000"
"8,384",Wheels of Confusion,Black Sabbath,"284,000"
"8,385",My Guitar Lies Bleeding in My Arms,Bon Jovi,"284,000"
"8,386",Shameless,Billy Joel,"284,000"
"8,387","Os Números (John Bradlelum) / Cabeça, Ombro, Joelho e Pé (Head, Shoulders, Knees & Toes)",Xuxa,"284,000"
"8,388",So Appalled,Kanye West,"284,000"
"8,389",Immigrant,Sade,"284,000"
"8,390",Cut Across Shorty,Rod Stewart & Faces,"284,000"
"8,391",Make It Rain,Ed Sheeran,"284,000"
"8,392",Skies on Fire,AC/DC,"284,000"
"8,393",The Grudge,Olivia Rodrigo,"284,000"
"8,394",Winning,Santana,"283,000"
"8,395",I Got It from My Mama,Will.i.am,"283,000"
"8,396",The Light Is Coming,Ariana Grande ft. Nicki Minaj,"283,000"
"8,397",Puppet on a String,Elvis Presley,"283,000"
"8,398",Now,Carpenters,"283,000"
"8,399",I'll Write a Song For You,"Earth,Wind & Fire","283,000"
"8,400",Chloe or Sam or Sophia or Marcus,Taylor Swift,"283,000"
"8,401",Me and My Friends,Red Hot Chili Peppers,"283,000"
"8,402",Survival,Bob Marley,"283,000"
"8,403",Ma gonzesse,Renaud,"283,000"
"8,404",Ghost of the Navigator,Iron Maiden,"283,000"
"8,405",You Still Believe in Me,The Beach Boys,"283,000"
"8,406",No Matter What Sign You Are,Diana Ross & The Supremes,"283,000"
"8,407",Why,Sabrina Carpenter,"283,000"
"8,408",Oops,Little Mix,"283,000"
"8,409",Runaway Train,Elton John,"283,000"
"8,410",The Perfect Fan,Backstreet Boys,"283,000"
"8,411",O Sapinho Saiu Pra Passear,Xuxa,"283,000"
"8,412",Man Made a Bar,Morgan Wallen ft. Eric Church,"283,000"
"8,413",Joshua Fit the Battle,Elvis Presley,"282,000"
"8,414",Hold You Down,Jennifer Lopez,"282,000"
"8,415",Bad Energy,Juice Wrld,"282,000"
"8,416",Ezy Ryder,Jimi Hendrix,"282,000"
"8,417",The Soul Cages,Sting,"282,000"
"8,418",Powerless,Linkin Park,"282,000"
"8,419",Over & Over,Fleetwood Mac,"282,000"
"8,420",I'll Be There,Elvis Presley,"282,000"
"8,421",Niagara Falls (Foot or 2),21 Savage & Metro Boomin & Travis Scott,"282,000"
"8,422",Soon You'll Get Better,Taylor Swift ft. The Chicks,"282,000"
"8,423",Converse High,BTS,"282,000"
"8,424",Zero the Hero,Black Sabbath,"282,000"
"8,425",Alfie,Barbra Streisand,"282,000"
"8,426",Run Silent Run Deep,Iron Maiden,"282,000"
"8,427",MAMA,BTS,"282,000"
"8,428",Warning,Black Sabbath,"282,000"
"8,429",Do Nothin' Till You Hear from Me,Robbie Williams,"282,000"
"8,430",Don't Sit Down 'Cause I've Moved Your Chair,Arctic Monkeys,"282,000"
"8,431",Don't Let Him Steal Your Heart Away,Phil Collins,"282,000"
"8,432",Healing Hands,Elton John,"282,000"
"8,433",It Ain't Easy,David Bowie,"282,000"
"8,434",My Blue Heaven,Frank Sinatra,"282,000"
"8,448",Put It In A Love Song,Alicia Keys,"281,000"
"8,449",God Part II,U2,"281,000"
"8,450",I Need A Girl,Usher,"281,000"
"8,451",Watch,Travis Scott ft. Kanye West & Lil Uzi Vert,"281,000"
"8,452",Silent Night,Neil Diamond,"281,000"
"8,453",Slowpoke,"Crosby, Stills, Nash & Young","281,000"
"8,454",Send Your Love,Sting,"281,000"
"8,455",I Can't Get Started,Rod Stewart & Faces,"281,000"
"8,456",Put the Finger on You,AC/DC,"281,000"
"8,457",I Need Your Love Tonight,Elvis Presley,"281,000"
"8,458",Ten Duel Commandments,Broadway cast of Hamilton,"281,000"
"8,459",I Am the Sea,The Who,"281,000"
"8,435",Flying,The Beatles,"281,000"
"8,436",Workingman's Blues #2,Bob Dylan,"281,000"
"8,437",HiiiPoWeR,Kendrick Lamar,"281,000"
"8,438",Tuscan Leather,Drake,"281,000"
"8,439",I Cannot Believe It's True,Phil Collins,"281,000"
"8,440",Raw Power,Guns N' Roses,"281,000"
"8,441",Por Siempre Tú,Christina Aguilera,"281,000"
"8,442",Piggies,The Beatles,"281,000"
"8,443",Saint,Huncho Jack,"281,000"
"8,444",Why Does Love Got to Be So Sad?,Derek and the Dominos,"281,000"
"8,445",All in Love Is Fair,Stevie Wonder,"281,000"
"8,446",Shaman's Blues,The Doors,"281,000"
"8,447",Work,Bob Marley,"281,000"
"8,460",From Hank to Hendrix,Neil Young,"280,000"
"8,461",Hang 'Em High,Van Halen,"280,000"
"8,462",Land of Hope and Dreams,Bruce Springsteen,"280,000"
"8,463",Takin' Back My Love,Enrique Iglesias,"280,000"
"8,464",Successful,Ariana Grande,"280,000"
"8,465",Tired,Adele,"280,000"
"8,466",House of the Risin' Sun,Bob Dylan,"280,000"
"8,467",No track (By The Presleys),Elvis Presley,"280,000"
"8,468",Gettin' Over You,Fergie,"280,000"
"8,469",Snowchild,The Weeknd,"280,000"
"8,470",Hurricane,The Weeknd,"280,000"
"8,471",White Mustang,Lana Del Rey,"280,000"
"8,472",I Believe in Happy Endings,Neil Diamond,"280,000"
"8,473",Something Great,One Direction,"280,000"
"8,474",Tell Me Why,The Beatles,"280,000"
"8,475",Stop Messin' 'Round,Fleetwood Mac,"280,000"
"8,476",Final Hour,Lauryn Hill,"280,000"
"8,477",A Song For You,Amy Winehouse,"280,000"
"8,478",Never Enough,One Direction,"280,000"
"8,479",Mary Had a Little Lamb,Paul McCartney,"280,000"
"8,480",On the Sunny Side of the Street,Frank Sinatra,"280,000"
"8,481",Climbing Up the Walls,Radiohead,"280,000"
"8,482",Drop Dead Legs,Van Halen,"279,000"
"8,483",Lay Me Down,Avicii,"279,000"
"8,484",Street of Dreams,Guns N' Roses,"279,000"
"8,485",Hollywood Tonight,Michael Jackson,"279,000"
"8,486",Say No to This,Broadway cast of Hamilton,"279,000"
"8,487",Almighty Fire (Woman of the Future),Aretha Franklin,"279,000"
"8,488",All in Love Is Fair,Barbra Streisand,"279,000"
"8,489",Na Laetha Geal M'óige,Enya,"279,000"
"8,490",Stick to Your Guns,Bon Jovi,"279,000"
"8,491",Reconsider Baby,Eric Clapton,"279,000"
"8,492",The Bolter,Taylor Swift,"279,000"
"8,493",One Day,Björk,"279,000"
"8,494",If You Have to Ask,Red Hot Chili Peppers,"279,000"
"8,495",Fall Down,Will.i.am,"279,000"
"8,496",4 Page Letter,Aaliyah,"279,000"
"8,497",Lluvia cae,Enrique Iglesias,"279,000"
"8,498",Digital Dash,Drake & Future,"279,000"
"8,499",All That Heaven Will Allow,Bruce Springsteen,"279,000"
"8,500",Leave,Post Malone,"279,000"
"8,501",Hit Different,SZA,"279,000"
"8,502",Mozambique,Bob Dylan,"278,000"
"8,503",Two Words,Kanye West,"278,000"
"8,504",My Eyes Have Seen You,The Doors,"278,000"
"8,505",Lions,Dire Straits,"278,000"
"8,506",Yahweh,U2,"278,000"
"8,507",Jorja Interlude,Drake,"278,000"
"8,508",Dónde Están los Ladrones?,Shakira,"278,000"
"8,509",Turn Your Lights Down Low,Lauryn Hill,"278,000"
"8,510",Gone,Kanye West,"278,000"
"8,511",Goin' to the Bank,Commodores,"278,000"
"8,512",Moonglow,Rod Stewart & Faces,"278,000"
"8,513",Walking After Midnight,Garth Brooks,"278,000"
"8,514",Room Full of Mirrors,Jimi Hendrix,"278,000"
"8,515",Where Were You in the Morning?,Shawn Mendes,"278,000"
"8,516",How I Got Over,Aretha Franklin,"278,000"
"8,517",Bounce,System of a Down,"278,000"
"8,518",Why Don't We Do It in the Road?,The Beatles,"277,000"
"8,519",Catch Me,Demi Lovato,"277,000"
"8,520",Love Sick,Bob Dylan,"277,000"
"8,521",É Proibido Fumar,Roberto Carlos,"277,000"
"8,522",Nossa Canção,Roberto Carlos,"277,000"
"8,523",Feel Me,Selena Gomez,"277,000"
"8,524",If You Want It to Be Good Girl (Get Yourself a Bad Boy),Backstreet Boys,"277,000"
"8,525",Ransom,Juice Wrld,"277,000"
"8,526",The Beatles' Movie Medley,The Beatles,"277,000"
"8,527",Auld Lang Syne,Mannheim Steamroller,"277,000"
"8,528",Look Up (To See What's Coming Down),Santana,"277,000"
"8,529",Hound Dog,Jimi Hendrix,"277,000"
"8,530",Death Around the Corner,2Pac,"277,000"
"8,531",Voodoo,Black Sabbath,"276,000"
"8,532",Asylum,Supertramp,"276,000"
"8,533",Battle Cry,Imagine Dragons,"276,000"
"8,534",Make the World Go Away,Elvis Presley,"276,000"
"8,535",I Want Tomorrow,Enya,"276,000"
"8,536",Tis A Pity She Was A Whore,David Bowie,"276,000"
"8,537",Go Robot,Red Hot Chili Peppers,"276,000"
"8,538",I Know,Post Malone,"276,000"
"8,539",Slip Kid,The Who,"276,000"
"8,540",Autumn Leaves,Ed Sheeran,"276,000"
"8,541",How to Disappear,Lana Del Rey,"276,000"
"8,542",On Sight,Kanye West,"276,000"
"8,543",Let Him Run Wild,The Beach Boys,"276,000"
"8,544",N 2 Deep,Drake ft. Future,"276,000"
"8,545",The Razors Edge,AC/DC,"276,000"
"8,546",Drips,Eminem,"275,000"
"8,547",Square One,Coldplay,"275,000"
"8,548",We Fly So Close,Phil Collins,"275,000"
"8,549",Nuketown,Juice Wrld,"275,000"
"8,550",Loyal to the Game,2Pac,"275,000"
"8,551",Thinkin' 'Bout You,Ariana Grande,"275,000"
"8,552",My Heart Is Open,Maroon 5,"275,000"
"8,553",If,Destiny's Child,"275,000"
"8,554",[Documentary],Eagles,"275,000"
"8,555",Someday After a While,Eric Clapton,"275,000"
"8,556",Don't Be a Fool,Shawn Mendes,"275,000"
"8,557",Oh! Look at Me Now,Frank Sinatra,"275,000"
"8,558",Unfair,Exo,"275,000"
"8,559",Don't Get Around Much Anymore,Rod Stewart & Faces,"275,000"
"8,560",White Christmas,Barbra Streisand,"275,000"
"8,561",Juanita,Shania Twain,"275,000"
"8,562",Til I Die,The Beach Boys,"275,000"
"8,563",Mylo Xyloto,Coldplay,"275,000"
"8,564",Treat,Santana,"275,000"
"8,565",Blues For Salvador,Santana,"275,000"
"8,566",Nightingale,Demi Lovato,"275,000"
"8,567",Coffee Shop,Red Hot Chili Peppers,"275,000"
"8,568",Pray 4 Love,Travis Scott ft. the Weeknd,"275,000"
"8,569",All I Want Is Everything,Def Leppard,"275,000"
"8,570",I Belong to You,Whitney Houston,"274,000"
"8,571",No Frauds,Drake & Lil Wayne & Nicki Minaj,"274,000"
"8,572",Suzanne,Journey,"274,000"
"8,573",The Cowboy Song,Garth Brooks,"274,000"
"8,574",Corporal Clegg,Pink Floyd,"274,000"
"8,575",Cowgirls,Morgan Wallen ft. Ernest,"274,000"
"8,576",Stone Flower,Santana,"274,000"
"8,577",Frankie's First Affair,Sade,"274,000"
"8,578",What Comes Next?,Broadway cast of Hamilton,"274,000"
"8,579",The Motion,Drake,"274,000"
"8,580",Sooner or Later,Supertramp,"274,000"
"8,581",Behind Barz,Drake,"274,000"
"8,582",Krazy,2Pac,"274,000"
"8,583",Making the Bed,Olivia Rodrigo,"274,000"
"8,584",Daylight,Drake,"274,000"
"8,585",Cry Your Heart Out,Adele,"274,000"
"8,586",The Man Who Never Lied,Maroon 5,"273,000"
"8,587",Whatever,Ayumi Hamasaki,"273,000"
"8,588",Hawaiian Wedding Song,Elvis Presley,"273,000"
"8,589",Bad Con Nicky,Bad Bunny & Nicky Jam,"273,000"
"8,590",One,Lewis Capaldi,"273,000"
"8,591",No Alibis,Eric Clapton,"273,000"
"8,592",High on Sunshine,Commodores,"273,000"
"8,593",Got It Made,"Crosby, Stills, Nash & Young","273,000"
"8,594",Tunnel Vision,Justin Timberlake,"273,000"
"8,595",In My Car (I'll Be the Driver),Shania Twain,"273,000"
"8,596",Still I Rise,2Pac,"273,000"
"8,597",First Love,BTS,"273,000"
"8,598",Change Your Life,Little Mix,"273,000"
"8,599",Hummingbird Heartbeat,Katy Perry,"273,000"
"8,600",Pledging My Love,Elvis Presley,"273,000"
"8,601",Put Yourself in My Place,Kylie Minogue,"273,000"
"8,602",Just to Get High,Nickelback,"273,000"
"8,603",Signs,Justin Timberlake,"273,000"
"8,604",Right Here,Justin Bieber,"273,000"
"8,605",Off the Table,Ariana Grande & the Weeknd,"273,000"
"8,606",Electric Touch,Taylor Swift ft. Fall Out Boys,"273,000"
"8,607",The Judas Kiss,Metallica,"273,000"
"8,608",Ramble Tamble,Creedence Clearwater Revival,"273,000"
"8,609",Superman,Barbra Streisand,"273,000"
"8,610",I Shall Be Released,Bob Dylan,"273,000"
"8,611",Rigamortus,Kendrick Lamar,"273,000"
"8,612","Every Ghetto, Every City",Lauryn Hill,"272,000"
"8,613",One Night Love Affair,Bryan Adams,"272,000"
"8,614",The First of Autumn,Enya,"272,000"
"8,615",King Of Hollywood,Eagles,"272,000"
"8,616",Mercy in You,Depeche Mode,"272,000"
"8,617",My Fault,Eminem,"272,000"
"8,618",Hollyann,Boston,"272,000"
"8,619",It's Midnight Cinderella,Garth Brooks,"272,000"
"8,620",Mansion on the Hill,Bruce Springsteen,"272,000"
"8,621",Temporary Fix,One Direction,"272,000"
"8,622",Until the Night,Billy Joel,"272,000"
"8,623",The Glory,Kanye West,"272,000"
"8,624",Take You Home with Me,Jay-Z & R. Kelly,"272,000"
"8,625",Dear Reader,Taylor Swift,"272,000"
"8,626",The Gift,Garth Brooks,"272,000"
"8,627",Hello,Oasis,"272,000"
"8,628",Happy Pills,Norah Jones,"272,000"
"8,629",Good Times,Jimi Hendrix,"272,000"
"8,630",Scholarships,Drake & Future,"272,000"
"8,631",Give It Up to Me,Shakira ft. Lil Wayne,"271,000"
"8,632",Moon River,Barbra Streisand,"271,000"
"8,633",Night Bird Flying,Jimi Hendrix,"271,000"
"8,634",Promises,Barbra Streisand,"271,000"
"8,635",I Could Be the One,Avicii & Nicky Romero,"271,000"
"8,636",This Is the Place,Red Hot Chili Peppers,"271,000"
"8,637",You Are Not Alone,Eagles,"271,000"
"8,638",I Know Him So Well,Whitney Houston,"271,000"
"8,639",The Lady Is a Vamp,Spice Girls,"271,000"
"8,640",Dixie Chicken,Garth Brooks,"271,000"
"8,641",Shakin' Hands,Nickelback,"271,000"
"8,642",Every Breaking Wave,U2,"271,000"
"8,643",Paschendale,Iron Maiden,"271,000"
"8,644",Dolly Dagger,Jimi Hendrix,"271,000"
"8,645",Live For,The Weeknd,"271,000"
"8,646",Fireworks,Drake ft. Alicia Keys,"270,000"
"8,647",Children's Crusade,Sting,"270,000"
"8,648",Poker Face,Ayumi Hamasaki,"270,000"
"8,649",Night Rider's Lament,Garth Brooks,"270,000"
"8,650",Warrior,Demi Lovato,"270,000"
"8,651",One for My Baby,Robbie Williams,"270,000"
"8,652",Stone Cold Crazy,Metallica,"270,000"
"8,653",Tough Lover,Christina Aguilera,"270,000"
"8,654",There's Got to Be a Way,Mariah Carey,"270,000"
"8,655",Little Guitars,Van Halen,"270,000"
"8,656",Buenos Aires,Madonna,"270,000"
"8,657",Stepping Stone,Jimi Hendrix,"270,000"
"8,658",No Long Talk,Drake ft. Giggs,"270,000"
"8,659",Government Hooker,Lady Gaga,"270,000"
"8,660",If It Wasn't for the Nights,Abba,"270,000"
"8,661",Encore / Curtains Down,Eminem,"269,000"
"8,662",Summer's Almost Gone,The Doors,"269,000"
"8,663",Who Will I Be?,Demi Lovato,"269,000"
"8,664",Ça Ne Change Pas Un Homme,Johnny Hallyday,"269,000"
"8,665",Dime Si Te Acuerdas,Bad Bunny,"269,000"
"8,666",You Fool No One,Deep Purple,"269,000"
"8,667",Finest Worksong,R.E.M.,"269,000"
"8,668",I Took Your Name,R.E.M.,"269,000"
"8,669",Star67,Drake,"269,000"
"8,670",Skin,Sade,"269,000"
"8,671",Como Antes,Bad Bunny,"269,000"
"8,672",A Poem on the Underground Wall,Simon & Garfunkel,"269,000"
"8,673",So Good,Destiny's Child,"269,000"
"8,674",Seduction,Usher,"269,000"
"8,675",Downer,Nirvana,"269,000"
"8,676",In Common,Alicia Keys,"269,000"
"8,677",Blue Tint,Drake,"269,000"
"8,678",Oh Yoko!,John Lennon,"269,000"
"8,679",Plastic Beach,Gorillaz,"269,000"
"8,680",Angel,The Weeknd,"269,000"
"8,681",Or Nah,DJ Mustard & Ty Dolla Sign ft.The Weeknd & Wiz Khalifa,"269,000"
"8,682",It's Only a Paper Moon,Frank Sinatra,"269,000"
"8,704",Kitty Kat,Beyonce,"268,000"
"8,683",They All Went To Mexico,Santana,"268,000"
"8,684",No Stranger to Love,Black Sabbath,"268,000"
"8,685",White Christmas,Shania Twain,"268,000"
"8,686",Burning of the Midnight Lamp,Jimi Hendrix Experience,"268,000"
"8,687",Make Up,Ariana Grande,"268,000"
"8,688",Unaccommodating,Eminem,"268,000"
"8,689",(There Is) No Greater Love,Amy Winehouse,"268,000"
"8,690",Midnight at the Lost and Found,Meat Loaf,"268,000"
"8,691",Big Man on Mulberry Street,Billy Joel,"268,000"
"8,692",Closed On Sunday,Kanye West,"268,000"
"8,693",Hold On,Adele,"268,000"
"8,694",Farmer John,Neil Young with Crazy Horse,"268,000"
"8,695",Vocab,Fugees,"268,000"
"8,696","Endless, Nameless",Nirvana,"268,000"
"8,697",Everyone,Backstreet Boys,"268,000"
"8,698",Big Yellow Taxi,Bob Dylan,"268,000"
"8,699",Die with Your Boots On,Iron Maiden,"268,000"
"8,700",Fa La La,Justin Bieber,"268,000"
"8,701",Bel Air,Lana Del Rey,"268,000"
"8,702",Eu Te Amo Tanto,Roberto Carlos,"268,000"
"8,703",(Such an) Easy Question,Elvis Presley,"268,000"
"8,705",Next to You,The Police,"267,000"
"8,706",Hard to Concentrate,Red Hot Chili Peppers,"267,000"
"8,707",What's Next to the Moon,AC/DC,"267,000"
"8,708",Do This Anymore,Nickelback,"267,000"
"8,709",Hide,Juice Wrld,"267,000"
"8,710",Cabinet Battle #1,Broadway cast of Hamilton,"267,000"
"8,711",13 Beaches,Lana Del Rey,"267,000"
"8,712",Be Ever Wonderful,"Earth,Wind & Fire","267,000"
"8,713",Dangerously in Love (DC),Destiny's Child,"267,000"
"8,714",The Grand Vizier's Garden Party (Part 1: Entrance),Pink Floyd,"267,000"
"8,715",I Believe in You,Bob Dylan,"267,000"
"8,716",Ronan,Taylor Swift,"267,000"
"8,717",My Wild Love,The Doors,"267,000"
"8,718",The Thorn Within,Metallica,"267,000"
"8,719",Up In The Sky,Oasis,"267,000"
"8,720",Nobody Knows Me,Madonna,"267,000"
"8,721",Señor (Tales of Yankee Power),Bob Dylan,"267,000"
"8,722",Company,Drake ft. Travis Scott,"267,000"
"8,723",The Score,Fugees,"267,000"
"8,724",Wouldn't Change a Thing,Kylie Minogue,"267,000"
"8,725",Laisse les filles,Johnny Hallyday,"267,000"
"8,726",Girls in Their Summer Clothes,Bruce Springsteen,"267,000"
"8,727",It's Only Love,The Beatles,"267,000"
"8,728",Les coups,Johnny Hallyday,"266,000"
"8,729",Christmas Love,Justin Bieber,"266,000"
"8,730",Driving the Last Spike,Genesis,"266,000"
"8,731",Hibiki,Bad Bunny,"266,000"
"8,732",There Goes My Everything,Elvis Presley,"266,000"
"8,733",Inject the Venom,AC/DC,"266,000"
"8,734",O Coelinho Fufu,Xuxa,"266,000"
"8,735",Hell of a Life,Kanye West,"266,000"
"8,736",Pretty Girl Rock,Kanye West,"266,000"
"8,737",Do My Thang,Miley Cyrus,"266,000"
"8,738",Purple Stain,Red Hot Chili Peppers,"266,000"
"8,739",How Does It Feel,Avril Lavigne,"266,000"
"8,740",No Me Digas Que No,Enrique Iglesias,"266,000"
"8,741",The Cry/The Electric Co.,U2,"266,000"
"8,742",Pinwheel,Seventeen,"266,000"
"8,743",Treefingers,Radiohead,"266,000"
"8,744",Nobody's Fault,Aerosmith,"266,000"
"8,745",On a Clear Day,Barbra Streisand,"266,000"
"8,746",It'll Be Okay,Shawn Mendes,"266,000"
"8,747",Santa Claus Is Comin' to Town,Carpenters,"266,000"
"8,748",Like Spinning Plates,Radiohead,"266,000"
"8,749",Good Guy,Eminem,"265,000"
"8,750",Down Payment Blues,AC/DC,"265,000"
"8,751",I Want to Write You a Song,One Direction,"265,000"
"8,752",One Wish (For Christmas),Whitney Houston,"265,000"
"8,753",De Novo Adagio (Intro),Alicia Keys,"265,000"
"8,754",BTS Cypher Pt. 3: Killer,BTS,"265,000"
"8,755",Poor Twisted Me,Metallica,"265,000"
"8,756",Take The Keys To My Heart,Garth Brooks,"265,000"
"8,757","Lily, Rosemary and the Jack of Hearts",Bob Dylan,"265,000"
"8,758",It's Christmas Time,Diana Ross,"265,000"
"8,759",Yes,Coldplay,"265,000"
"8,760",Up All Night,Take That,"265,000"
"8,761",Let's Work,Prince,"265,000"
"8,762",Everything Is Broken,Bob Dylan,"265,000"
"8,763",Heartbreaker,Will.i.am,"265,000"
"8,764",Ain't Talkin',Bob Dylan,"265,000"
"8,765",Hoy Cobré,Bad Bunny,"265,000"
"8,766","Shake, Rattle And Roll",Elvis Presley,"265,000"
"8,767",Amazing Day,Coldplay,"264,000"
"8,768",Misery,The Beatles,"264,000"
"8,769",Used To,Drake ft. Lil Wayne,"264,000"
"8,770",Be the Rain,Neil Young with Crazy Horse,"264,000"
"8,771",Settle Down,No Doubt,"264,000"
"8,772",Is This Love?,Ayumi Hamasaki,"264,000"
"8,773",Dear Boy,Linda McCartney & Paul McCartney,"264,000"
"8,774",Dream,Frank Sinatra,"264,000"
"8,775",When the Lovelight Starts Shining Through His Eyes,The Supremes,"264,000"
"8,776",Up In Flames,Coldplay,"264,000"
"8,777",Stay Beautiful,Taylor Swift,"264,000"
"8,778",Just a Little Bit of You,Michael Jackson,"264,000"
"8,779",I Promise You (with Everything I Am),Backstreet Boys,"264,000"
"8,780",Highway Chile,Jimi Hendrix,"264,000"
"8,781",Lacy,Olivia Rodrigo,"264,000"
"8,782",Piano & I,Alicia Keys,"264,000"
"8,783",Saved,Bob Dylan,"264,000"
"8,784",Melancholy Mood,Bob Dylan,"264,000"
"8,785",Show Me a Good Time,Drake,"263,000"
"8,786",Let Me Know,BTS,"263,000"
"8,787",Suicide Solution,Ozzy Osbourne,"263,000"
"8,788",Maybe I'm Amazed,Rod Stewart & Faces,"263,000"
"8,789",The Very Thought of You,Rod Stewart & Faces,"263,000"
"8,790",No Inbetween,Supertramp,"263,000"
"8,791",Cabron,Red Hot Chili Peppers,"263,000"
"8,792",Last Exit,Pearl Jam,"263,000"
"8,793",All I Ever Wanted,Santana,"263,000"
"8,794",Shirtsleeves,Ed Sheeran,"263,000"
"8,795",Mountains,Prince,"263,000"
"8,796",Can't Stand Still,AC/DC,"263,000"
"8,797",Wring That Neck,Deep Purple,"263,000"
"8,798",Jail,Kanye West,"263,000"
"8,799",Ballad of a Homeschooled Girl,Olivia Rodrigo,"263,000"
"8,800",Comin' Under Fire,Def Leppard,"263,000"
"8,801",Music Box,Mariah Carey,"263,000"
"8,802",Are You Ready,AC/DC,"263,000"
"8,803",Who Knows,Avril Lavigne,"263,000"
"8,804",5/4,Gorillaz,"263,000"
"8,805",Early in the Morning,Eric Clapton,"263,000"
"8,806",Same Old Blues,Eric Clapton,"263,000"
"8,807",The Devil's Been Busy,Traveling Wilburys,"263,000"
"8,808",Uptown,Drake,"263,000"
"8,809",Without You,Van Halen,"263,000"
"8,810","Best Friends, Right?",Amy Winehouse,"263,000"
"8,811",Up There,Post Malone,"263,000"
"8,812",Share Your Love with Me,Aretha Franklin,"263,000"
"8,813",Out Of Control,U2,"262,000"
"8,814",Sidewalks,The Weeknd ft. Kendrick Lamar,"262,000"
"8,815",Fools Rush In (Where Angels Fear to Tread),Frank Sinatra,"262,000"
"8,816",Castles Crumbling,Taylor Swift ft. Hayley Williams,"262,000"
"8,817",Lemon Pepper Freestyle,Drake ft. Rick Ross,"262,000"
"8,818",White Mountain,Genesis,"262,000"
"8,819",It's O.K.,The Beach Boys,"262,000"
"8,820",Touch and Go,Ed Sheeran,"262,000"
"8,821",Wasted Time - Reprise,Eagles,"262,000"
"8,822",Spirit on the Water,Bob Dylan,"262,000"
"8,823",Sweet Wine,Cream,"262,000"
"8,824",Marry You,B.B King & Eric Clapton,"262,000"
"8,825",Attack,System of a Down,"262,000"
"8,826",Closure,Taylor Swift,"262,000"
"8,827",He Touched Me,Elvis Presley,"262,000"
"8,828",¡Viva la Gloria!,Green Day,"262,000"
"8,829",Muñeca Cruel,Enrique Iglesias,"262,000"
"8,830",We Got the Party,Miley Cyrus,"261,000"
"8,831",Slave Song,Sade,"261,000"
"8,832",Desecration Smile,Red Hot Chili Peppers,"261,000"
"8,833",Over And Over,Madonna,"261,000"
"8,834",Something in the Night,Bruce Springsteen,"261,000"
"8,835",Long Walk Home,Bruce Springsteen,"261,000"
"8,836","It Takes a Lot to Laugh, It Takes a Train to Cry",Bob Dylan,"261,000"
"8,837",I Believe in You,Neil Young,"261,000"
"8,838",Gone Going,Black Eyed Peas,"261,000"
"8,839",The Messenger,Linkin Park,"261,000"
"8,840",It Ain't Me,Kygo & Selena Gomez,"261,000"
"8,841",Genghis Khan,Iron Maiden,"261,000"
"8,842",Brown Skin Girl,Beyonce,"261,000"
"8,843",Cool Cat,Queen,"261,000"
"8,844",La Fille Aux Cheveux Clairs,Johnny Hallyday,"261,000"
"8,845",Drive All Night,Bruce Springsteen,"261,000"
"8,846",Back to Your Heart,Backstreet Boys,"261,000"
"8,847",Fly on the Wall,AC/DC,"261,000"
"8,848",Old Dan Tucker,Bruce Springsteen,"261,000"
"8,849",A New Machine (Part 1),Pink Floyd,"261,000"
"8,850",Losers,The Weeknd,"261,000"
"8,851",I Thought About Killing You,Kanye West,"261,000"
"8,852",Coisas Do Coração,Roberto Carlos,"261,000"
"8,853",Like Someone In Love,Björk,"260,000"
"8,854",Old Dirt Road,John Lennon,"260,000"
"8,855",Find a Way to My Heart,Phil Collins,"260,000"
"8,856","Well, Did You Evah!",Bing Crosby,"260,000"
"8,857",S.A.T.O.,Ozzy Osbourne,"260,000"
"8,858",Ourselves,Ayumi Hamasaki,"260,000"
"8,859",Nothing Fails,Madonna,"260,000"
"8,860",The E Street Shuffle,Bruce Springsteen,"260,000"
"8,861",Close to You,Frank Sinatra,"260,000"
"8,862",Princess Diana,Ice Spice & Nicki Minaj,"260,000"
"8,863",Already,Beyonce,"260,000"
"8,864",Fit For A King,Garth Brooks,"260,000"
"8,865",Que restera-t-il ?,Johnny Hallyday,"260,000"
"8,866",Alone + Easy Target,Foo Fighters,"260,000"
"8,867",That's What It's Made For,Usher,"260,000"
"8,868",New Killer Star,David Bowie,"260,000"
"8,869",The Ledge,Fleetwood Mac,"260,000"
"8,870",One Night Stand,Enrique Iglesias,"260,000"
"8,871",Feel,Post Malone ft. Kehlani,"260,000"
"8,872",Comandante Do Seu Coração,Roberto Carlos,"260,000"
"8,873",Anything (KC),Jay-Z,"260,000"
"8,874",I Can't Stop Thinking About You,Sting,"260,000"
"8,875",Take My Hand,Dido,"260,000"
"8,876",Why You Wanna Treat Me So Bad?,Prince,"260,000"
"8,877",I Was Hoping,Alanis Morissette,"260,000"
"8,878",Autumn Leaves,Barbra Streisand,"260,000"
"8,879",Lazy Days,Enya,"260,000"
"8,880",Selfish,NSYNC,"260,000"
"8,881",Rolling Stone,The Weeknd,"260,000"
"8,882",Love Me More,Sam Smith,"260,000"
"8,883",Logical,Olivia Rodrigo,"260,000"
"8,884",Twenty Flight Rock,Paul McCartney,"259,000"
"8,885",Dream,Imagine Dragons,"259,000"
"8,886",Most Likely You Go Your Way and I'll Go Mine,Bob Dylan,"259,000"
"8,887",J'ai un problème,Johnny Hallyday,"259,000"
"8,888",My Oasis,Sam Smith ft. Burna Boy,"259,000"
"8,889",Travelin' Man,Lynyrd Skynyrd,"259,000"
"8,890",Sweetest Goodbye,Maroon 5,"259,000"
"8,891",Been You,Justin Bieber,"259,000"
"8,892",Motherless Children,Eric Clapton,"259,000"
"8,893",Step Back in Time,Kylie Minogue,"259,000"
"8,894",Up to My Neck in You,AC/DC,"259,000"
"8,895",Honey Pie,The Beatles,"259,000"
"8,896",Up Up and Away,Juice Wrld,"259,000"
"8,897",I'm Gonna Live Till I Die,Frank Sinatra,"259,000"
"8,898",Want To,Dua Lipa,"258,000"
"8,899",That Old Feeling,Rod Stewart & Faces,"258,000"
"8,900",Octavo Día,Shakira,"258,000"
"8,901",Bedtime,Usher,"258,000"
"8,902",Can't Buy Me Love,Michael Bublé,"258,000"
"8,903",Open Arms,SZA,"258,000"
"8,904",If You Were Me,Elton John,"258,000"
"8,905",One Sunny Day,Fleetwood Mac,"258,000"
"8,906",Sun Goes Down,Lil Nas X,"258,000"
"8,907",Going Down Slow,Eric Clapton,"258,000"
"8,908",Tight Connection to My Heart (Has Anybody Seen My Love),Bob Dylan,"258,000"
"8,909",Roses,Kanye West,"258,000"
"8,910",Can't Take My Eyes Off You,Diana Ross & The Supremes,"258,000"
"8,911",I Will Survive,Diana Ross,"258,000"
"8,912",The Odyssey (Be  Lonely Looking Sky  Dear Father),Neil Diamond,"258,000"
"8,913",Audience,Ayumi Hamasaki,"258,000"
"8,914",Grown-Up Christmas List,Barbra Streisand,"258,000"
"8,915",Stranger in a Strange Land,Barbra Streisand,"258,000"
"8,916",Paris,Elton John,"258,000"
"8,917",Drummer Boy,Justin Bieber,"258,000"
"8,918",Housequake,Prince,"257,000"
"8,919",It's in the Rain,Enya,"257,000"
"8,920",Izabella,Jimi Hendrix,"257,000"
"8,921",Water Shows the Hidden Heart,Enya,"257,000"
"8,922",Stolen Car,Bruce Springsteen,"257,000"
"8,923",Only One,Kanye West & Paul McCartney,"257,000"
"8,924",This Kiss,Carly Rae Jepsen,"257,000"
"8,925",Moon River,Frank Sinatra,"257,000"
"8,926",As Good as New,Abba,"257,000"
"8,927",Titanic,Juice Wrld,"257,000"
"8,928",Man Of The World,Fleetwood Mac,"257,000"
"8,929",Me Against The Music,Madonna,"257,000"
"8,930",Fear of Heights,Drake,"257,000"
"8,931",Yo Le Llego,Bad Bunny & J Balvin,"257,000"
"8,932",Believe It,Rihanna,"257,000"
"8,933",All Night Parking,Adele,"257,000"
"8,934",The Albatross,Taylor Swift,"257,000"
"8,935",Lotta Love,Neil Young,"256,000"
"8,936",Thinking 'Bout You,Dua Lipa,"256,000"
"8,937",I Miss You,Miley Cyrus,"256,000"
"8,938",Don't Damn Me,Guns N' Roses,"256,000"
"8,939",Soldiers,Abba,"256,000"
"8,940",Blood,Kendrick Lamar,"256,000"
"8,941",IMY2,Drake ft. Kid Cudi,"256,000"
"8,942",Ain't No Nigga,Jay-Z ft. Foxy Brown,"256,000"
"8,943",Moment of Clarity,Jay-Z,"256,000"
"8,944",You Gave Me The Answer,Wings,"256,000"
"8,945",Can't Run But,Paul Simon,"256,000"
"8,946",C'est la Vie,Shania Twain,"256,000"
"8,947",Netflixxx,Bad Bunny & Brytiago,"256,000"
"8,948",Come Get It Bae,Miley Cyrus,"256,000"
"8,949",The Christmas Song,Neil Diamond,"256,000"
"8,950",I Don't Know What Love Is,Bradley Cooper & Lady Gaga,"256,000"
"8,951",We Are the World,Michael Jackson,"256,000"
"8,952",The Reincarnation of Benjamin Breeg,Iron Maiden,"256,000"
"8,953",Magnolia,Eric Clapton & Friends,"256,000"
"8,954",My Way of Life,Frank Sinatra,"256,000"
"8,955",Morning Bell,Radiohead,"256,000"
"8,956",All By Myself,Green Day,"256,000"
"8,957",No Prayer for the Dying,Iron Maiden,"256,000"
"8,960",Just Got Paid,NSYNC,"255,000"
"8,961","It's Alright, Ma (I'm Only Bleeding)",Bob Dylan,"255,000"
"8,962",Never Before,Deep Purple,"255,000"
"8,963",Cinco Macaquinhos,Xuxa,"255,000"
"8,964",All of the Lights (Interlude),Kanye West,"255,000"
"8,965",The End of the World,Carpenters,"255,000"
"8,966",Dirty Window,Metallica,"255,000"
"8,967",Wish You Were Here,Bee Gees,"255,000"
"8,968",Lost on You,Lewis Capaldi,"255,000"
"8,969",Still Ballin',2Pac,"255,000"
"8,970",Swept Away,Diana Ross,"255,000"
"8,971",Pawn Shop,Sublime,"255,000"
"8,972",Major Minus,Coldplay,"255,000"
"8,973",It's the Little Things,Sonny & Cher,"255,000"
"8,974",Star,David Bowie,"255,000"
"8,975",How Come U Don't Call Me Anymore,Prince,"255,000"
"8,976",It's a Wonderful World,Frank Sinatra,"255,000"
"8,977",Don't Like,Kanye West,"255,000"
"8,978",98 Braves,Morgan Wallen,"255,000"
"8,979",Barbie Dreams,Nicki Minaj,"255,000"
"8,980",Fix a Heart,Demi Lovato,"255,000"
"8,981",I've Got a Thing About You Baby,Elvis Presley,"255,000"
"8,982",Taste of India,Aerosmith,"255,000"
"8,983",2 Nigs United 4 West Compton,Prince,"255,000"
"8,984",Hours in Silence,21 Savage & Drake,"255,000"
"8,958",Tangled,Maroon 5,"255,000"
"8,959",Suicide & Redemption,Metallica,"255,000"
"8,985",If Not Now,Tracy Chapman,"254,000"
"8,986",O Xou da Xuxa Começou,Xuxa,"254,000"
"8,987",Monsoon,Robbie Williams,"254,000"
"8,988",Kind Woman,Buffalo Springfield,"254,000"
"8,989",Unkiss Me,Maroon 5,"254,000"
"8,990",Alabama Clay,Garth Brooks,"254,000"
"8,991",Guilty Of The Crime,Eagles,"254,000"
"8,992",Blackout,Linkin Park,"254,000"
"8,993",And the Sun Will Shine,Bee Gees,"254,000"
"8,994",Welcome to Paradise,Green Day,"254,000"
"8,995",Spin You Around,Morgan Wallen,"254,000"
"8,996",Domino,Seventeen,"254,000"
"8,997",Go to Sleep,Radiohead,"254,000"
"8,998",Look at Me,Carrie Underwood,"253,000"
"8,999",Who Are You (Who Am I?),Elvis Presley,"253,000"
"9,000",Armatage Shanks,Green Day,"253,000"
"9,001",Stay Ready (What a Life),Kendrick Lamar,"253,000"
"9,002",SWLABR,Cream,"253,000"
"9,003",Barbie Tingz,Nicki Minaj,"253,000"
"9,004",Tempus Vernum,Enya,"253,000"
"9,005",The Honey Roll,AC/DC,"253,000"
"9,006",Cuando Perriabas,Bad Bunny,"253,000"
"9,007",Suicidal,Juice Wrld,"253,000"
"9,008",It Came Upon a Midnight Clear,Frank Sinatra,"253,000"
"9,009",Maestro,Seventeen,"253,000"
"9,010",Greatest-Hits,Sublime,"253,000"
"9,011",It Had Better Be Tonight (Meglio Stasera),Michael Bublé,"253,000"
"9,012",Somebody's Me,Enrique Iglesias,"253,000"
"9,013",Mr. Intentional,Lauryn Hill,"253,000"
"9,014",A Vida é Uma Festa,Xuxa,"253,000"
"9,015",Tonight I'm Getting Over You,Carly Rae Jepsen,"253,000"
"9,016",The Song Is You,Frank Sinatra,"253,000"
"9,017",History,Exo,"253,000"
"9,018",Searching,Lynyrd Skynyrd,"253,000"
"9,019",Drunk on Love,Rihanna,"253,000"
"9,020",Trashed,Black Sabbath,"253,000"
"9,021",But Not for Me,Rod Stewart & Faces,"253,000"
"9,022",Hanabi: Episode II,Ayumi Hamasaki,"253,000"
"9,023",I'll Be Your Man,James Blunt,"253,000"
"9,024",Should've Listened,Nickelback,"253,000"
"9,025",Matchbox,The Beatles,"253,000"
"9,026",Everyday Life,Coldplay,"252,000"
"9,027",Cry,James Blunt,"252,000"
"9,028",When I Find Love Again,James Blunt,"252,000"
"9,029",Figure Of Eight,Paul McCartney,"252,000"
"9,030",I'd Be Surprisingly Good For You,Madonna,"252,000"
"9,031",See the Sky About to Rain,Neil Young,"252,000"
"9,032",Tuesday's Gone,Metallica,"252,000"
"9,033",Invisible Kid,Metallica,"252,000"
"9,034",Why Ain't I Running,Garth Brooks,"252,000"
"9,035",Grey Seal,Elton John,"252,000"
"9,036",New York City Serenade,Bruce Springsteen,"252,000"
"9,037",Tous ensemble,Johnny Hallyday,"252,000"
"9,038",I Wonder If Heaven Got a Ghetto,2Pac,"252,000"
"9,039",Smile,2Pac,"252,000"
"9,040",Say It First,Sam Smith,"252,000"
"9,041",Overdrive,Post Malone,"252,000"
"9,042",Another's Arms,Coldplay,"252,000"
"9,043",Jump,Rihanna,"252,000"
"9,044",Pray You Catch Me,Beyonce,"252,000"
"9,045",Father to Son,Phil Collins,"252,000"
"9,046",4th Time Around,Bob Dylan,"252,000"
"9,047",Let It Be Me,Elvis Presley,"252,000"
"9,048",Life in a Glasshouse,Radiohead,"252,000"
"9,049",Spend Some Time,Eminem,"252,000"
"9,050",The Old Stuff,Garth Brooks,"252,000"
"9,051",Something So Right,Annie Lennox & Paul Simon,"252,000"
"9,052",Brendan's Death Song,Red Hot Chili Peppers,"252,000"
"9,053",Lazy Afternoon,Barbra Streisand,"252,000"
"9,054",Who's Lovin' You,Michael Bublé,"252,000"
"9,055",Lolly,Justin Bieber,"252,000"
"9,056",I Only Have Eyes for You,Frank Sinatra,"252,000"
"9,057",I Will Be Your Friend,Sade,"251,000"
"9,058",Graduation,Juice Wrld,"251,000"
"9,059",Dream Glow,BTS,"251,000"
"9,060",After the Ordeal,Genesis,"251,000"
"9,061",BackOutsideBoyz,21 Savage & Drake,"251,000"
"9,062",It's Nice to Have a Friend,Taylor Swift,"251,000"
"9,063",Get Back,Demi Lovato,"251,000"
"9,064",Midnight,Red Hot Chili Peppers,"251,000"
"9,065",End of the Road,Juice Wrld,"251,000"
"9,066",Shut Down,The Beach Boys,"251,000"
"9,067",Hippie Dream,Neil Young,"251,000"
"9,068",Bebot,Black Eyed Peas,"251,000"
"9,069",Something in the Water,Carrie Underwood,"251,000"
"9,070",Over The Rainbow,Frank Sinatra,"251,000"
"9,071",Just Another Nervous Wreck,Supertramp,"251,000"
"9,072",Sugar Mama,Led Zeppelin,"251,000"
"9,073",Se La,Lionel Richie,"251,000"
"9,074",Friction,Imagine Dragons,"250,000"
"9,075",Gas Panic!,Oasis,"250,000"
"9,076",Little Bird,The Beach Boys,"250,000"
"9,077",That's All,Rod Stewart & Faces,"250,000"
"9,078",No track (Funky Monks),Red Hot Chili Peppers,"250,000"
"9,079","Lover, Come Back to Me",Barbra Streisand,"250,000"
"9,080",Cry Baby Cry,The Beatles,"250,000"
"9,081",My Heart Beat Like a Hammer,Fleetwood Mac,"250,000"
"9,082",Down By The Sea Side,Led Zeppelin,"250,000"
"9,083",No track (Amy),Amy Winehouse,"250,000"
"9,084",No track (Thug Angel (The Collector's Edition)),2Pac,"250,000"
"9,085",Crazy in Love,Eminem,"250,000"
"9,086",She Drives Me Wild,Michael Jackson,"250,000"
"9,087",Está Rico,Bad Bunny & Marc Anthony & Will Smith,"250,000"
"9,088",Anya,Deep Purple,"250,000"
"9,089",Juke Jam,Justin Bieber,"250,000"
"9,090",The One I Love (Belongs to Somebody Else),Frank Sinatra,"250,000"
"9,091",Heading for the Light,Traveling Wilburys,"250,000"
"9,092",World Wide Suicide,Pearl Jam,"250,000"
"9,093",Bloom,Radiohead,"250,000"
"9,094",That's When,Taylor Swift ft. Keith Urban,"250,000"
"9,095",This,Ed Sheeran,"250,000"
"9,096",Change,Tracy Chapman,"250,000"
"9,097",Neon Eyes,Morgan Wallen,"250,000"
"9,098",Toccata,Mannheim Steamroller,"249,000"
"9,099",Shotgun Blues,Guns N' Roses,"249,000"
"9,100",Blood Money,Bon Jovi,"249,000"
"9,101",Santa Baby,Taylor Swift,"249,000"
"9,102",Winter Wonderland,Mannheim Steamroller,"249,000"
"9,103",Sing for You,Tracy Chapman,"249,000"
"9,104",Please,Elton John,"249,000"
"9,105",Et Puis Je Sais,Johnny Hallyday,"249,000"
"9,106",Troubles,Alicia Keys,"249,000"
"9,107",Minstrel Boy,Bob Dylan,"249,000"
"9,108",8AM in Charlotte,Drake,"249,000"
"9,109",Love to Burn,Neil Young with Crazy Horse,"249,000"
"9,110",Cindy Incidentally,Rod Stewart & Faces,"249,000"
"9,111",Somewhere in Brooklyn,Bruno Mars,"249,000"
"9,112",Honeymoon,Lana Del Rey,"249,000"
"9,113",Cheek to Cheek,Frank Sinatra,"249,000"
"9,114",Tranz,Gorillaz,"249,000"
"9,115",When Emma Falls in Love,Taylor Swift,"249,000"
"9,116",Rock Show,Wings,"249,000"
"9,117",The Love We Make,Prince,"249,000"
"9,118",God Ain't Gonna Getcha for That,Shania Twain,"249,000"
"9,119",I Gotta Find Peace Of Mind,Lauryn Hill,"249,000"
"9,120",If I Die 2Nite,2Pac,"249,000"
"9,121",Harold the Barrel,Genesis,"249,000"
"9,122",I Don't Want to Change the World,Ozzy Osbourne,"248,000"
"9,123",For Sentimental Reasons,Rod Stewart & Faces,"248,000"
"9,124",Halo on Fire,Metallica,"248,000"
"9,125",Where Could I Go But to the Lord,Elvis Presley,"248,000"
"9,126",Dear Rosemary,Foo Fighters,"248,000"
"9,127",Think Of You,Usher,"248,000"
"9,128",Little Star,Madonna,"248,000"
"9,129",(Wanna Get to Know You) That Good!,Shania Twain,"248,000"
"9,130",We Got It Going On,Bon Jovi,"248,000"
"9,131",These Colours Don't Run,Iron Maiden,"248,000"
"9,132",New Freezer,Rich the Kid ft. Kendrick Lamar,"248,000"
"9,133",The Sky Is Crying,Eric Clapton,"248,000"
"9,134",Gone Girl,SZA,"248,000"
"9,135",No Mistakes,Kanye West,"248,000"
"9,136",Jugando,Santana,"248,000"
"9,137",The Night Time Is The Right Time,Creedence Clearwater Revival,"248,000"
"9,138",Human Being,Guns N' Roses,"248,000"
"9,139",C.O.D.,AC/DC,"248,000"
"9,140",Playboy,Exo,"248,000"
"9,141",Now & Forever,Drake,"248,000"
"9,142","Herbei, oh ihr Gläubigen (Oh Come All Ye Faithful)",Mannheim Steamroller,"248,000"
"9,143",Every Step of the Way,Santana,"248,000"
"9,144",Face To Face,Garth Brooks,"248,000"
"9,145",Love Drought,Beyonce,"248,000"
"9,146",Falta Tanto Amor,Enrique Iglesias,"248,000"
"9,147",Use This Gospel,Kanye West,"248,000"
"9,148",Sad Statue,System of a Down,"248,000"
"9,149",Pistol Packin' Mama,Bing Crosby & The Andrews Sisters,"248,000"
"9,150",John Wayne,Lady Gaga,"248,000"
"9,151",Kick Your Game,TLC,"248,000"
"9,152",Nobody Wants to Be Lonely,Christina Aguilera,"248,000"
"9,153",Untitled 08 | 09.06.2014.,Kendrick Lamar,"248,000"
"9,154",The Battle of Epping Forest,Genesis,"248,000"
"9,155",Pensamentos,Roberto Carlos,"248,000"
"9,156",The Man with All the Toys,The Beach Boys,"248,000"
"9,157",Glitch,Taylor Swift,"247,000"
"9,158",I'll Be Home on Christmas Day,Elvis Presley,"247,000"
"9,159",Garden of Eden,Guns N' Roses,"247,000"
"9,160",Na Na Na,One Direction,"247,000"
"9,161",The Width Of A Circle,David Bowie,"247,000"
"9,162",Seven Stones,Genesis,"247,000"
"9,163",O Carole,Johnny Hallyday,"247,000"
"9,164",No More Trouble,Bob Marley,"247,000"
"9,165",Good Kid,Kendrick Lamar,"247,000"
"9,166",Weston Road Flows,Drake,"247,000"
"9,167",I'm Feeling You,Santana,"247,000"
"9,168",Monkey Man,Amy Winehouse,"247,000"
"9,169",Newborn Awakening,The Doors,"247,000"
"9,170",A Feast of Friends,The Doors,"247,000"
"9,171",I Really Want You,James Blunt,"247,000"
"9,172",Pinball Wizard,Elton John,"247,000"
"9,173",Last Living Souls,Gorillaz,"247,000"
"9,174",Jersey,Future,"247,000"
"9,175",Isolation,John Lennon,"247,000"
"9,176",Notice Me,SZA,"247,000"
"9,177",Sunrise,Morgan Wallen,"247,000"
"9,178",John the Revelator,Depeche Mode,"247,000"
"9,179",Our Dawn Is Hotter Than Day,Seventeen,"247,000"
"9,180",Army Of One,Coldplay,"246,000"
"9,181",That Girl,Justin Timberlake,"246,000"
"9,182",Wolves,One Direction,"246,000"
"9,183",Try Not to Breathe,R.E.M.,"246,000"
"9,184",As You Are,The Weeknd,"246,000"
"9,185",Turn It into Love,Kylie Minogue,"246,000"
"9,186",Funky Monks,Red Hot Chili Peppers,"246,000"
"9,187",War,Bruce Springsteen,"246,000"
"9,188","Who Lives, Who Dies, Who Tells Your Story",Broadway cast of Hamilton,"246,000"
"9,189",Better Off,Ariana Grande,"246,000"
"9,190",I'll Fight for You,Foreigner,"246,000"
"9,191",Rule,Ayumi Hamasaki,"246,000"
"9,192",Hey! Jealous Lover,Frank Sinatra,"246,000"
"9,193",Good Timin',The Beach Boys,"246,000"
"9,194",Love Light in Flight,Stevie Wonder,"246,000"
"9,195",Survivors,Phil Collins,"246,000"
"9,196",Nothing But Trouble (Instagram Models),Charlie Puth,"246,000"
"9,197",Hark The Herald Angels Sing / It Came Upon A Midnight Clear,Bing Crosby,"246,000"
"9,216",I Believe,Frank Sinatra,"245,000"
"9,217",Love Is Embarrassing,Olivia Rodrigo,"245,000"
"9,218",Stagefright,Def Leppard,"245,000"
"9,219",Action,Def Leppard,"245,000"
"9,198",How Would You Feel,Jimi Hendrix,"245,000"
"9,199",I've Got My Love to Keep Me Warm,Frank Sinatra,"245,000"
"9,200",My Man,Diana Ross,"245,000"
"9,201",Change Your Mind,Neil Young with Crazy Horse,"245,000"
"9,202",No Peace,Sam Smith,"245,000"
"9,203",Emails I Can't Send,Sabrina Carpenter,"245,000"
"9,204",And I Am Telling You I'm Not Going,Jennifer Holliday,"245,000"
"9,205",Ice Melts,Drake ft. Young Thug,"245,000"
"9,206",Strip My Mind,Red Hot Chili Peppers,"245,000"
"9,207",Only One,Kanye West,"245,000"
"9,208",Morning Bird,Sade,"245,000"
"9,209",That Ol' Wind,Garth Brooks,"245,000"
"9,210",Outlaw Pete,Bruce Springsteen,"245,000"
"9,211",I'm Jealous,Shania Twain,"245,000"
"9,212",Summertime,Beyonce,"245,000"
"9,213",Close My Eyes Forever,Ozzy Osbourne,"245,000"
"9,214",u,Kendrick Lamar,"245,000"
"9,215",Lady Day,Frank Sinatra,"245,000"
"9,220","Country Girl (Whiskey Boot Hill, Down Down Down, Country Girl (I Think You're Pretty))","Crosby, Stills, Nash & Young","244,000"
"9,221",Sweet Amber,Metallica,"244,000"
"9,222",Pilgrim,Enya,"244,000"
"9,223",I Fall Down,U2,"244,000"
"9,224",I Will Be There,Britney Spears,"244,000"
"9,225",Rasta Man Chant,Bob Marley,"244,000"
"9,226",So Excited,Janet Jackson,"244,000"
"9,227",Little Wonder,David Bowie,"244,000"
"9,228",Stagnation,Genesis,"244,000"
"9,229",Christmas Song (Chestnuts Roasting on an Open Fire),Carpenters,"244,000"
"9,230",Here Comes Santa Claus,Bing Crosby,"244,000"
"9,231",Thank You Aimee,Taylor Swift,"244,000"
"9,232",Normal,Eminem,"244,000"
"9,233",Ain't Love a Bitch,Rod Stewart & Faces,"244,000"
"9,234",The Best Is Yet to Come,Michael Bublé,"244,000"
"9,235",Ain't No Particular Way,Shania Twain,"244,000"
"9,236",Rainmaker,Iron Maiden,"244,000"
"9,237",Cut My Hair,The Who,"244,000"
"9,238",Over You,Supertramp,"244,000"
"9,239",Mona Lisas and Mad Hatters,Elton John,"244,000"
"9,240",I Wanna Marry You,Bruce Springsteen,"244,000"
"9,241",Redundant,Green Day,"244,000"
"9,242",No One Else Comes Close,Backstreet Boys,"244,000"
"9,243",You Send Me,The Supremes,"244,000"
"9,244",Let Me Be the One,Carpenters,"244,000"
"9,245",Could This Be Magic?,Van Halen,"243,000"
"9,246",If Everyone Was Listening,Supertramp,"243,000"
"9,247",Living For Love,Madonna,"243,000"
"9,248",2 Much,Justin Bieber,"243,000"
"9,249",Rap Game,Eminem,"243,000"
"9,250",Little Me,Little Mix,"243,000"
"9,251",It Makes Me Ill,NSYNC,"243,000"
"9,252",Circus,Eric Clapton,"243,000"
"9,253",That's How You Feel,Drake,"243,000"
"9,254",Stepping Stone,Eminem,"243,000"
"9,255",Take Me to the Mardi Gras,Paul Simon,"243,000"
"9,256",Hand in Hand,Dire Straits,"243,000"
"9,257",Freak Out,Avril Lavigne,"243,000"
"9,258",Sue (Or In A Season Of Crime),David Bowie,"243,000"
"9,259",Coming Your Way,Fleetwood Mac,"243,000"
"9,260",Rise,Katy Perry,"243,000"
"9,261",Check It Out,Will.i.am,"243,000"
"9,262",Star 69,R.E.M.,"243,000"
"9,263",Meet Me Inside,Broadway cast of Hamilton,"243,000"
"9,264",I've Had Enough,Wings,"243,000"
"9,265",Round And Round,Imagine Dragons,"243,000"
"9,266",Interludes,Lauryn Hill,"243,000"
"9,267",Don't Look Down,Usher,"243,000"
"9,268",Baby Don't Cry,Exo,"243,000"
"9,269",Life and How to Live It,R.E.M.,"242,000"
"9,270",Anyway the Wind Blows,Eric Clapton & J.J. Cale,"242,000"
"9,271",Highway 49,Eric Clapton,"242,000"
"9,272",American Skin (41 Shots),Bruce Springsteen,"242,000"
"9,273",Nobody Loves Me Like You Do,Whitney Houston,"242,000"
"9,274",Coming Home,Iron Maiden,"242,000"
"9,275",Power Is Power,SZA & the Weeknd & Travis Scott,"242,000"
"9,276",F2F,SZA,"242,000"
"9,277",Rattled,Traveling Wilburys,"242,000"
"9,278",I Love You Because,Elvis Presley,"242,000"
"9,279",Simple Life,Elton John,"242,000"
"9,280",Invincible,Michael Jackson,"242,000"
"9,281",Darlin',Backstreet Boys,"242,000"
"9,282",Apple Pie,Travis Scott,"242,000"
"9,283",Coordinate,Travis Scott ft. Blac Youngsta,"242,000"
"9,284",Dubai Shit,Huncho Jack ft. Offset,"242,000"
"9,285",I Get Along Without You Very Well,Frank Sinatra,"242,000"
"9,286",Fim De Semana,Roberto Carlos,"242,000"
"9,287",The Little Drummer Boy,Neil Diamond,"242,000"
"9,288",Hug,Seventeen,"242,000"
"9,289",Big Weenie,Eminem,"242,000"
"9,290",The Nearness of You,Rod Stewart & Faces,"242,000"
"9,291",Nothing On You,Ed Sheeran ft. Dave & Paulo Londra,"242,000"
"9,292",Open Road,Bryan Adams,"242,000"
"9,293",Cudi Montage,Kanye West,"242,000"
"9,294",Forever Winter,Taylor Swift,"241,000"
"9,295",Me & My Girls,Selena Gomez,"241,000"
"9,296",Little Dreamer,Van Halen,"241,000"
"9,297",The Closer I Get to You,Beyonce,"241,000"
"9,298",Monarchy of Roses,Red Hot Chili Peppers,"241,000"
"9,299",Mrs. McGrath,Bruce Springsteen,"241,000"
"9,300",I Know I'm Not Wrong,Fleetwood Mac,"241,000"
"9,301",Heads in Georgia,Eric Clapton & J.J. Cale,"241,000"
"9,302",Let's Go Away for Awhile,The Beach Boys,"241,000"
"9,303",Little 15,Depeche Mode,"241,000"
"9,304",Chattanoogie Shoe Shine Boy,Bing Crosby,"241,000"
"9,305",Tied Together with a Smile,Taylor Swift,"241,000"
"9,306",You Are My Kind,Santana,"241,000"
"9,307",Downstream,Supertramp,"241,000"
"9,308",Baby I Love U!,Jennifer Lopez,"241,000"
"9,309",The Music's No Good Without You,Cher,"241,000"
"9,310","High Flying, Adored",Madonna,"241,000"
"9,311",Impressive Instant,Madonna,"241,000"
"9,312",Kitty's Back,Bruce Springsteen,"241,000"
"9,313",Christie Road,Green Day,"241,000"
"9,314",For You,Tracy Chapman,"241,000"
"9,315",(I Can't Get No) Satisfaction,Britney Spears,"241,000"
"9,316",The Luck of the Irish,John Lennon & Yoko Ono,"241,000"
"9,317",Chop Me Up,Justin Timberlake,"241,000"
"9,318",Bye Bye Baby,Madonna,"241,000"
"9,319",Rescue Me,Madonna,"241,000"
"9,320",Joy to the World,Mariah Carey,"241,000"
"9,321",You Took My Breath Away,Traveling Wilburys,"241,000"
"9,322",Boyfriend,Selena Gomez,"241,000"
"9,323",Crazy,Supertramp,"241,000"
"9,324",Oíche Chiúin (Chorale),Enya,"241,000"
"9,325",Wreckless Love,Alicia Keys,"241,000"
"9,326",Are You Ready For Love,Elton John,"241,000"
"9,327",Rexeita da Xuxa,Xuxa,"241,000"
"9,328",Laura,Frank Sinatra,"241,000"
"9,329",You Baby,Neil Diamond,"241,000"
"9,330",I Can't Run Away,Seventeen,"241,000"
"9,331",It's Time to Go,Taylor Swift,"240,000"
"9,332",Bottoms Up!,Van Halen,"240,000"
"9,333",We Major,Kanye West,"240,000"
"9,334",Megatron,Nicki Minaj,"240,000"
"9,335",Hell Yeah,Neil Diamond,"240,000"
"9,336",Right Next Door to Hell,Guns N' Roses,"240,000"
"9,337",Where Did It All Go Wrong?,Oasis,"240,000"
"9,338",Soul Stripper,AC/DC,"240,000"
"9,339",Peace on Earth/Little Drummer Boy,David Bowie,"240,000"
"9,340",Institutionalized,Kendrick Lamar ft. Anna Wise & Bilal & Snoop Dogg,"240,000"
"9,341",Midnight Train,Sam Smith,"240,000"
"9,342",Paper Gangsta,Lady Gaga,"240,000"
"9,343",Breathe,U2,"240,000"
"9,344","Lawdy, Miss Clawdy",Elvis Presley,"240,000"
"9,345",One Rainy Wish,Jimi Hendrix Experience,"240,000"
"9,346",Os Três Carneirinhos,Xuxa,"240,000"
"9,347",Seduction,Eminem,"240,000"
"9,348",It's Late,Queen,"240,000"
"9,349",Into the Fire,Bryan Adams,"240,000"
"9,350",Mean Woman Blues,Elvis Presley,"240,000"
"9,351",She Don't Know Me,Bon Jovi,"240,000"
"9,352",Vicki Waiting,Prince,"239,000"
"9,353",I Dreamed There Was No War,Eagles,"239,000"
"9,354",Keep It Together,Madonna,"239,000"
"9,355",Act Naturally,The Beatles,"239,000"
"9,356",Invéntame,Enrique Iglesias,"239,000"
"9,357",A Light That Never Comes,Linkin Park,"239,000"
"9,358",You Know You're Right,Nirvana,"239,000"
"9,359",Futureal,Iron Maiden,"239,000"
"9,360",If You Leave Me,Seventeen,"239,000"
"9,361",Connect,Drake,"239,000"
"9,362",Cocoon,Björk,"239,000"
"9,363",His Hand in Mine,Elvis Presley,"239,000"
"9,364",Superfast Jellyfish,Gorillaz,"239,000"
"9,365",Stay,David Bowie,"239,000"
"9,366",The More I See You,Michael Bublé,"239,000"
"9,367",Girl Crush,Harry Styles,"239,000"
"9,368",Wheels,Foo Fighters,"239,000"
"9,369",Three Empty Words,Shawn Mendes,"239,000"
"9,370",Superman,Taylor Swift,"239,000"
"9,371",Pumpin' Up the Party,Miley Cyrus,"239,000"
"9,372",Thicker Than Blood,Garth Brooks,"239,000"
"9,373",Pea,Red Hot Chili Peppers,"239,000"
"9,374",Bend Down Low,Bob Marley,"239,000"
"9,375",Waiter! Bring Me Water!,Shania Twain,"239,000"
"9,376",Raining Men,Rihanna,"239,000"
"9,377",Party,Elvis Presley,"239,000"
"9,378",Streetlife Serenader,Billy Joel,"239,000"
"9,379",Silver Bells,The Supremes,"239,000"
"9,380",Matters of the Heart,Tracy Chapman,"238,000"
"9,381",Cadillac,Johnny Hallyday,"238,000"
"9,382",Things Left Unsaid,Pink Floyd,"238,000"
"9,383",Drifting,Jimi Hendrix,"238,000"
"9,384",Raindrops (An Angel Cried),Ariana Grande,"238,000"
"9,385",Fated,Ayumi Hamasaki,"238,000"
"9,386",Victim of Love,Bryan Adams,"238,000"
"9,387",Tearjerker,Red Hot Chili Peppers,"238,000"
"9,388",Breaking Hearts (Ain't What It Used to Be),Elton John,"238,000"
"9,389",Keep the Faith,Michael Jackson,"238,000"
"9,390",Distance And Time,Alicia Keys,"238,000"
"9,391",One Step Closer,U2,"238,000"
"9,392",Can't Get There from Here,R.E.M.,"238,000"
"9,393",I Heard the Bells,Diana Ross,"238,000"
"9,394",Let It Snow! Let It Snow! Let It Snow!,Rod Stewart & Faces,"238,000"
"9,395",New,Paul McCartney,"238,000"
"9,396",I Stayed Too Long at the Fair,Barbra Streisand,"238,000"
"9,397","Andante, Andante",Abba,"238,000"
"9,398",One Last Time,Broadway cast of Hamilton,"238,000"
"9,399",In My Feelings,Lana Del Rey,"238,000"
"9,400","Baby, You Make Me Crazy",Sam Smith,"238,000"
"9,401",Good in Bed,Dua Lipa,"238,000"
"9,402",The Lord's Prayer,Barbra Streisand,"238,000"
"9,403",Denying,Spice Girls,"238,000"
"9,404",Ring Them Bells,Bob Dylan,"238,000"
"9,405",The Miracle (of Joey Ramone),U2,"238,000"
"9,406",Some Things You Never Get Used To,Diana Ross & The Supremes,"238,000"
"9,407",Why Try,Ariana Grande,"238,000"
"9,408",Summerlove,Neil Diamond,"238,000"
"9,409",Get Naked,Britney Spears,"237,000"
"9,410",Bootleg,Creedence Clearwater Revival,"237,000"
"9,411",I Could Not Love You More,Bee Gees,"237,000"
"9,412",Little Room,Norah Jones,"237,000"
"9,413",Walk on Water,Neil Diamond,"237,000"
"9,414",Sober,Kelly Clarkson,"237,000"
"9,415",Free Again,Barbra Streisand,"237,000"
"9,416",Sexy Ladies / Let Me Talk to You (Prelude),Justin Timberlake,"237,000"
"9,417",Outside,Foo Fighters,"237,000"
"9,418",With a Child's Heart,Michael Jackson,"237,000"
"9,419",Still Sane,Lorde,"237,000"
"9,420",Whatever It Takes,Michael Bublé,"237,000"
"9,421",Tell The Vision,Kanye West,"237,000"
"9,422",Man of War,Radiohead,"237,000"
"9,423",Daylight,Coldplay,"237,000"
"9,424",Woo,Rihanna,"237,000"
"9,425",Shoot Me Again,Metallica,"237,000"
"9,426",I'll Make It Up to You,Imagine Dragons,"237,000"
"9,427",Strawberry Bubblegum,Justin Timberlake,"237,000"
"9,428",Something's Got a Hold on Me,Christina Aguilera,"237,000"
"9,429",Heartbeat,BTS,"237,000"
"9,430",High Hopes,Frank Sinatra,"237,000"
"9,431",On Fire,Eminem,"237,000"
"9,432",Southern Pacific,Neil Young with Crazy Horse,"237,000"
"9,433",Border Song,Elton John,"237,000"
"9,434",Escápate Conmigo,Bad Bunny,"237,000"
"9,435",...In That Quiet Earth,Genesis,"237,000"
"9,436",Jumbotron Shit Poppin,21 Savage & Drake,"237,000"
"9,437",Samba de Sausalito,Santana,"236,000"
"9,438",Myxomatosis,Radiohead,"236,000"
"9,439",Heavy Metal Lover,Lady Gaga,"236,000"
"9,440",Perfume,Britney Spears,"236,000"
"9,441",All You Want,Dido,"236,000"
"9,442",Point Blank,Bruce Springsteen,"236,000"
"9,443",Wild Honey Pie,The Beatles,"236,000"
"9,444",Ring Ring,Juice Wrld,"236,000"
"9,445",Mojabi Ghost,Bad Bunny & Tainy,"236,000"
"9,446",Glorified G,Pearl Jam,"236,000"
"9,447",Headless Cross,Black Sabbath,"236,000"
"9,448",D Is for Dangerous,Arctic Monkeys,"236,000"
"9,449",Hey Now!,Oasis,"236,000"
"9,450",Not a Second Time,The Beatles,"236,000"
"9,451",Spies Like Us,Paul McCartney,"236,000"
"9,452",Lady Luck,Deep Purple,"236,000"
"9,453",Used to Love You,Gwen Stefani,"236,000"
"9,454",C'est quand qu'on va où ?,Renaud,"236,000"
"9,472",How Long Blues,Eric Clapton,"235,000"
"9,473",Groaning the Blues,Eric Clapton,"235,000"
"9,474",Science,System of a Down,"235,000"
"9,475",Make Me Like You,Gwen Stefani,"235,000"
"9,476",Sound the Bugle,Bryan Adams,"235,000"
"9,477",Odds and Ends,Bob Dylan,"235,000"
"9,478",Strange World,Iron Maiden,"235,000"
"9,479",When I Saw You,Mariah Carey,"235,000"
"9,455",Low,Coldplay,"235,000"
"9,456",Steel and Glass,John Lennon,"235,000"
"9,457",Minor Thing,Red Hot Chili Peppers,"235,000"
"9,458",The Disco Strangler,Eagles,"235,000"
"9,459",Spirit,Beyonce,"235,000"
"9,460",Almost Famous,Eminem,"235,000"
"9,461",These Foolish Things (Remind Me of You),Michael Bublé,"235,000"
"9,462",Stand Up Comedy,U2,"235,000"
"9,463",Love Will Keep Us Alive,Eagles,"235,000"
"9,464",Where or When,Frank Sinatra,"235,000"
"9,465",Lady Evil,Black Sabbath,"235,000"
"9,466",Why?,Tracy Chapman,"235,000"
"9,467",Leaves That Are Green,Simon & Garfunkel,"235,000"
"9,468",I Wonder as I Wander,Barbra Streisand,"235,000"
"9,469",Brat,Green Day,"235,000"
"9,470",I Ain't Goin' Down,Shania Twain,"235,000"
"9,471",The Hills,Eminem,"235,000"
"9,480",Cars Hiss by My Window,The Doors,"234,000"
"9,481",Floyd The Barber,Nirvana,"234,000"
"9,482",I Believe in You,Michael Bublé,"234,000"
"9,483",We Are The World,USA For Africa,"234,000"
"9,484",I Can't Make U Love Me,Prince,"234,000"
"9,485",Gentle on My Mind,Elvis Presley,"234,000"
"9,486",Live Wire,AC/DC,"234,000"
"9,487",Entre mes mains,Johnny Hallyday,"234,000"
"9,488",Do Something,Eagles,"234,000"
"9,489",Can't Let Her Get Away,Michael Jackson,"234,000"
"9,490",PTSD,Juice Wrld,"234,000"
"9,491",Here We Go... Again,The Weeknd,"234,000"
"9,492",Last Call,Kanye West,"234,000"
"9,493",Rotina,Roberto Carlos,"234,000"
"9,494",Read Your Mind,Sabrina Carpenter,"234,000"
"9,495",The Last Rebel,Lynyrd Skynyrd,"234,000"
"9,496",Farewell,Rod Stewart & Faces,"234,000"
"9,497",Caile,Bad Bunny & Bryant Myers & Revol ft. De La Ghetto & Zion,"234,000"
"9,498",Silver Bells,Neil Diamond,"234,000"
"9,499",Fluff,Black Sabbath,"234,000"
"9,500",No Other Baby,Paul McCartney,"234,000"
"9,501",Diabla,Bad Bunny,"234,000"
"9,502",Celestial,Ed Sheeran,"234,000"
"9,503","Lovin', Livin' and Givin'",Diana Ross,"234,000"
"9,504",The Resistance,Drake,"233,000"
"9,505",Where or When,Rod Stewart & Faces,"233,000"
"9,506",Guardian,Alanis Morissette,"233,000"
"9,507",Secret Door,Arctic Monkeys,"233,000"
"9,508",Love Is a Laserquest,Arctic Monkeys,"233,000"
"9,509",86,Green Day,"233,000"
"9,510",Bellacoso,Bad Bunny & Residente,"233,000"
"9,511",Versace,Drake,"233,000"
"9,512",Tax Free,Jimi Hendrix,"233,000"
"9,513","Yours Truly, Austin Post",Post Malone,"233,000"
"9,514",Let Me Take You in My Arms Again,Neil Diamond,"233,000"
"9,515",Walk Like a Man,Bruce Springsteen,"233,000"
"9,516",Belle Isle,Bob Dylan,"233,000"
"9,517",The Blackest Day,Lana Del Rey,"233,000"
"9,518",The Boys,Cassie & Nicki Minaj,"233,000"
"9,519",Love Is a Game,Adele,"233,000"
"9,520",Nobody's Business,Rihanna,"233,000"
"9,521",Dream No More,Metallica,"233,000"
"9,522",If You Talk in Your Sleep,Elvis Presley,"233,000"
"9,523",Queen Jane Approximately,Bob Dylan,"233,000"
"9,524",War / No More Trouble,Bob Marley,"233,000"
"9,525",South Indiana,Fleetwood Mac,"233,000"
"9,526",Feeling Gravitys Pull,R.E.M.,"233,000"
"9,527",Forever Came Today,Diana Ross & The Supremes,"233,000"
"9,528",I've Had Enough,The Who,"233,000"
"9,529",Cum on Everybody,Eminem,"233,000"
"9,530",Dogs of War,AC/DC,"233,000"
"9,531",Throwback,Usher,"233,000"
"9,532",Kanariya,Ayumi Hamasaki,"232,000"
"9,533",Static,2Pac,"232,000"
"9,534",Grand Piano,Nicki Minaj,"232,000"
"9,535",The Windmills of Your Mind,Neil Diamond,"232,000"
"9,536",Mom,"Earth,Wind & Fire","232,000"
"9,537",Slow Ride,Sublime,"232,000"
"9,538",Can't Stop Rock 'n' Roll,AC/DC,"232,000"
"9,539",Tokyo Road,Bon Jovi,"232,000"
"9,540",One of Us Must Know (Sooner or Later),Bob Dylan,"232,000"
"9,541",Edge Of Darkness,Eric Clapton,"232,000"
"9,542",Acid Queen,Tina Turner,"232,000"
"9,543",Wonderin',Neil Young with The Shocking Pinks,"232,000"
"9,544",There's More To Life Than This,Björk,"232,000"
"9,545",The Woman in the Moon,Barbra Streisand,"232,000"
"9,546",Streets of Fire,Bruce Springsteen,"232,000"
"9,547",You Like Me Too Much,The Beatles,"232,000"
"9,548",Tango in the Night,Fleetwood Mac,"232,000"
"9,549",Best Friends,The Weeknd,"232,000"
"9,550",Jingle Bell Rock,Neil Diamond,"232,000"
"9,551",King of the Mountain,Bon Jovi,"231,000"
"9,552",The Unwritten Law,Deep Purple,"231,000"
"9,553",Know Who You Are,Various Artists,"231,000"
"9,554",Bad Boy,Ringo Starr,"231,000"
"9,555",Low Light,Pearl Jam,"231,000"
"9,556",Get Back,Rod Stewart & Faces,"231,000"
"9,557",I Hate U,Prince,"231,000"
"9,558",De L'Amour,Johnny Hallyday,"231,000"
"9,559",Long Way Down,One Direction,"231,000"
"9,560",Escape Plan,Travis Scott,"231,000"
"9,561",I'm Legit,Nicki Minaj ft. Ciara,"231,000"
"9,562",1921,The Who,"231,000"
"9,563",I Look in People's Windows,Taylor Swift,"231,000"
"9,564",Live from the Gutter,Drake & Future,"231,000"
"9,565",Jungle Fever,Stevie Wonder,"231,000"
"9,566",Joanne,Lady Gaga,"231,000"
"9,567",Life Is Anew,Santana,"231,000"
"9,568",The Music That Makes Me Dance,Barbra Streisand,"231,000"
"9,569",Shackler's Revenge,Guns N' Roses,"231,000"
"9,570",Anxiety,Black Eyed Peas,"231,000"
"9,571",Escape from the Atmosphere,Mannheim Steamroller,"231,000"
"9,572",Cathedral,Van Halen,"231,000"
"9,573",Give It Up,AC/DC,"231,000"
"9,574",One by One,Cher,"231,000"
"9,575",Whatever You Do! Don't!,Shania Twain,"231,000"
"9,576",No track (The Beatles Tapes From The David Wigg Interviews),The Beatles,"231,000"
"9,577",Not Enough,Van Halen,"230,000"
"9,578",Lies Greed Misery,Linkin Park,"230,000"
"9,579",Welcome To My World,Elvis Presley,"230,000"
"9,580",Next,The Weeknd,"230,000"
"9,581",Jogo da Rima (The Name Game),Xuxa,"230,000"
"9,582",Bed Chem,Sabrina Carpenter,"230,000"
"9,583",Until the Real Thing Comes Along,Rod Stewart & Faces,"230,000"
"9,584",Essayez,Johnny Hallyday,"230,000"
"9,585",Odio,Bad Bunny & J Balvin,"230,000"
"9,586",Groupie Love,Lana Del Rey,"230,000"
"9,587",It Had to Be You,Frank Sinatra,"230,000"
"9,588",Shoo-Be-Doo-Be-Doo-Da-Day,Stevie Wonder,"230,000"
"9,589",Country Girl,Black Sabbath,"230,000"
"9,590",I Care,Beyonce,"230,000"
"9,591",Body Say,Demi Lovato,"230,000"
"9,592",Another Life,Iron Maiden,"230,000"
"9,593",Campeão,Xuxa,"230,000"
"9,594",Patient,Charlie Puth,"230,000"
"9,595",Because of You,Ayumi Hamasaki,"230,000"
"9,596",The Greatest Romance Ever Sold,Prince,"230,000"
"9,597",The One,Shakira,"230,000"
"9,598",Million Dollar Bash,Bob Dylan,"230,000"
"9,599",Erase Me,Kanye West,"230,000"
"9,600",The Playboy Mansion,U2,"229,000"
"9,601",World's In A Tangle,Fleetwood Mac,"229,000"
"9,602",Pipoca,Xuxa,"229,000"
"9,603",Through the Storm,Aretha Franklin & Elton John,"229,000"
"9,604",My Father's House,Bruce Springsteen,"229,000"
"9,605",Walking in the Wind,One Direction,"229,000"
"9,606",Good Night,The Beatles,"229,000"
"9,607",Decks Dark,Radiohead,"229,000"
"9,608",Smile Please,Stevie Wonder,"229,000"
"9,609",Father and Son,Rod Stewart & Faces,"229,000"
"9,610",Can't Die,Juice Wrld,"229,000"
"9,611",¿Cual Es Tu Plan?,Bad Bunny & DJ Nelson ft. Ñejo & PJ Sin Suela,"229,000"
"9,612",Somebody To You,Demi Lovato,"229,000"
"9,613",You,"Earth,Wind & Fire","229,000"
"9,614",Workin' for MCA,Lynyrd Skynyrd,"229,000"
"9,615",Don't You,Taylor Swift,"229,000"
"9,616",Right on Time,Red Hot Chili Peppers,"229,000"
"9,617",Weekends,Black Eyed Peas,"229,000"
"9,618",Copa Vacía,Manuel Turizo & Shakira,"229,000"
"9,619",Happy Xmas (War Is Over),Neil Diamond,"229,000"
"9,620",Heart Turns to Stone,Foreigner,"229,000"
"9,621",God Save the Queen,Queen,"228,000"
"9,622",Talkin' 2 Myself,Ayumi Hamasaki,"228,000"
"9,623",Silver Inches,Enya,"228,000"
"9,624",Spoilin' for a Fight,AC/DC,"228,000"
"9,625",No Strings Attached,NSYNC,"228,000"
"9,626",Fast Company,Eagles,"228,000"
"9,627",Gambler,Madonna,"228,000"
"9,628",How Much a Dollar Cost,Kendrick Lamar ft. James Fauntleroy & Ronald Isley,"228,000"
"9,629",Like to Be You,Shawn Mendes,"228,000"
"9,630",Life Support,Sam Smith,"228,000"
"9,631",A Guerra Dos Meninos,Roberto Carlos,"228,000"
"9,632",Tonight,Def Leppard,"228,000"
"9,633",Danger,AC/DC,"228,000"
"9,634",Straight Time,Bruce Springsteen,"228,000"
"9,635",D.J.,David Bowie,"228,000"
"9,636",Slow Down (The Beatles),The Beatles,"228,000"
"9,637","No track (Get Back [Video, The Beatles])",The Beatles,"228,000"
"9,638",The Birds Part 1,The Weeknd,"228,000"
"9,639",The Other Side,SZA,"228,000"
"9,640",8 Out of 10,Drake,"228,000"
"9,641",De Una Vez,Selena Gomez,"228,000"
"9,642",Remember,Bryan Adams,"228,000"
"9,643",Blitzkrieg,Metallica,"228,000"
"9,644",Factory of Faith,Red Hot Chili Peppers,"228,000"
"9,645",Naked,Avril Lavigne,"228,000"
"9,646",Heartbreaker,Michael Jackson,"228,000"
"9,647",U-Turn,Usher,"228,000"
"9,648",Love Minus Zero/No Limit,Bob Dylan,"228,000"
"9,649",All the Way to Reno (You're Gonna Be a Star),R.E.M.,"228,000"
"9,650",Sweetheart,JD & Mariah Carey,"228,000"
"9,651",Never Had a Dream Come True,Stevie Wonder,"228,000"
"9,652",911,Lady Gaga,"228,000"
"9,653",Dust My Broom,Fleetwood Mac,"228,000"
"9,654",Who Shot Cupid?,Juice Wrld,"228,000"
"9,655",Vem Que eu Vou te Ensinar,Xuxa,"228,000"
"9,656",Good Graces,Sabrina Carpenter,"228,000"
"9,657",Woman like Me,Adele,"228,000"
"9,658",Love Game,Eminem,"227,000"
"9,659",Head,Prince,"227,000"
"9,660",Fakin' It,Simon & Garfunkel,"227,000"
"9,661",Chicago,Michael Jackson,"227,000"
"9,662",True Love,Kanye West,"227,000"
"9,663",Breakin' Dishes,Rihanna,"227,000"
"9,664",Fading,Rihanna,"227,000"
"9,665",Heal Me,Lady Gaga,"227,000"
"9,666",Leave Virginia Alone,Rod Stewart & Faces,"227,000"
"9,667",Bad Obsession,Guns N' Roses,"227,000"
"9,668",Believe It or Not,Nickelback,"227,000"
"9,669",The Weight,Shawn Mendes,"227,000"
"9,670",I Found Heaven,Take That,"227,000"
"9,671",Rock-A-Hula Baby,Elvis Presley,"227,000"
"9,672",Balaclava,Arctic Monkeys,"227,000"
"9,673",I've Loved These Days,Billy Joel,"227,000"
"9,674",I Will,Radiohead,"227,000"
"9,675",Unforgettable,Drake ft. Young Jeezy,"227,000"
"9,676",My Dilemma,Selena Gomez,"227,000"
"9,677",Put On Your Old Brown Shoes,Supertramp,"227,000"
"9,678",Legendary Lovers,Katy Perry,"227,000"
"9,679",Factory,Bruce Springsteen,"227,000"
"9,680",Feedback,Kanye West,"227,000"
"9,681",California Saga: Big Sur,The Beach Boys,"227,000"
"9,682",Shimmy,System of a Down,"227,000"
"9,683",Diggin' My Grave,Bradley Cooper & Lady Gaga,"226,000"
"9,684",Everybody's Got Something to Hide Except Me and My Monkey,The Beatles,"226,000"
"9,685",It's True,Backstreet Boys,"226,000"
"9,686",Hope Not,Blackpink,"226,000"
"9,687",Silverado for Sale,Morgan Wallen,"226,000"
"9,688",Whatever You Need,Tina Turner,"226,000"
"9,689",Please Let Me Wonder,The Beach Boys,"226,000"
"9,690",Bell Boy,The Who,"226,000"
"9,691",Planet Telex,Radiohead,"226,000"
"9,692",Precious Illusions,Alanis Morissette,"226,000"
"9,693",Can't Find My Way,Phil Collins,"226,000"
"9,694",Loving You,Michael Jackson,"226,000"
"9,695",Two Faces,Bruce Springsteen,"226,000"
"9,696",I Need Somebody To Lean On,Elvis Presley,"226,000"
"9,697",She Don't Like The Lights,Justin Bieber,"226,000"
"9,698",Eu Me Recordo,Roberto Carlos,"226,000"
"9,699",Santa Claus Is Coming to Town,The Supremes,"226,000"
"9,700",Jigga My Nigga,Jay-Z & Ruff Ryder,"226,000"
"9,701",I Believe You,Carpenters,"226,000"
"9,702",Look Out for My Love,Neil Young,"226,000"
"9,703",Hold Up a Light,Take That,"226,000"
"9,704",Stoned,Dido,"226,000"
"9,705",She's Only 18,Red Hot Chili Peppers,"226,000"
"9,706",Fire Coming Out of the Monkey's Head,Gorillaz,"226,000"
"9,707",Bury Me a G,2Pac,"226,000"
"9,708",Acapulco,Neil Diamond,"226,000"
"9,709",Gam3 Bo1,Seventeen,"226,000"
"9,710",Fancy Dancer,Commodores,"226,000"
"9,711",Love Will Find a Way,Lionel Richie,"226,000"
"9,712",Atomic Punk,Van Halen,"226,000"
"9,713",(Da Le) Yaleo,Santana,"226,000"
"9,714",Hard Work Pays Off,Juice Wrld,"226,000"
"9,715",Hood Politics,Kendrick Lamar,"226,000"
"9,728",Night Prowler,AC/DC,"225,000"
"9,729",Hey Angel,One Direction,"225,000"
"9,730",Caroline,Fleetwood Mac,"225,000"
"9,731",Não Quero Ver Você Triste,Roberto Carlos,"225,000"
"9,732",Honky Tonk Women,Ike & Tina Turner,"225,000"
"9,733",Ash,Seventeen,"225,000"
"9,734",Sandra's Rose,Drake,"225,000"
"9,735",Washington On Your Side,Broadway cast of Hamilton,"225,000"
"9,736",Paradise,Exo,"225,000"
"9,716",Hold Me Back,AC/DC,"225,000"
"9,717",Stormy May Day,AC/DC,"225,000"
"9,718",High Water (For Charley Patton),Bob Dylan,"225,000"
"9,719",Can't Smile Without You,Carpenters,"225,000"
"9,720",Evil,Stevie Wonder,"225,000"
"9,721",Morning,Mannheim Steamroller,"225,000"
"9,722",Got a Lot o' Livin' to Do,Elvis Presley,"225,000"
"9,723",Out of the Frying Pan (And into the Fire),Meat Loaf,"225,000"
"9,724","Blood, Sex and Booze",Green Day,"225,000"
"9,725",End of May,Michael Bublé,"225,000"
"9,726",Slang,Def Leppard,"225,000"
"9,727",Love Song,Ayumi Hamasaki,"225,000"
"9,737",Survival,Drake,"224,000"
"9,738",Avinu Malkeinu,Barbra Streisand,"224,000"
"9,739",Pressing On,Bob Dylan,"224,000"
"9,740",Innocent Exile,Iron Maiden,"224,000"
"9,741",Say Somethin',Mariah Carey ft. Snoop Dogg,"224,000"
"9,742",Leaving Heaven,Eminem,"224,000"
"9,743",Should I Laugh Or Cry,Abba,"224,000"
"9,744",Sugar Mountain,Neil Young,"224,000"
"9,745",Come Around Me,Justin Bieber,"224,000"
"9,746",You're No Different,Ozzy Osbourne,"224,000"
"9,747",After the Fall,Journey,"224,000"
"9,748",A New Machine (Part 2),Pink Floyd,"224,000"
"9,749","I Don't Sleep, I Dream",R.E.M.,"224,000"
"9,750",Saturn Returns Interlude,Ariana Grande,"224,000"
"9,751",Athena,The Who,"224,000"
"9,752",Whiskey Rock-a-Roller,Lynyrd Skynyrd,"224,000"
"9,753",Jailhouse,Sublime,"224,000"
"9,754",Orchid,Black Sabbath,"224,000"
"9,755",Rodeo Or Mexico,Garth Brooks,"224,000"
"9,756",Open All Night,Bruce Springsteen,"224,000"
"9,757",When They Come For Me,Linkin Park,"224,000"
"9,758",Seven,David Bowie,"224,000"
"9,759",Sucker For Pain,Imagine Dragons & Lil Wayne & Logic & Ty Dolla & Wiz Khalifa ft. X Ambassadors,"224,000"
"9,760",Now or Never,Kendrick Lamar,"224,000"
"9,761",School Spirit,Kanye West,"224,000"
"9,762",Spanish Eyes,Backstreet Boys,"223,000"
"9,763",Little Rain,Morgan Wallen,"223,000"
"9,764",Less Than a Pearl,Enya,"223,000"
"9,765",Why Did It Have to Be Me?,Abba,"223,000"
"9,766",She's a Fox,Jimi Hendrix,"223,000"
"9,767",When Your Lover Has Gone,Frank Sinatra,"223,000"
"9,768",Must Be the Ganja,Eminem,"223,000"
"9,769",Tired Eyes,Neil Young,"223,000"
"9,770",Hyacinth House,The Doors,"223,000"
"9,771",The One,Prince,"223,000"
"9,772",She Moves On,Paul Simon,"223,000"
"9,773",Edge of a Revolution,Nickelback,"223,000"
"9,774",Aisle of Plenty,Genesis,"223,000"
"9,775",Cheer Down,David Sanborn & Eric Clapton & Michael Kamen,"223,000"
"9,776",Overnight Sensation,Tina Turner,"223,000"
"9,777",Videotape,Radiohead,"223,000"
"9,778",Come In With the Rain,Taylor Swift,"223,000"
"9,779",My Heart Stood Still,Rod Stewart & Faces,"223,000"
"9,780",Babaji,Supertramp,"223,000"
"9,781",Circle The Drain,Katy Perry,"223,000"
"9,782",Every Night,Imagine Dragons,"223,000"
"9,783",Nothing Left to Say/Rocks,Imagine Dragons,"223,000"
"9,784",Why Don't You Love Me,Beyonce,"223,000"
"9,785",Somebody,Eagles,"223,000"
"9,786",Bionic,Christina Aguilera,"223,000"
"9,787",You've Got a Friend in Me,Michael Bublé,"223,000"
"9,788",Can You See Me,Jimi Hendrix Experience,"223,000"
"9,789",Everybody's Got the Right to Love,The Supremes,"223,000"
"9,790","When It Rains, It Really Pours",Elvis Presley,"222,000"
"9,791",Gimme a Bullet,AC/DC,"222,000"
"9,792",Hello Kitty,Avril Lavigne,"222,000"
"9,793",My Baby,Janet Jackson,"222,000"
"9,794",That's Me,Abba,"222,000"
"9,795",7969 Santa,Drake,"222,000"
"9,796",Quando,Roberto Carlos,"222,000"
"9,797",Izzo/In The End,Jay-Z,"222,000"
"9,798",Willie and the Hand Jive,Eric Clapton,"222,000"
"9,799",Alone in Love,Mariah Carey,"222,000"
"9,800",Secret Loser,Ozzy Osbourne,"222,000"
"9,801",Waiting So Long,Supertramp,"222,000"
"9,802",When You're Gone,Shawn Mendes,"222,000"
"9,803",All We Got,Kanye West,"222,000"
"9,804",Deep,Pearl Jam,"222,000"
"9,805",Hey Jude,Bing Crosby,"222,000"
"9,806",Swamp Music,Lynyrd Skynyrd,"222,000"
"9,807",Keep the Family Close,Drake,"221,000"
"9,808",Black Eyes,Bradley Cooper,"221,000"
"9,809",Slumber Party,Britney Spears,"221,000"
"9,810",Beyond Here Lies Nothin',Bob Dylan,"221,000"
"9,811",Turn You Inside-Out,R.E.M.,"221,000"
"9,812",Little Red Rooster,Eric Clapton,"221,000"
"9,813",More Surprised than Me,Morgan Wallen,"221,000"
"9,814",Get Along Better,Drake ft. Ty Dolla Sign,"221,000"
"9,815",Last Time I Saw You,Nicki Minaj,"221,000"
"9,816",Another Tricky Day,The Who,"221,000"
"9,817",White Line,Neil Young with Crazy Horse,"221,000"
"9,818",SOS,Take That,"221,000"
"9,819",Someday Soon,Journey,"221,000"
"9,820",Run To You,Seventeen,"221,000"
"9,821",Leash,Pearl Jam,"221,000"
"9,822","Hold On, I'm Comin'",B.B King & Eric Clapton,"221,000"
"9,823",Power Is Power,SZA,"221,000"
"9,824",No Love,SZA,"221,000"
"9,825",Believe What I Say,Kanye West,"221,000"
"9,826",One Caress,Depeche Mode,"221,000"
"9,827",Bless the Beasts and Children,Carpenters,"221,000"
"9,828",Have I Told You Lately That I Love You?,Elvis Presley,"221,000"
"9,829",Sick Love,Red Hot Chili Peppers,"221,000"
"9,830",Put On Your Sunday Clothes,Barbra Streisand,"221,000"
"9,831",Internet,Post Malone,"221,000"
"9,832",Between The Cheats,Amy Winehouse,"220,000"
"9,833",Soda Pop,Britney Spears,"220,000"
"9,834",Maggie Mae,The Beatles,"220,000"
"9,835",Wait Til You See My Smile,Alicia Keys,"220,000"
"9,836",Para Qué La Vida,Enrique Iglesias,"220,000"
"9,837",Harborcoat,R.E.M.,"220,000"
"9,838",Cuyahoga,R.E.M.,"220,000"
"9,839",Once Upon a Dream,Lana Del Rey,"220,000"
"9,840",I Am a God,Kanye West,"220,000"
"9,841",Drowning Shadows,Sam Smith,"220,000"
"9,842",No track (A Night at the Opera),Queen,"220,000"
"9,843",Broken Arrow,Rod Stewart & Faces,"220,000"
"9,844",Proof,Paul Simon,"220,000"
"9,845",Lemme See,Usher,"220,000"
"9,846",Ordinary Lives,Bee Gees,"220,000"
"9,847",After All,Michael Bublé,"220,000"
"9,848",Magic Dance,David Bowie,"220,000"
"9,849",Waiting on a Miracle,Various Artists,"220,000"
"9,850",On God,Kanye West,"220,000"
"9,851",Friends,The Beach Boys,"220,000"
"9,852","Mirror, Mirror (Look into My Eyes)",Def Leppard,"220,000"
"9,853",Where Have All the Flowers Gone?,"Earth,Wind & Fire","220,000"
"9,854",Bombastic Love,Britney Spears,"220,000"
"9,855",Resentment,Beyonce,"220,000"
"9,856",My Style,Black Eyed Peas,"220,000"
"9,857",Rock Wit U,Alicia Keys,"220,000"
"9,858",Cassandra,Taylor Swift,"220,000"
"9,859",2 Hearts,Kylie Minogue,"220,000"
"9,860",Cry for the Bad Man,Lynyrd Skynyrd,"220,000"
"9,861",O Tannenbaum,Mannheim Steamroller,"219,000"
"9,862",Grade 8,Ed Sheeran,"219,000"
"9,863",Emit Remmus,Red Hot Chili Peppers,"219,000"
"9,864",You Are My Life,Michael Jackson,"219,000"
"9,865",Allons-y (1),Pink Floyd,"219,000"
"9,866","Long, Long, Long",The Beatles,"219,000"
"9,867",Girl Loves Me,David Bowie,"219,000"
"9,868",If That's What It Takes,Bon Jovi,"219,000"
"9,869",Bounce,Bon Jovi,"219,000"
"9,870",White As Snow,U2,"219,000"
"9,871",Prisoner,Barbra Streisand,"219,000"
"9,872",On the Robert E. Lee,Neil Diamond,"219,000"
"9,873",Ninety-Nine And A Half (Won't Do),Creedence Clearwater Revival,"219,000"
"9,874",20 ans,Johnny Hallyday,"219,000"
"9,875",Can U Help Me,Usher,"219,000"
"9,876",Edge of the Universe,Bee Gees,"219,000"
"9,877",I Got Stung,Elvis Presley,"219,000"
"9,878",Smoking on My Ex Pack,SZA,"219,000"
"9,879",Your Bartender,Morgan Wallen,"219,000"
"9,880",Good Girl Gone Bad,Rihanna,"219,000"
"9,881",Our Love Is Here to Stay,Rod Stewart & Faces,"219,000"
"9,882",Sunburn,Ed Sheeran,"219,000"
"9,883",Clean Up Your Own Back Yard,Elvis Presley,"219,000"
"9,884",Dumpin',2Pac,"219,000"
"9,885",Sweet Sweet,Travis Scott,"219,000"
"9,886",Antigamente Era Assim,Roberto Carlos,"219,000"
"9,887",Break It Up,Foreigner,"219,000"
"9,888",Party Like a Russian,Robbie Williams,"219,000"
"9,889",Crazy She Calls Me,Rod Stewart & Faces,"219,000"
"9,890",Beating Around the Bush,AC/DC,"219,000"
"9,891",San Francisco,Johnny Hallyday,"219,000"
"9,892",New Test Leper,R.E.M.,"219,000"
"9,893",Pour Out A Little Liquor,2Pac,"219,000"
"9,894",Milkcow's Calf Blues,Eric Clapton,"219,000"
"9,895",Dying Man,Morgan Wallen,"219,000"
"9,896",Oceans,Coldplay,"218,000"
"9,897",It's Alright,Black Sabbath,"218,000"
"9,898",House of Jazz,AC/DC,"218,000"
"9,899",High Tide or Low Tide,Bob Marley,"218,000"
"9,900",Young Love,Janet Jackson,"218,000"
"9,901",Fighting Demons,Juice Wrld,"218,000"
"9,902",Just a Song Before I Go,"Crosby, Stills & Nash","218,000"
"9,903",Race My Mind,Drake,"218,000"
"9,904",247,Seventeen,"218,000"
"9,905",Too Hot ta Trot,Commodores,"218,000"
"9,906",Ghosttown,Madonna,"218,000"
"9,907",Tears Always Win,Alicia Keys,"218,000"
"9,908",Harlequin,Genesis,"218,000"
"9,909",Old School Hollywood,System of a Down,"218,000"
"9,910",Ordinary Things,Ariana Grande,"218,000"
"9,911",Faithful,Drake ft. Dvsn & Pimp C,"218,000"
"9,912",Nowhere Fast,Eminem,"218,000"
"9,913",The Outside,Taylor Swift,"218,000"
"9,914",Did It Again,Kylie Minogue,"218,000"
"9,915",Canto de los Flores,Santana,"218,000"
"9,916",Little Egypt,Elvis Presley,"218,000"
"9,917",Wretches And Kings,Linkin Park,"218,000"
"9,918",King Of The Whole Wide World,Elvis Presley,"218,000"
"9,919",Pretty Isn't Pretty,Olivia Rodrigo,"218,000"
"9,920",Last Dance,Dua Lipa,"217,000"
"9,921",Amber,Mannheim Steamroller,"217,000"
"9,922",La Flaca,Santana,"217,000"
"9,923",I'm No Angel,Dido,"217,000"
"9,924",Party All the Time,Black Eyed Peas,"217,000"
"9,925",Spank Thru,Nirvana,"217,000"
"9,926",Whole Lot of Leavin',Bon Jovi,"217,000"
"9,927",Irresistible,Demi Lovato,"217,000"
"9,928",Every Girl,Drake,"217,000"
"9,929",Only You Freestyle,Drake & Headie One,"217,000"
"9,930",Freak,Doja Cat,"217,000"
"9,931",Consideration,SZA,"217,000"
"9,932",Sparkle,Aretha Franklin,"217,000"
"9,933",I'm Beggin' You,Supertramp,"217,000"
"9,934",Stardust,Michael Bublé,"217,000"
"9,935",Flex,Juice Wrld,"217,000"
"9,936",Something He Can Feel,Aretha Franklin,"217,000"
"9,937",Prisoner,Mariah Carey,"217,000"
"9,938",My Mom,Eminem,"217,000"
"9,939",Falling Off the Edge of the World,Black Sabbath,"217,000"
"9,940",I'm in Love with My Car,Queen,"217,000"
"9,941",Walking On Air,Katy Perry,"217,000"
"9,942",Especially in Michigan,Red Hot Chili Peppers,"217,000"
"9,943",Best of Me,Michael Bublé,"217,000"
"9,944",Naked,Doja Cat,"217,000"
"9,945",Sweet Home Chicago,Eric Clapton,"217,000"
"9,946",Cornucopia,Black Sabbath,"217,000"
"9,947",Wintertime Love,The Doors,"217,000"
"9,948",My Lover's Gone,Dido,"217,000"
"9,949",Polaroid,Imagine Dragons,"217,000"
"9,950",Mi Reflejo,Christina Aguilera,"217,000"
"9,951",I Won't Leave You Lonely,Shania Twain,"217,000"
"9,952",Moonlight Serenade,Frank Sinatra,"217,000"
"9,953",Selah,Kanye West,"217,000"
"9,954",Never Grow Old,Aretha Franklin,"217,000"
"9,955",I've Been Loving You Too Long,Ike & Tina Turner,"217,000"
"9,956",I Can't See Myself Leaving You,Aretha Franklin,"216,000"
"9,957",Soothe My Soul,Depeche Mode,"216,000"
"9,958",Who Wrote Holden Caulfield?,Green Day,"216,000"
"9,959",Fez - Being Born,U2,"216,000"
"9,960",That's Not Me,The Beach Boys,"216,000"
"9,961",Believe,Eminem,"216,000"
"9,962",Light Up the Sky,Van Halen,"216,000"
"9,963",Graffiti Bridge,Prince,"216,000"
"9,964",Club at the End of the Street,Elton John,"216,000"
"9,965",The Star Spangled Banner,U2,"216,000"
"9,966",Mixed Personalities,Kanye West,"216,000"
"9,967",This Cocaine Makes Me Feel Like I'm on This Song,System of a Down,"216,000"
"9,968",Present Tense,Radiohead,"216,000"
"9,969",Hand of Doom,Black Sabbath,"216,000"
"9,970",Dear Friend,Wings,"216,000"
"9,971","O Come, O Come, Emmanuel",Enya,"216,000"
"9,972",Country Comfort,Elton John,"216,000"
"9,973",Zion Train,Bob Marley,"216,000"
"9,974",Shackled and Drawn,Bruce Springsteen,"216,000"
"9,975",Merry Go Round,Fleetwood Mac,"216,000"
"9,976",Try Me,Jennifer Lopez,"216,000"
"9,977",I Believe In You,Kylie Minogue,"216,000"
"9,978",Christmas Eve,Justin Bieber,"216,000"
"9,979",Hot Fudge,Robbie Williams,"215,000"
"9,980",Space Cowboy (Yippie-Yi-Yay),NSYNC,"215,000"
"9,984",Walkin' Blues,Eric Clapton,"215,000"
"9,985",Yikes,Nicki Minaj,"215,000"
"9,986",Little Girl,Journey,"215,000"
"9,987",Incident on 57th Street,Bruce Springsteen,"215,000"
"9,988",Good Morning,Norah Jones,"215,000"
"9,989",The Ends,Travis Scott ft. André 3000,"215,000"
"9,990",D.O.A. (Death of Auto-Tune),Jay-Z,"215,000"
"9,991",Still in Love,Supertramp,"215,000"
"9,992",My World,Metallica,"215,000"
"9,993",Silent Night,Garth Brooks,"215,000"
"9,994",Deliver Your Children,Wings,"215,000"
"9,995",The Morning Papers,Prince,"215,000"
"9,996",You Can't Put Your Arms Around a Memory,Guns N' Roses,"215,000"
"9,997",Nobody Wins,Elton John,"215,000"
"9,998",Louder than Words,Pink Floyd,"215,000"
"9,999",Fishin' In The Dark,Garth Brooks,"215,000"
"10,000",Ignorant Shit,Jay-Z,"215,000"
"10,002",Game,Ayumi Hamasaki,"215,000"